id,product,shop,shopTitle,storage,color,esim,price,seen,url
acer-anv15-52-92dd,Acer ANV15-52-92DD,redstore,Acer ANV15-52-92DD,512,,,619000,2026-09-17,https://redstore.am/en/product/acer-anv15-52-92dd
acer-anv15-52-99cv,Acer ANV15-52-99CV,redstore,Acer ANV15-52-99CV,512,,,659000,2026-09-17,https://redstore.am/en/product/acer-anv15-52-99cv
acer-aspire-14-ai-a14-52mt-59dp,Acer Aspire 14 AI A14-52MT-59DP,redstore,Acer Aspire 14 AI A14-52MT-59DP,1024,,,359000,2026-09-17,https://redstore.am/en/product/acer-aspire-14-ai-a14-52mt-59dp
acer-aspire-14-ai-a14-52mt-701k,Acer Aspire 14 AI A14-52MT-701K,redstore,Acer Aspire 14 AI A14-52MT-701K,1024,,,499000,2026-09-17,https://redstore.am/en/product/acer-aspire-14-ai-a14-52mt-701k
acer-aspire-15,Acer Aspire AL15-72P,redstore,Acer Aspire AL15-72P-58X5,512,Steel Gray,,259000,2026-09-17,https://redstore.am/en/product/acer-aspire-al15-72p-58x5
acer-aspire-15,Acer Aspire AL15-72P,vlv,ACER ASPIRE AL15-72P-57CM i5-13420H 16/512 15.6" NX.D5HEM.002,512,Steel Gray,,289900,2026-09-17,https://vlv.am/en/Product/44252
acer-aspire-3-a325-45,Acer Aspire 3 A325-45,redstore,Acer Aspire 3 A325-45,512,,,229000,2026-09-17,https://redstore.am/en/product/acer-aspire-3-a325-45
acer-aspire-go-15-ag15-32p-39r2,Acer Aspire GO 15 AG15-32P-39R2,redstore,Acer Aspire GO 15 AG15-32P-39R2,128,,,179000,2026-09-17,https://redstore.am/en/product/acer-aspire-go-15-ag15-32p-39r2
acer-aspire-go-15-ag15-51p-510u,Acer Aspire GO 15 AG15-51P-510U,redstore,Acer Aspire GO 15 AG15-51P-510U,256,,,249000,2026-09-17,https://redstore.am/en/product/acer-aspire-go-15-ag15-51p-510u
acer-aspire-go-16-ag16-71p-97w3,Acer Aspire Go 16 AG16-71P-97W3,redstore,Acer Aspire Go 16 AG16-71P-97W3,512,,,399000,2026-09-17,https://redstore.am/en/product/acer-aspire-go-16-ag16-71p-97w3
acer-aspire-lite-al15-31p-c2z1,Acer Aspire Lite AL15-31P-C2Z1,redstore,Acer Aspire Lite AL15-31P-C2Z1,128,,,149000,2026-09-17,https://redstore.am/en/product/acer-aspire-lite-al15-31p-c2z1
acer-aspire-lite-al16-54p-37j9,Acer Aspire Lite AL16-54P-37J9,redstore,Acer Aspire Lite AL16-54P-37J9,256,,,219000,2026-09-17,https://redstore.am/en/product/acer-aspire-lite-al16-54p-37j9
acer-aspire-lite-al16-54p-50tq,Acer Aspire Lite AL16-54P-50TQ,redstore,Acer Aspire Lite AL16-54P-50TQ,512,,,269000,2026-09-17,https://redstore.am/en/product/acer-aspire-lite-al16-54p-50tq
acer-aspire-vero-16-av16-51p-58ku,Acer Aspire Vero 16 AV16-51P-58KU,redstore,Acer Aspire Vero 16 AV16-51P-58KU,512,,,269000,2026-09-17,https://redstore.am/en/product/acer-aspire-vero-16-av16-51p-58ku
acer-nitro-anv15-51-76er,Acer Nitro ANV15-51-76ER,redstore,Acer Nitro ANV15-51-76ER,512,,,459000,2026-09-17,https://redstore.am/en/product/acer-nitro-anv15-51-76er
acer-nitro-anv16-71-58u4,Acer Nitro ANV16-71-58U4,,,,,,,,
acer-nitro-anv16-71-760q,Acer Nitro ANV16-71-760Q,redstore,Acer Nitro ANV16-71-760Q,512,,,489000,2026-09-17,https://redstore.am/en/product/acer-nitro-anv16-71-760q
acer-nitro-v15-anv15-52-57bb,Acer Nitro V15 ANV15-52-57BB,redstore,Acer Nitro V15 ANV15-52-57BB,512,,,459000,2026-09-17,https://redstore.am/en/product/acer-nitro-v15-anv15-52-57bb
acer-nitro-v15-anv15-52-90gc,Acer Nitro V15 ANV15-52-90GC,redstore,Acer Nitro V15 ANV15-52-90GC,1024,,,659000,2026-09-17,https://redstore.am/en/product/acer-nitro-v15-anv15-52-90gc
acer-nitro-v15-anv15-52-9161,Acer Nitro V15 ANV15-52-9161,redstore,Acer Nitro V15 ANV15-52-9161,1024,,,669000,2026-09-17,https://redstore.am/en/product/acer-nitro-v15-anv15-52-9161
acer-predator-helios-neo-16s-71-91aw,Acer Predator Helios Neo 16S-71-91AW,redstore,Acer Predator Helios Neo 16S-71-91AW,1024,,,749000,2026-09-17,https://redstore.am/en/product/acer-predator-helios-neo-16s-71-91aw
acer-predator-helios-neo-phn14-51-90n4,Acer Predator Helios Neo PHN14-51-90N4,redstore,Acer Predator Helios Neo PHN14-51-90N4,1024,,,799000,2026-09-17,https://redstore.am/en/product/acer-predator-helios-neo-phn14-51-90n4
acer-predator-helios-neo-phn16-73-94zr,Acer Predator Helios Neo PHN16-73-94ZR,redstore,Acer Predator Helios Neo PHN16-73-94ZR,1024,,,899000,2026-09-17,https://redstore.am/en/product/acer-predator-helios-neo-phn16-73-94zr
acer-predator-helios-neo-phn16-73-97bp,Acer Predator Helios Neo PHN16-73-97BP,redstore,Acer Predator Helios Neo PHN16-73-97BP,1024,,,859000,2026-09-17,https://redstore.am/en/product/acer-predator-helios-neo-phn16-73-97bp
acer-swift-go-14-sfg14-71-52tv,Acer Swift Go 14 SFG14-71-52TV,redstore,Acer Swift Go 14 SFG14-71-52TV,512,,,339000,2026-09-17,https://redstore.am/en/product/acer-swift-go-14-sfg14-71-52tv
acer-swift-go-14-sfg14-72t-58sh,Acer Swift GO 14 SFG14-72T-58SH,redstore,Acer Swift GO 14 SFG14-72T-58SH,512,,,319000,2026-09-17,https://redstore.am/en/product/acer-swift-go-14-sfg14-72t-58sh
acer-swift-sfg16-72t-95lg,Acer Swift SFG16-72T-95LG,redstore,Acer Swift SFG16-72T-95LG,1024,,,599000,2026-09-17,https://redstore.am/en/product/acer-swift-sfg16-72t-95lg
amazon-kindle-11,Amazon Kindle (11th gen),ibolit,Amazon Kindle 11th Gen 16GB 2022,16,Black,,84000,2026-09-17,https://ibolit.mobi/product/amazon-kindle-11th-gen-16gb-2022/
amazon-kindle-paperwhite-12,Amazon Kindle Paperwhite (12th gen),ibolit,Amazon Kindle Paperwhite 12(16GB),16,,,118000,2026-09-17,https://ibolit.mobi/product/amazon-kindle-paperwhite-1216gb/
amazon-kindle-paperwhite-12,Amazon Kindle Paperwhite (12th gen),yerevanmobile,Samsung Galaxy Tab A11 5G 128GB,128,Gray,,,,https://www.yerevanmobile.am/en/electronics/tablets.html
amazon-kindle-paperwhite-12,Amazon Kindle Paperwhite (12th gen),yerevanmobile,Amazon Kindle Paperwhite 12 Gen/16GB,16,,,89000,,
amazon-kindle-paperwhite-12,Amazon Kindle Paperwhite (12th gen),yerevanmobile,Amazon Kindle Paperwhite 12 Gen/32GB,32,,,99000,,
amazon-kindle-paperwhite-kids-11,Amazon Kindle Paperwhite Kids (11th gen),yerevanmobile,Amazon Kindle Kids Paperwhite 11 Gen,,,,75000,,
aoc-22b2hn,AOC 22B2HN,redstore,AOC 22B2HN,,,,59000,2026-09-17,https://redstore.am/en/product/aoc-22b2hn
aoc-24b30h2,AOC 24B30H2,redstore,AOC 24B30H2,,,,59000,2026-09-17,https://redstore.am/en/product/aoc-24b30h2
aoc-24v2q,AOC 24V2Q,redstore,AOC 24V2Q,,,,69000,2026-09-17,https://redstore.am/en/product/aoc-24v2q
apple-airpods-4,Apple AirPods 4,allsell,AirPods 4 Price In Armenia - Buy With Warranty - AllSell,,White,,52500,2026-09-17,https://allsell.am/en/airpods-4
apple-airpods-4,Apple AirPods 4,ibolit,Apple AirPods 4,,White,,52000,2026-09-17,https://ibolit.mobi/product/apple-airpods-4/
apple-airpods-4,Apple AirPods 4,ispace,AirPods 4  Սպիտակ,,White,,59900,2026-09-17,https://ispace.am/product/apple-airpods-gen-4-mxp63zea
apple-airpods-4,Apple AirPods 4,istore,AirPods (Gen 4),,White,,59900,2026-09-17,https://istore.am/product/airpods-gen-4--2131
apple-airpods-4,Apple AirPods 4,notebookcentre,Apple Airpods 4,,,,57000,,
apple-airpods-4,Apple AirPods 4,pixel,AirPods 4,,White,,53900,2026-09-18,https://www.pixel.am/am/product/airpods-4
apple-airpods-4,Apple AirPods 4,planet3d,Apple AirPods 4,,White,,52000,2026-09-17,https://3dplanet.am/en/store/product/apple-airpods-4
apple-airpods-4,Apple AirPods 4,planet3d,Apple AirPods 4,,,,54000,,
apple-airpods-4,Apple AirPods 4,redstore,Apple Airpods 4,,White,,52000,2026-09-17,https://redstore.am/en/product/apple-airpods-4
apple-airpods-4,Apple AirPods 4,ucom,AirPods 4 MXP63ZE/A,,White,,54900,2026-09-17,https://shop.ucom.am/am/airpods-4.html
apple-airpods-4,Apple AirPods 4,ucom,AirPods 4,,,,54900,,https://shop.ucom.am/en/airpods-4.html
apple-airpods-4,Apple AirPods 4,vlv,Apple AirPods 4 (MXP63ZE/A),,White,,56900,2026-09-17,https://vlv.am/en/Product/35185
apple-airpods-4,Apple AirPods 4,yerevanmobile,Apple Airpods 4,,,,54000,,
apple-airpods-4-anc,Apple AirPods 4 with Active Noise Cancellation,allsell,AirPods 4 ANC In Armenia - Buy Now - Fast Delivery - AllSell,,White,,77500,2026-09-17,https://allsell.am/en/airpods-4-anc
apple-airpods-4-anc,Apple AirPods 4 with Active Noise Cancellation,ispace,AirPods 4 with Active Noise Cancellation  Սպիտակ,,White,,85900,2026-09-17,https://ispace.am/product/apple-airpods-gen-4-mxp93zea
apple-airpods-4-anc,Apple AirPods 4 with Active Noise Cancellation,istore,AirPods 4 with Active Noise Cancellation (Gen 4),,White,,85900,2026-09-17,https://istore.am/product/airpods-4-with-active-noise-cancellation-gen-4--2132
apple-airpods-4-anc,Apple AirPods 4 with Active Noise Cancellation,mobilecentre,Apple Airpods 4 with Active Noise Cancellation (MXP93),,White,,79900,2026-09-17,https://mobilecentre.am/product/apple-airpods-4-with-active-noise-cancellation-_mxp93_/30951/
apple-airpods-4-anc,Apple AirPods 4 with Active Noise Cancellation,pixel,AirPods 4 ANC,,White,,77900,2026-09-18,https://www.pixel.am/am/product/airpods-4-anc
apple-airpods-4-anc,Apple AirPods 4 with Active Noise Cancellation,ucom,AirPods 4 with Active Noise Cancellation MXP93ZE/A,,White,,79900,2026-09-17,https://shop.ucom.am/am/airpods-4-with-active-noise-cancellation.html
apple-airpods-4-anc,Apple AirPods 4 with Active Noise Cancellation,ucom,AirPods 4 with Active Noise Cancellation,,,,79900,,https://shop.ucom.am/en/airpods-4-with-active-noise-cancellation.html
apple-airpods-max-2,Apple AirPods Max 2,allsell,Buy AirPods Max In Armenia - Best Price - AllSell,,Starlight,,224500,2026-09-17,https://allsell.am/en/airpods-max-type-c
apple-airpods-max-2,Apple AirPods Max 2,allsell,Airpods Max 2,,Purple,,239500,2026-09-17,https://allsell.am/en/airpods-max-2
apple-airpods-max-2,Apple AirPods Max 2,ibolit,Apple AirPods Max Green,,Green,,190000,2026-09-17,https://ibolit.mobi/product/apple-airpods-max-green/
apple-airpods-max-2,Apple AirPods Max 2,ibolit,Apple AirPods Max  Red,,,,190000,,https://ibolit.mobi/product/apple-airpods-max-red/
apple-airpods-max-2,Apple AirPods Max 2,ibolit,Apple AirPods Max  Silver,,,,190000,,https://ibolit.mobi/product/apple-airpods-max-silver/
apple-airpods-max-2,Apple AirPods Max 2,ibolit,Apple AirPods Max  Sky Blue,,Blue,,190000,,https://ibolit.mobi/product/apple-airpods-max-sky-blue/
apple-airpods-max-2,Apple AirPods Max 2,ibolit,Apple AirPods Max  Type-C   Orange,,Orange,,199000,,https://ibolit.mobi/product/apple-airpods-max-type-c-orange/
apple-airpods-max-2,Apple AirPods Max 2,ibolit,Apple AirPods Max  Type-C   Purple,,Purple,,199000,,https://ibolit.mobi/product/apple-airpods-max-type-c-purple/
apple-airpods-max-2,Apple AirPods Max 2,ibolit,Apple AirPods Max  Type-C   Starlight,,Starlight,,199000,,https://ibolit.mobi/product/apple-airpods-max-type-c-starlight/
apple-airpods-max-2,Apple AirPods Max 2,ispace,AirPods Max 2  Կեսգիշեր,,Midnight,,318900,2026-09-17,https://ispace.am/product/airpods-max-2-midnight-mhwk4ze-a
apple-airpods-max-2,Apple AirPods Max 2,ispace,AirPods Max 2  Կապույտ,,Blue,,318900,2026-09-17,https://ispace.am/product/airpods-max-2-blue-mhwm4ze-a
apple-airpods-max-2,Apple AirPods Max 2,ispace,AirPods Max 2  Մանուշակագույն,,Purple,,318900,2026-09-17,https://ispace.am/product/airpods-max-2-purple-mhwp4ze-a
apple-airpods-max-2,Apple AirPods Max 2,ispace,AirPods Max 2  Starlight,,Starlight,,318900,2026-09-17,https://ispace.am/product/airpods-max-2-starlight-mhwl4ze-a
apple-airpods-max-2,Apple AirPods Max 2,istore,AirPods Max  (MGYH3),,,,295900,2026-09-17,https://istore.am/product/airpods-max-mgyh3--1193
apple-airpods-max-2,Apple AirPods Max 2,istore,AirPods Max Midnight (A3184),,Midnight,,295900,2026-09-17,https://istore.am/product/-airpods-max-midnight-a3184--2121
apple-airpods-max-2,Apple AirPods Max 2,istore,AirPods Max Starlight (A3184),,Starlight,,295900,2026-09-17,https://istore.am/product/airpods-max-starlight-a3184--2124
apple-airpods-max-2,Apple AirPods Max 2,istore,AirPods Max Blue (A3184),,Blue,,295900,2026-09-17,https://istore.am/product/airpods-max-blue-a3184--2126
apple-airpods-max-2,Apple AirPods Max 2,notebookcentre,Airpods Max (Type-C),,,,199000,,
apple-airpods-max-2,Apple AirPods Max 2,notebookcentre,Apple AirPods Max (Type-C) Midnight,,Midnight,,239000,,
apple-airpods-max-2,Apple AirPods Max 2,pixel,AirPods Max Type-C,,,,179000,2026-09-18,https://www.pixel.am/am/product/airpods-max-usb-c
apple-airpods-max-2,Apple AirPods Max 2,planet3d,Apple AirPods Max (Lightning),,Blue,,189000,2026-09-17,https://3dplanet.am/en/store/product/apple-airpods-max-lightning
apple-airpods-max-2,Apple AirPods Max 2,planet3d,Apple AirPods Max (Type-C),,Purple,,219000,2026-09-17,https://3dplanet.am/en/store/product/apple-airpods-max-type-c
apple-airpods-max-2,Apple AirPods Max 2,redstore,Apple AirPods Max Pink,,Pink,,190000,2026-09-17,https://redstore.am/en/product/apple-airpods-max-pink-1
apple-airpods-max-2,Apple AirPods Max 2,redstore,Apple AirPods Max 2024 Purple,,Purple,,219000,2026-09-17,https://redstore.am/en/product/apple-airpods-max-2024-purple
apple-airpods-max-2,Apple AirPods Max 2,redstore,Apple AirPods Max 2024 Midnight,,Midnight,,219000,2026-09-17,https://redstore.am/en/product/apple-airpods-max-2024-midnight-1
apple-airpods-max-2,Apple AirPods Max 2,redstore,Apple AirPods Max 2 Starlight,,Starlight,,239000,2026-09-17,https://redstore.am/en/product/apple-airpods-max-2-starlight
apple-airpods-max-2,Apple AirPods Max 2,yerevanmobile,Apple AirPods Max (Type-C),,,,169000,,
apple-airpods-max-2,Apple AirPods Max 2,zigzag,Apple AirPods Max 2 Midnight,,Midnight,,318900,,https://www.zigzag.am/am/apple-airpods-max-2-midnight-mhwk4ze-a.html
apple-airpods-pro-2,Apple AirPods Pro 2,allsell,Airpods pro 2 Type-c,,White,,83500,2026-09-17,https://allsell.am/en/airpods-pro-2-type-c
apple-airpods-pro-2,Apple AirPods Pro 2,ibolit,Apple AirPods Pro 2 USB-C,,White,,83900,2026-09-17,https://ibolit.mobi/product/apple-airpods-pro-2-usb-c/
apple-airpods-pro-2,Apple AirPods Pro 2,ibolit,TWS Bluetooth Headsets Apple AirPods Pro 2nd Generation  USB-C,,,,94000,,https://ibolit.mobi/product/tws-bluetooth-headsets-apple-airpods-pro-2nd-generation-usb-c/
apple-airpods-pro-2,Apple AirPods Pro 2,mobilecentre,Apple Airpods Pro 2 (MTJV3),,White,,89900,2026-09-17,https://mobilecentre.am/product/apple-airpods-pro-2-_mtjv3_/30952/
apple-airpods-pro-2,Apple AirPods Pro 2,notebookcentre,Apple Airpods Pro 2 (Type-C),,,,84000,,
apple-airpods-pro-2,Apple AirPods Pro 2,pixel,AirPods Pro 2 (Type-C),,White,,83900,2026-09-18,https://www.pixel.am/am/product/airpods-pro-2-type-c
apple-airpods-pro-2,Apple AirPods Pro 2,planet3d,Apple AirPods Pro 2,,White,,89000,2026-09-17,https://3dplanet.am/en/store/product/apple-airpods-pro-2
apple-airpods-pro-2,Apple AirPods Pro 2,yerevanmobile,Apple AirPods Pro 2 (Type-C),,,,84000,,
apple-airpods-pro-3,Apple AirPods Pro 3,allsell,AirPods Pro 3 ANC Price In Armenia - Warranty - AllSell,,White,,104500,2026-09-17,https://allsell.am/en/airpods-pro-3-anc
apple-airpods-pro-3,Apple AirPods Pro 3,ibolit,Apple AirPods Pro 3,,White,,105000,2026-09-17,https://ibolit.mobi/product/apple-airpods-pro-3/
apple-airpods-pro-3,Apple AirPods Pro 3,ispace,AirPods Pro 3  Սպիտակ,,White,,119900,2026-09-17,https://ispace.am/product/airpods-pro-3-mfhp4ze-a
apple-airpods-pro-3,Apple AirPods Pro 3,istore,AirPods Pro 3,,White,,119900,2026-09-17,https://istore.am/product/airpods-pro-3-2487
apple-airpods-pro-3,Apple AirPods Pro 3,mobilecentre,AirPods Pro 3 MFHP4,,White,,104900,2026-09-17,https://mobilecentre.am/product/airpods-pro-3-mfhp4/32590/
apple-airpods-pro-3,Apple AirPods Pro 3,notebookcentre,Apple Airpods Pro 3,,,,105000,,
apple-airpods-pro-3,Apple AirPods Pro 3,pixel,AirPods Pro 3 (2025),,White,,99000,2026-09-18,https://www.pixel.am/am/product/airpods-pro-3-2025
apple-airpods-pro-3,Apple AirPods Pro 3,planet3d,Apple AirPods Pro 3,,White,,99000,2026-09-17,https://3dplanet.am/en/store/product/apple-airpods-pro-3
apple-airpods-pro-3,Apple AirPods Pro 3,redstore,Apple AirPods Pro 3,,White,,99000,2026-09-17,https://redstore.am/en/product/apple-airpods-pro-3
apple-airpods-pro-3,Apple AirPods Pro 3,ucom,AirPods Pro 3,,,,109900,,https://shop.ucom.am/en/airpods-3-pro.html
apple-airpods-pro-3,Apple AirPods Pro 3,vlv,Apple AirPods Pro 3 (MFHP4ZE/A),,White,,105000,2026-09-17,https://vlv.am/en/Product/41597
apple-airpods-pro-3,Apple AirPods Pro 3,yerevanmobile,Apple AirPods Pro 3,,,,99000,,
apple-earpods-lightning,Apple EarPods (Lightning),allsell,Apple Earpods Lightning,,,,12500,2026-09-17,https://allsell.am/en/apple-earpods-lightning
apple-earpods-lightning,Apple EarPods (Lightning),eldorado,Apple EarPods Lightning,,,,11000,,https://eldorado.am/en/apple-earpods-mmtn2zm-a-a1748
apple-earpods-lightning,Apple EarPods (Lightning),ibolit,Apple EarPods Lightning Connector,,,,13900,2026-09-17,https://ibolit.mobi/product/apple-earpods-lightning-connector-2/
apple-earpods-lightning,Apple EarPods (Lightning),mobilecentre,Apple EarPods (Lightning Connector) MWTY3,,,,13900,2026-09-17,https://mobilecentre.am/product/apple-earpods-_lightning-connector_-mwty3/31466/
apple-earpods-lightning,Apple EarPods (Lightning),notebookcentre,Apple Earpods Lightning Connector,,,,,,https://notebookcentre.am/en/category/headphones?brand=19&brand=16&brand=24&brand=21&brand=20&brand=57&product_status=in_stock
apple-earpods-lightning,Apple EarPods (Lightning),notebookcentre,Apple EarPods Lightning,,,,10000,,https://notebookcentre.am/ru/brand/Apple
apple-earpods-lightning,Apple EarPods (Lightning),notebookcentre,Apple Earpods Lightning Connector,,,,10000,,
apple-earpods-lightning,Apple EarPods (Lightning),vlv,Apple EarPods (Lightning Connector) (MWTY3ZM/A),,,,13900,2026-09-17,https://vlv.am/en/Product/36329
apple-earpods-usb-c,Apple EarPods (USB-C),allsell,Ականջակալ Apple Earpods USB-C Type-C A3046 MTQY3/MYQY3,,,,12500,2026-09-17,https://allsell.am/en/apple-earpods-usb-c-type-c-a3046-mtqy3-myqy3
apple-earpods-usb-c,Apple EarPods (USB-C),ibolit,Apple EarPods USB-C,,,,13900,2026-09-17,https://ibolit.mobi/product/apple-earpods-usb-c/
apple-earpods-usb-c,Apple EarPods (USB-C),notebookcentre,Apple Earpods USB-C,,,,10000,,
apple-earpods-usb-c,Apple EarPods (USB-C),telecom,Apple EarPods USB-C,,,,12900,,https://www.telecomarmenia.am/eshop/en/accessories/apple-earpods-white/2686/
apple-earpods-usb-c,Apple EarPods (USB-C),ucom,Apple EarPods USB-C,,,,12900,,https://shop.ucom.am/en/earpods-apple-usb-c-mtjy3zm-a-myqy3zm-a.html
apple-earpods-usb-c,Apple EarPods (USB-C),vlv,Apple EarPods (USB-C) (MYQY3ZM/A),,,,13900,2026-09-17,https://vlv.am/en/Product/36330
apple-imac-24-m4,Apple iMac 24 M4,allsell,Apple iMac 24 M4 Silver MWUV3 - Buy In Armenia - AllSell,512,Silver,,959900,2026-09-17,https://allsell.am/en/apple-imac-24-m4-silver-mwuv3-16gb-i-512gb
apple-ipad-a16,Apple iPad 11 (2025) A16,mobilecentre,Apple iPad 11 Wi-Fi 128GB 2025 MD4E4 (Pink),128,Pink,,184900,2026-09-17,https://mobilecentre.am/product/apple-ipad-11-wi-fi-128gb-2025-md4e4-_pink_/31976/
apple-ipad-a16,Apple iPad 11 (2025) A16,mobilecentre,Apple iPad 11 Wi-Fi 128GB 2025 (Yellow),128,Yellow,,184900,2026-09-17,https://mobilecentre.am/product/apple-ipad-11-wi-fi-128gb-2025-_yellow_/31975/
apple-ipad-a16,Apple iPad 11 (2025) A16,mobilecentre,Apple iPad 11 Wi-Fi 128GB 2025 (Blue),128,Blue,,184900,2026-09-17,https://mobilecentre.am/product/apple-ipad-11-wi-fi-128gb-2025-_blue_/31974/
apple-ipad-a16,Apple iPad 11 (2025) A16,mobilecentre,Apple iPad 11 Wi-Fi 128GB 2025 MD3Y4 (Silver),128,Silver,,184900,2026-09-17,https://mobilecentre.am/product/apple-ipad-11-wi-fi-128gb-2025-md3y4-_silver_/31973/
apple-ipad-a16,Apple iPad 11 (2025) A16,notebookcentre,iPad 11 A16 (2025) WiFi Yellow / 128 GB,128,Yellow,,189000,,
apple-ipad-a16,Apple iPad 11 (2025) A16,notebookcentre,iPad 11 A16 (2025) WiFi Blue / 256 GB,256,Blue,,239000,,
apple-ipad-a16,Apple iPad 11 (2025) A16,notebookcentre,iPad 11 A16 (2025) WiFi + Cellular Pink / 128 GB,128,Pink,,239000,,
apple-ipad-a16,Apple iPad 11 (2025) A16,redstore,11 128GB WiFi 2025 Blue,128,Blue,,199000,2026-09-17,https://redstore.am/en/product/ipad-11-128gb-wifi-2025-blue
apple-ipad-a16,Apple iPad 11 (2025) A16,redstore,11 128GB WiFi 2025 Pink,128,Pink,,199000,2026-09-17,https://redstore.am/en/product/ipad-11-128gb-wifi-2025-pink
apple-ipad-a16,Apple iPad 11 (2025) A16,redstore,11 128GB WiFi 2025 Silver,128,Silver,,199000,2026-09-17,https://redstore.am/en/product/ipad-11-128gb-wifi-2025-silver
apple-ipad-a16,Apple iPad 11 (2025) A16,redstore,11 256GB WiFi 2025 Yellow,256,Yellow,,249000,2026-09-17,https://redstore.am/en/product/ipad-11-256gb-wifi-2025-yellow
apple-ipad-a16,Apple iPad 11 (2025) A16,ucom,iPad 11 Wi-Fi A16 (2025) MD4A4QA/A,128,,,231900,2026-09-17,https://shop.ucom.am/am/ipad-11th-with-wi-fi.html
apple-ipad-air-11-m3,Apple iPad Air 11 (2025) M3,istore,iPad Air 11 (M3)  128 GB  Wi-Fi  Starlight,128,Starlight,,319900,2026-09-17,https://istore.am/product/ipad-air-11-m3-128-gb-wi-fi-starlight-2362
apple-ipad-air-11-m3,Apple iPad Air 11 (2025) M3,istore,iPad Air 11 (M3)  512 GB  Wi-Fi  Starlight,512,Starlight,,478900,2026-09-17,https://istore.am/product/ipad-air-11-m3-512-gb-wi-fi-starlight-2364
apple-ipad-air-11-m3,Apple iPad Air 11 (2025) M3,istore,iPad Air 11 (M3)  512 GB  Wi-Fi  Space Grey,512,Grey,,478900,2026-09-17,https://istore.am/product/ipad-air-11-m3-512-gb-wi-fi-space-grey-2366
apple-ipad-air-11-m3,Apple iPad Air 11 (2025) M3,istore,iPad Air 11 (M3)  512 GB  Wi-Fi  Blue,512,Blue,,478900,2026-09-17,https://istore.am/product/ipad-air-11-m3-512-gb-wi-fi-blue-2367
apple-ipad-air-11-m3,Apple iPad Air 11 (2025) M3,istore,iPad Air 11 (M3)  512 GB  Wi-Fi  Purple,512,Purple,,478900,2026-09-17,https://istore.am/product/ipad-air-11-m3-512-gb-wi-fi-purple-2368
apple-ipad-air-11-m3,Apple iPad Air 11 (2025) M3,pixel,iPad Air 11 M3,128,Space Gray,,264000,2026-09-18,https://www.pixel.am/am/product/ipad-air-11-m3
apple-ipad-air-11-m4,Apple iPad Air 11 (2026) M4,ibolit,iPad Air 11 M4 128GB WiFi 2026 Blue,128,Blue,,319000,2026-09-17,https://ibolit.mobi/product/ipad-air-11-m4-128gb-wifi-2026-blue/
apple-ipad-air-11-m4,Apple iPad Air 11 (2026) M4,ibolit,iPad Air 11 M4 128GB WiFi 2026 Space Gray,128,Space Gray,,319000,2026-09-17,https://ibolit.mobi/product/ipad-air-11-m4-128gb-wifi-2026-space-gray/
apple-ipad-air-11-m4,Apple iPad Air 11 (2026) M4,ibolit,iPad Air 11 M4 256GB WiFi 2026 Space Gray,256,Space Gray,,372000,2026-09-17,https://ibolit.mobi/product/ipad-air-11-m4-256gb-wifi-2026-space-gray/
apple-ipad-air-11-m4,Apple iPad Air 11 (2026) M4,ibolit,iPad Air 11 M4 256GB WiFi 2026 Blue,256,Blue,,372000,2026-09-17,https://ibolit.mobi/product/ipad-air-11-m4-256gb-wifi-2026-blue/
apple-ipad-air-11-m4,Apple iPad Air 11 (2026) M4,ibolit,iPad Air 11 M4 256GB WiFi 2026 Starlight,256,Starlight,,372000,2026-09-17,https://ibolit.mobi/product/ipad-air-11-m4-256gb-wifi-2026-starlight/
apple-ipad-air-11-m4,Apple iPad Air 11 (2026) M4,ibolit,iPad Air 11 M4 256GB WiFi 2026 Lavander,256,,,372000,2026-09-17,https://ibolit.mobi/product/ipad-air-11-m4-256gb-wifi-2026-lavander/
apple-ipad-air-11-m4,Apple iPad Air 11 (2026) M4,ispace,iPad Air 11 M4  128 ԳԲ Wi-Fi 2026  Purple,128,Purple,,389900,2026-09-17,https://ispace.am/product/ipad-air-11-m4-128-gb-wi-fi-2026-purple-mh344qa-a
apple-ipad-air-11-m4,Apple iPad Air 11 (2026) M4,ispace,iPad Air 11 M4  128 ԳԲ Wi-Fi 2026  Blue,128,Blue,,389900,2026-09-17,https://ispace.am/product/ipad-air-11-m4-128-gb-wi-fi-2026-blue-mh314qa-a
apple-ipad-air-11-m4,Apple iPad Air 11 (2026) M4,ispace,iPad Air 11 M4  256 ԳԲ Wi-Fi 2026  Մոխրագույն տիեզերք,256,Space Gray,,441900,2026-09-17,https://ispace.am/product/ipad-air-11-m4-256-gb-wi-fi-2026-space-gray-mh354qa-a
apple-ipad-air-11-m4,Apple iPad Air 11 (2026) M4,ispace,iPad Air 11 M4  256 ԳԲ Wi-Fi 2026  Purple,256,Purple,,441900,2026-09-17,https://ispace.am/product/ipad-air-11-m4-256-gb-wi-fi-2026-purple-mh394qa-a
apple-ipad-air-11-m4,Apple iPad Air 11 (2026) M4,ispace,iPad Air 11 M4  256 ԳԲ Wi-Fi 2026  Blue,256,Blue,,441900,2026-09-17,https://ispace.am/product/ipad-air-11-m4-256-gb-wi-fi-2026-blue-mh364qa-a
apple-ipad-air-11-m4,Apple iPad Air 11 (2026) M4,notebookcentre,iPad Air 11 M4 WiFi Blue / 128 GB,128,Blue,,319000,,
apple-ipad-air-11-m4,Apple iPad Air 11 (2026) M4,notebookcentre,iPad Air 11 M4 WiFi + Cellular,256,,,399000,,
apple-ipad-air-11-m4,Apple iPad Air 11 (2026) M4,notebookcentre,iPad Air 11 M4 WiFi Starlight / 256 GB,256,Starlight,,399000,,
apple-ipad-air-11-m4,Apple iPad Air 11 (2026) M4,pixel,iPad Air 11 M4,128,Space Gray,,329000,2026-09-18,https://www.pixel.am/am/product/ipad-air-11-m4
apple-ipad-air-11-m4,Apple iPad Air 11 (2026) M4,redstore,Air 11 128GB WiFi 2026 Space Gray,128,Space Gray,,329000,2026-09-17,https://redstore.am/en/product/ipad-air-11-128gb-wifi-2026-space-gray
apple-ipad-air-11-m4,Apple iPad Air 11 (2026) M4,redstore,Air 11 128GB WiFi 2026 Purple,128,Purple,,329000,2026-09-17,https://redstore.am/en/product/ipad-air-11-128gb-wifi-2026-purple
apple-ipad-air-11-m4,Apple iPad Air 11 (2026) M4,redstore,Air 11 128GB WiFi 2026 Blue,128,Blue,,329000,2026-09-17,https://redstore.am/en/product/ipad-air-11-128gb-wifi-2026-blue
apple-ipad-air-11-m4,Apple iPad Air 11 (2026) M4,redstore,iPad Air 11 256GB WiFi 2026 Space Gray,256,Space Gray,,399000,2026-09-17,https://redstore.am/en/product/ipad-air-11-256gb-wifi-2026-space-gray
apple-ipad-air-11-m4,Apple iPad Air 11 (2026) M4,redstore,iPad Air 11 256GB WiFi 2026 Blue,256,Blue,,399000,2026-09-17,https://redstore.am/en/product/ipad-air-11-256gb-wifi-2026-blue
apple-ipad-air-11-m4,Apple iPad Air 11 (2026) M4,redstore,iPad Air 11 256GB WiFi 2026 Purple,256,Purple,,399000,2026-09-17,https://redstore.am/en/product/ipad-air-11-256gb-wifi-2026-purple
apple-ipad-air-11-m4,Apple iPad Air 11 (2026) M4,yerevanmobile,Apple iPad Air 11/M4/Wifi,128,,,329000,,
apple-ipad-air-13-m4,Apple iPad Air 13 (2026) M4,ibolit,Apple iPad Air 13/M4/ 128 GB Wifi 2026 Purple,128,Purple,,439000,2026-09-17,https://ibolit.mobi/product/apple-ipad-air-13-m4-128-gb-wifi-2026-purple/
apple-ipad-air-13-m4,Apple iPad Air 13 (2026) M4,ibolit,Apple iPad Air 13/M4/128gb Wifi 2026 Starlight,128,Starlight,,439000,2026-09-17,https://ibolit.mobi/product/ipad-air-13-m4-128gb-wifi-2026-starlight/
apple-ipad-air-13-m4,Apple iPad Air 13 (2026) M4,notebookcentre,iPad Air 13 M4 WiFi Space Gray / 128 GB,128,Space Gray,,,,https://notebookcentre.am/en/category/tablets?brand=19&brand=24&brand=40&brand=20&brand=240&sort=low&product_status=in_stock&page=2
apple-ipad-air-13-m4,Apple iPad Air 13 (2026) M4,notebookcentre,Samsung Galaxy Z Fold 8 Lavender,,Lavender,,,,https://notebookcentre.am/en/category/tablets?brand=19&brand=24&brand=40&brand=20&brand=240&sort=low&product_status=in_stock&page=3
apple-ipad-air-13-m4,Apple iPad Air 13 (2026) M4,notebookcentre,iPad Air 13 M4 WiFi Blue / 128 GB,128,Blue,,439000,,
apple-ipad-air-13-m4,Apple iPad Air 13 (2026) M4,notebookcentre,iPad Air 13 M4 WiFi Starlight / 128 GB,128,Starlight,,439000,,
apple-ipad-air-13-m4,Apple iPad Air 13 (2026) M4,notebookcentre,iPad Air 13 M4 WiFi Starlight / 256 GB,256,Starlight,,499000,,
apple-ipad-air-13-m4,Apple iPad Air 13 (2026) M4,pixel,iPad Air 13 M4,128,Space Gray,,439000,2026-09-18,https://www.pixel.am/am/product/ipad-air-13-m4
apple-ipad-air-13-m4,Apple iPad Air 13 (2026) M4,redstore,Air 13 128GB WiFi 2026 Blue,128,Blue,,439000,2026-09-17,https://redstore.am/en/product/ipad-air-13-128gb-wifi-2026-blue
apple-ipad-air-13-m4,Apple iPad Air 13 (2026) M4,redstore,Air 13 128GB WiFi 2026 Purple,128,Purple,,439000,2026-09-17,https://redstore.am/en/product/ipad-air-13-128gb-wifi-2026-purple
apple-ipad-air-13-m4,Apple iPad Air 13 (2026) M4,redstore,Air 13 128GB WiFi 2026 Space Gray,128,Space Gray,,439000,2026-09-17,https://redstore.am/en/product/ipad-air-13-128gb-wifi-2026-space-gray
apple-ipad-air-13-m4,Apple iPad Air 13 (2026) M4,redstore,iPad Air 13 256GB WiFi 2026 Blue,256,Blue,,529000,2026-09-17,https://redstore.am/en/product/ipad-air-13-256gb-wifi-2026-blue
apple-ipad-air-13-m4,Apple iPad Air 13 (2026) M4,yerevanmobile,Apple iPad Air 13/M4/Wifi,128,,,439000,,
apple-ipad-pro-11-m4,Apple iPad Pro 11 (2024) M4,ibolit,iPad Pro 11 M4 256GB Wi-Fi Standard Glass Silver,256,Silver,,456000,2026-09-17,https://ibolit.mobi/product/ipad-pro-11-m4-256gb-wi-fi-standard-glass-silver/
apple-ipad-pro-11-m4,Apple iPad Pro 11 (2024) M4,ibolit,iPad Pro 11 M4   256GB  Wi-Fi  Standard Glass  Space Black,256,Space Black,,456000,2026-09-17,https://ibolit.mobi/product/ipad-pro-11-m4-256gb-wi-fi-standard-glass-space-black/
apple-ipad-pro-11-m4,Apple iPad Pro 11 (2024) M4,ibolit,iPad Pro 11 M4   512GB  Wi-Fi  Standard Glass  Space Black,512,Space Black,,545000,2026-09-17,https://ibolit.mobi/product/ipad-pro-11-m4-512gb-wi-fi-standard-glass-space-black/
apple-ipad-pro-11-m4,Apple iPad Pro 11 (2024) M4,ibolit,iPad Pro 11  M4  256GB Wi-Fi + 4G Standard Glass Silver,256,Silver,,559000,,https://ibolit.mobi/product/ipad-pro-11-m4-256gb-wi-fi-4g-standard-glass-silver/
apple-ipad-pro-11-m4,Apple iPad Pro 11 (2024) M4,pixel,iPad Pro 11 M4,256,Space Black,,419000,2026-09-18,https://www.pixel.am/am/product/ipad-pro-11-m4
apple-ipad-pro-11-m4,Apple iPad Pro 11 (2024) M4,redstore,Pro 11 512GB WiFi 2024 Space Black,512,Space Black,,509000,2026-09-17,https://redstore.am/en/product/ipad-pro-11-512gb-wifi-2024-space-black
apple-ipad-pro-11-m4,Apple iPad Pro 11 (2024) M4,redstore,Pro 11 256GB 5G 2024 Space Black,256,Space Black,,539000,2026-09-17,https://redstore.am/en/product/ipad-pro-11-256gb-5g-2024-space-black
apple-ipad-pro-11-m4,Apple iPad Pro 11 (2024) M4,redstore,Pro 11 256GB 5G 2024 Silver,256,Silver,,539000,2026-09-17,https://redstore.am/en/product/ipad-pro-11-256gb-5g-2024-silver
apple-ipad-pro-11-m4,Apple iPad Pro 11 (2024) M4,redstore,Pro 11 512GB 5G 2024 Silver,512,Silver,,639000,2026-09-17,https://redstore.am/en/product/ipad-pro-11-512gb-5g-2024-silver
apple-ipad-pro-11-m5,Apple iPad Pro 11 (2025) M5,ibolit,Apple iPad Pro 11/M5/ WIFI/256gb Black,256,Black,,479000,2026-09-17,https://ibolit.mobi/product/apple-ipad-pro-11-m5-wifi-256gb-black/
apple-ipad-pro-11-m5,Apple iPad Pro 11 (2025) M5,ibolit,Apple iPad Pro 11/M5/ WIFI/256gb gray,256,Gray,,479000,2026-09-17,https://ibolit.mobi/product/apple-ipad-pro-11-m5-wifi-256gb-gray/
apple-ipad-pro-11-m5,Apple iPad Pro 11 (2025) M5,ibolit,Apple Ipad Pro 11/M5/ 256gb WIFI,256,,,479000,2026-09-17,https://ibolit.mobi/product/apple-ipad-pro-11-m5-256gb-wifi/
apple-ipad-pro-11-m5,Apple iPad Pro 11 (2025) M5,ispace,iPad Pro 11 M5  256 ԳԲ Wi-Fi Ստանդարտ ապակի 2025  Space Black,256,Space Black,,628900,2026-09-17,https://ispace.am/product/ipad-pro-11-m5-256-gb-wi-fi-standard-glass-2025-space-black-mdwk4qa-a
apple-ipad-pro-11-m5,Apple iPad Pro 11 (2025) M5,ispace,iPad Pro 11 M5  256 ԳԲ Wi-Fi Ստանդարտ ապակի 2025  Արծաթագույն,256,Silver,,628900,2026-09-17,https://ispace.am/product/ipad-pro-11-m5-256-gb-wi-fi-standard-glass-2025-silver-mdwl4qa-a
apple-ipad-pro-11-m5,Apple iPad Pro 11 (2025) M5,ispace,iPad Pro 11 M5  512 ԳԲ Wi-Fi Ստանդարտ ապակի 2025  Արծաթագույն,512,Silver,,721900,2026-09-17,https://ispace.am/product/ipad-pro-11-m5-512-gb-wi-fi-standard-glass-2025-silver-mdwn4qa-a
apple-ipad-pro-11-m5,Apple iPad Pro 11 (2025) M5,mobilecentre,Apple iPad Pro 11 Wi-Fi 256GB 2025 MDWK4 (Space Black),256,Space Black,,489900,2026-09-17,https://mobilecentre.am/product/apple-ipad-pro-11-wi-fi-256gb-2025-mdwk4-_space-black_/32925/
apple-ipad-pro-11-m5,Apple iPad Pro 11 (2025) M5,notebookcentre,iPad Pro 11 M5 WiFi Silver / 256 GB,256,Silver,,499000,,
apple-ipad-pro-11-m5,Apple iPad Pro 11 (2025) M5,notebookcentre,iPad Pro 11 M5 WiFi Silver / 512 GB,512,Silver,,555000,,
apple-ipad-pro-11-m5,Apple iPad Pro 11 (2025) M5,pixel,iPad Pro 11 M5,256,,,479000,2026-09-18,https://www.pixel.am/am/product/ipad-pro-11-m5
apple-ipad-pro-11-m5,Apple iPad Pro 11 (2025) M5,redstore,Pro 11 256GB WiFi 2025 Silver,256,Silver,,499000,2026-09-17,https://redstore.am/en/product/ipad-pro-11-256gb-wifi-2025-silver
apple-ipad-pro-11-m5,Apple iPad Pro 11 (2025) M5,redstore,Pro 11 256GB WiFi 2025 Space Black,256,Space Black,,499000,2026-09-17,https://redstore.am/en/product/ipad-pro-11-256gb-wifi-2025-space-black
apple-ipad-pro-11-m5,Apple iPad Pro 11 (2025) M5,redstore,Pro 11 512GB WiFi 2025 Space Black,512,Space Black,,559000,2026-09-17,https://redstore.am/en/product/ipad-pro-11-512gb-wifi-2025-space-black
apple-ipad-pro-11-m5,Apple iPad Pro 11 (2025) M5,redstore,Pro 11 512GB WiFi 2025 Silver,512,Silver,,559000,2026-09-17,https://redstore.am/en/product/ipad-pro-11-512gb-wifi-2025-silver
apple-ipad-pro-11-m5,Apple iPad Pro 11 (2025) M5,yerevanmobile,Apple iPad Pro 11/M5/ WIFI,256,,,479000,,
apple-ipad-pro-13-m5,Apple iPad Pro 13 (2025) M5,ibolit,Apple iPad Pro 13/M5/ WIFI/256gb Silver,256,Silver,,595000,2026-09-17,https://ibolit.mobi/product/apple-ipad-pro-13-m5-wifi-256gb-silver/
apple-ipad-pro-13-m5,Apple iPad Pro 13 (2025) M5,ibolit,Apple Ipad Pro 13/M5/ 256gb WIFI+Cellular/ black,256,Black,,659000,2026-09-17,https://ibolit.mobi/product/apple-ipad-pro-13-m5-256gb-wifi-cellular-black/
apple-ipad-pro-13-m5,Apple iPad Pro 13 (2025) M5,notebookcentre,iPad Pro 13 M5 WiFi Silver / 256 GB,256,Silver,,595000,,
apple-ipad-pro-13-m5,Apple iPad Pro 13 (2025) M5,notebookcentre,Apple iPad Pro 13 (2025) M5 WIFI,256,,,659000,,
apple-ipad-pro-13-m5,Apple iPad Pro 13 (2025) M5,notebookcentre,iPad Pro 13 M5 WiFi Silver / 512 GB,512,Silver,,695000,,https://notebookcentre.am/en/category/tablets?brand=19&brand=24&brand=40&brand=20&brand=240&sort=low&product_status=in_stock&page=4
apple-ipad-pro-13-m5,Apple iPad Pro 13 (2025) M5,pixel,iPad Pro 13 M5,256,Space Black,,629000,2026-09-18,https://www.pixel.am/am/product/ipad-pro-13-m5
apple-ipad-pro-13-m5,Apple iPad Pro 13 (2025) M5,redstore,Pro 13 256GB WiFi 2025 Space Black,256,Space Black,,599000,2026-09-17,https://redstore.am/en/product/ipad-pro-13-256gb-wifi-2025-space-black
apple-ipad-pro-13-m5,Apple iPad Pro 13 (2025) M5,redstore,iPad Pro 13 512GB WiFi 2025 Space Black,512,Space Black,,759000,2026-09-17,https://redstore.am/en/product/ipad-pro-13-512gb-wifi-2025-space-black
apple-ipad-pro-13-m5,Apple iPad Pro 13 (2025) M5,yerevanmobile,Apple iPad Pro 13/M5/ WIFI,256,,,659000,,
apple-iphone-15,Apple iPhone 15,allsell,iPhone 15 Smartphone In Armenia - Buy - Warranty - AllSell,128,Yellow,,278500,2026-09-17,https://allsell.am/en/iphone-15
apple-iphone-15,Apple iPhone 15,ibolit,iPhone 15 128GB Black,128,Black,,279000,2026-09-17,https://ibolit.mobi/product/iphone-15-128gb-black/
apple-iphone-15,Apple iPhone 15,ibolit,iPhone 15 128GB Blue,128,Blue,,279000,2026-09-17,https://ibolit.mobi/product/iphone-15-128gb-blue/
apple-iphone-15,Apple iPhone 15,ibolit,iPhone 15 128GB Green,128,Green,,279000,2026-09-17,https://ibolit.mobi/product/iphone-15-128gb-green/
apple-iphone-15,Apple iPhone 15,ibolit,iPhone 15 128GB Pink,128,Pink,,279000,2026-09-17,https://ibolit.mobi/product/iphone-15-128gb-pink/
apple-iphone-15,Apple iPhone 15,ibolit,iPhone 15 128GB Yellow,128,Yellow,,279000,2026-09-17,https://ibolit.mobi/product/iphone-15-128gb-yellow/
apple-iphone-15,Apple iPhone 15,ibolit,iPhone 15 256GB  Black,256,Black,,365000,,https://ibolit.mobi/product/iphone-15-256gb-black/
apple-iphone-15,Apple iPhone 15,ibolit,iPhone 15 256GB  Blue,256,Blue,,365000,,https://ibolit.mobi/product/iphone-15-256gb-blue/
apple-iphone-15,Apple iPhone 15,ibolit,iPhone 15 256GB  Green,256,Green,,365000,,https://ibolit.mobi/product/iphone-15-256gb-green/
apple-iphone-15,Apple iPhone 15,ibolit,iPhone 15 256GB  Pink,256,Pink,,365000,,https://ibolit.mobi/product/iphone-15-256gb-pink/
apple-iphone-15,Apple iPhone 15,ibolit,iPhone 15 256GB  Yellow,256,Yellow,,365000,,https://ibolit.mobi/product/iphone-15-256gb-yellow/
apple-iphone-15,Apple iPhone 15,ispace,iPhone 15  128 ԳԲ  Pink,128,Pink,,298900,2026-09-17,https://ispace.am/product/iphone-15-128-gb-pink-mtp13hx-a
apple-iphone-15,Apple iPhone 15,ispace,iPhone 15  128 ԳԲ  Black,128,Black,,298900,2026-09-17,https://ispace.am/product/iphone-15-128-gb-black-mtp03hxa
apple-iphone-15,Apple iPhone 15,ispace,iPhone 15  128 ԳԲ  Blue,128,Blue,,298900,2026-09-17,https://ispace.am/product/iphone-15-128-gb-blue-mtp43hxa
apple-iphone-15,Apple iPhone 15,mobilecentre,iPhone 15 128GB (Blue),128,Blue,,268900,2026-09-17,https://mobilecentre.am/product/apple-iphone-15/33146/
apple-iphone-15,Apple iPhone 15,pixel,iPhone 15,128,Black,,268000,2026-09-18,https://www.pixel.am/am/product/iphone-15
apple-iphone-15,Apple iPhone 15,redstore,iPhone 15 128GB Black,128,Black,,315000,2026-09-17,https://redstore.am/en/product/iphone-15-128gb-black
apple-iphone-15,Apple iPhone 15,redstore,iPhone 15 128GB Blue,128,Blue,,315000,2026-09-17,https://redstore.am/en/product/iphone-15-128gb-blue
apple-iphone-15,Apple iPhone 15,vlv,Apple iPhone 15 128GB Black,128,Black,,298900,2026-09-17,https://vlv.am/en/Product/29470
apple-iphone-15,Apple iPhone 15,yerevanmobile,Apple iPhone 15,128,,,295000,,
apple-iphone-16,Apple iPhone 16,allsell,Iphone 16,256,Black,,337500,2026-09-17,https://allsell.am/en/iphone-16
apple-iphone-16,Apple iPhone 16,ibolit,iPhone 16 128GB Black,128,Black,,305000,2026-09-17,https://ibolit.mobi/product/iphone-16-128gb-black/
apple-iphone-16,Apple iPhone 16,ibolit,iPhone 16 128GB Pink,128,Pink,,305000,2026-09-17,https://ibolit.mobi/product/iphone-16-128gb-pink/
apple-iphone-16,Apple iPhone 16,ibolit,iPhone 16 128GB Teal,128,Teal,,305000,2026-09-17,https://ibolit.mobi/product/iphone-16-128gb-teal/
apple-iphone-16,Apple iPhone 16,ibolit,iPhone 16 128GB White,128,White,,305000,2026-09-17,https://ibolit.mobi/product/iphone-16-128gb-white/
apple-iphone-16,Apple iPhone 16,ibolit,iPhone 16 128GB Ultramarine,128,Ultramarine,,305000,2026-09-17,https://ibolit.mobi/product/iphone-16-128gb-ultramarine/
apple-iphone-16,Apple iPhone 16,ibolit,iPhone 16 256GB Black,256,Black,,345000,2026-09-17,https://ibolit.mobi/product/iphone-16-256gb-black/
apple-iphone-16,Apple iPhone 16,ispace,iPhone 16  128 ԳԲ  Pink,128,Pink,,350900,2026-09-17,https://ispace.am/product/iphone-16-128-gb-pink-myea3hx-a
apple-iphone-16,Apple iPhone 16,ispace,iPhone 16  128 ԳԲ  Black,128,Black,,350900,2026-09-17,https://ispace.am/product/iphone-16-128-gb-black-mye73hx-a
apple-iphone-16,Apple iPhone 16,istore,iPhone 16  128 GB  Black,128,Black,,349900,2026-09-17,https://istore.am/product/iphone-16-128-gb-black-2058
apple-iphone-16,Apple iPhone 16,istore,iPhone 16  128 GB  White,128,White,,349900,2026-09-17,https://istore.am/product/iphone-16-128-gb-white-2059
apple-iphone-16,Apple iPhone 16,istore,iPhone 16  128 GB  Pink,128,Pink,,349900,2026-09-17,https://istore.am/product/iphone-16-128-gb-pink-2061
apple-iphone-16,Apple iPhone 16,istore,iPhone 16  128 GB  Ultramarine,128,Ultramarine,,349900,2026-09-17,https://istore.am/product/iphone-16-128-gb-ultramarine-2062
apple-iphone-16,Apple iPhone 16,istore,iPhone 16  128 GB  Teal,128,Teal,,349900,2026-09-17,https://istore.am/product/iphone-16-128-gb-teal-2063
apple-iphone-16,Apple iPhone 16,istore,iPhone 16  256 GB  Black,256,Black,,399900,2026-09-17,https://istore.am/product/iphone-16-256-gb-black-2064
apple-iphone-16,Apple iPhone 16,istore,iPhone 16  256 GB  White,256,White,,399900,2026-09-17,https://istore.am/product/iphone-16-256-gb-white-2065
apple-iphone-16,Apple iPhone 16,istore,iPhone 16  256 ԳԲ  Pink,256,Pink,,399900,2026-09-17,https://istore.am/product/iphone-16-256-%D4%B3%D4%B2-pink-2066
apple-iphone-16,Apple iPhone 16,mobilecentre,iPhone 16 128GB (Teal),128,Teal,,308900,2026-09-17,https://mobilecentre.am/product/apple-iphone-16/30889/
apple-iphone-16,Apple iPhone 16,notebookcentre,iPhone 16,128,,,305000,,
apple-iphone-16,Apple iPhone 16,notebookcentre,iPhone 16 Teal / 256 GB,256,Teal,,345000,,
apple-iphone-16,Apple iPhone 16,pixel,iPhone 16,,Black,,299000,2026-09-18,https://www.pixel.am/am/product/iphone-16
apple-iphone-16,Apple iPhone 16,redstore,iPhone 16 128GB Teal,128,Teal,,385000,2026-09-17,https://redstore.am/en/product/iphone-16-128gb-teal
apple-iphone-16,Apple iPhone 16,redstore,iPhone 16 128GB Pink,128,Pink,,385000,2026-09-17,https://redstore.am/en/product/iphone-16-128gb-pink
apple-iphone-16,Apple iPhone 16,redstore,iPhone 16 128GB Ultramarine,128,Ultramarine,,385000,2026-09-17,https://redstore.am/en/product/iphone-16-128gb-ultramarine
apple-iphone-16,Apple iPhone 16,redstore,iPhone 16 128GB Black,128,Black,,385000,2026-09-17,https://redstore.am/en/product/iphone-16-128gb-black
apple-iphone-16,Apple iPhone 16,redstore,iPhone 16 128GB White,128,White,,385000,2026-09-17,https://redstore.am/en/product/iphone-16-128gb-white
apple-iphone-16,Apple iPhone 16,ucom,iPhone 16,128,,,351900,,https://shop.ucom.am/en/iphone-16.html
apple-iphone-16,Apple iPhone 16,ucom,iPhone 16 (AM),128,,,351900,,https://shop.ucom.am/am/iphone-16.html
apple-iphone-16,Apple iPhone 16,vega,Սմարթ հեռախոս APPLE iPhone 16 128GB (Black) (A3287) (MYE73ZD/A),128,Black,,350900,2026-09-17,https://vega.am/home-appliances/phones-and-gadgets/smart-phones/smart-phone-apple-iphone-16-128gb-black-a3287-mye73zda.html
apple-iphone-16,Apple iPhone 16,vega,Սմարթ հեռախոս APPLE iPhone 16 128GB (Teal) (A3287) (MYED3HX/A),128,Teal,,350900,2026-09-17,https://vega.am/home-appliances/phones-and-gadgets/smart-phones/smart-phone-apple-iphone-16-128gb-teal-a3287-myed3hxa.html
apple-iphone-16,Apple iPhone 16,vlv,Apple iPhone 16 128GB Black,128,Black,,350900,2026-09-17,https://vlv.am/en/Product/34950
apple-iphone-16,Apple iPhone 16,yerevanmobile,Apple iPhone 16,128,,,365000,,
apple-iphone-16-plus,Apple iPhone 16 Plus,ibolit,iPhone 16 Plus 128GB Black,128,Black,,399000,2026-09-17,https://ibolit.mobi/product/iphone-16-plus-128gb-black/
apple-iphone-16-plus,Apple iPhone 16 Plus,ibolit,iPhone 16 Plus 128GB Pink,128,Pink,,399000,2026-09-17,https://ibolit.mobi/product/iphone-16-plus-128gb-pink/
apple-iphone-16-plus,Apple iPhone 16 Plus,ibolit,iPhone 16 Plus 128GB Teal,128,Teal,,399000,2026-09-17,https://ibolit.mobi/product/iphone-16-plus-128gb-teal/
apple-iphone-16-plus,Apple iPhone 16 Plus,ibolit,iPhone 16 Plus 128GB White,128,White,,399000,2026-09-17,https://ibolit.mobi/product/iphone-16-plus-128gb-white/
apple-iphone-16-plus,Apple iPhone 16 Plus,ibolit,iPhone 16 Plus 256GB Black,256,Black,,465000,2026-09-17,https://ibolit.mobi/product/iphone-16-plus-256gb-black/
apple-iphone-16-plus,Apple iPhone 16 Plus,ibolit,iPhone 16 Plus 256GB Pink,256,Pink,,465000,2026-09-17,https://ibolit.mobi/product/iphone-16-plus-256gb-pink/
apple-iphone-16-plus,Apple iPhone 16 Plus,ibolit,iPhone 16 Plus 256GB  Teal,256,Teal,,465000,,https://ibolit.mobi/product/iphone-16-plus-256gb-teal/
apple-iphone-16-plus,Apple iPhone 16 Plus,ibolit,iPhone 16 Plus 256GB  Ultramarine,256,Ultramarine,,465000,,https://ibolit.mobi/product/iphone-16-plus-256gb-ultramarine/
apple-iphone-16-plus,Apple iPhone 16 Plus,ibolit,iPhone 16 Plus 256GB  White,256,White,,465000,,https://ibolit.mobi/product/iphone-16-plus-256gb-white/
apple-iphone-16-plus,Apple iPhone 16 Plus,istore,iPhone 16 Plus  128 GB  Black,128,Black,,409900,2026-09-17,https://istore.am/product/iphone-16-plus-128-gb-black-2084
apple-iphone-16-plus,Apple iPhone 16 Plus,istore,iPhone 16 Plus  128 GB  White,128,White,,409900,2026-09-17,https://istore.am/product/iphone-16-plus-128-gb-white-2085
apple-iphone-16-plus,Apple iPhone 16 Plus,istore,iPhone 16 Plus  128 GB  Pink,128,Pink,,409900,2026-09-17,https://istore.am/product/iphone-16-plus-128-gb-pink-2086
apple-iphone-16-plus,Apple iPhone 16 Plus,istore,iPhone 16 Plus  128 GB  Ultramarine,128,Ultramarine,,409900,2026-09-17,https://istore.am/product/iphone-16-plus-128-gb-ultramarine-2095
apple-iphone-16-plus,Apple iPhone 16 Plus,istore,iPhone 16 Plus  128 GB  Teal,128,Teal,,409900,2026-09-17,https://istore.am/product/iphone-16-plus-128-gb-teal-2098
apple-iphone-16-plus,Apple iPhone 16 Plus,istore,iPhone 16 Plus  256 GB  Black,256,Black,,459900,2026-09-17,https://istore.am/product/iphone-16-plus-256-gb-black-2099
apple-iphone-16-plus,Apple iPhone 16 Plus,istore,iPhone 16 Plus  256 GB  White,256,White,,459900,2026-09-17,https://istore.am/product/iphone-16-plus-256-gb-white-2101
apple-iphone-16-plus,Apple iPhone 16 Plus,istore,iPhone 16 Plus  256 GB  Pink,256,Pink,,459900,2026-09-17,https://istore.am/product/iphone-16-plus-256-gb-pink-2103
apple-iphone-16-plus,Apple iPhone 16 Plus,mobilecentre,iPhone 16 Plus 128GB (Pink),128,Pink,,359900,2026-09-17,https://mobilecentre.am/product/apple-iphone-16-plus/30903/
apple-iphone-16-plus,Apple iPhone 16 Plus,redstore,iPhone 16 Plus 256GB Pink,256,Pink,,429000,,https://redstore.am/en/product/iphone-16-plus-256gb-pink
apple-iphone-16-plus,Apple iPhone 16 Plus,yerevanmobile,Apple iPhone 16 Plus,128,,,389000,,
apple-iphone-16-pro,Apple iPhone 16 Pro,allsell,iPhone 16 Pro In Armenia - Best Sales Conditions - Prices - AllSell,1024,,,663500,2026-09-17,https://allsell.am/en/iphone-16-pro
apple-iphone-16-pro,Apple iPhone 16 Pro,ibolit,iPhone 16 Pro 128GB 2SIM Black Titanium,128,Black Titanium,nano,449000,2026-09-17,https://ibolit.mobi/product/iphone-16-pro-128gb-black-titanium-dual/
apple-iphone-16-pro,Apple iPhone 16 Pro,ibolit,iPhone 16 Pro 128GB 2SIM Natural Titanium,128,Natural Titanium,nano,449000,2026-09-17,https://ibolit.mobi/product/iphone-16-pro-128gb-natural-titanium-dual/
apple-iphone-16-pro,Apple iPhone 16 Pro,ibolit,iPhone 16 Pro 128GB 2SIM White Titanium,128,White Titanium,nano,449000,2026-09-17,https://ibolit.mobi/product/iphone-16-pro-128gb-white-titanium-dual/
apple-iphone-16-pro,Apple iPhone 16 Pro,ibolit,iPhone 16 Pro 256GB 2SIM Black Titanium,256,Black Titanium,nano,489000,2026-09-17,https://ibolit.mobi/product/iphone-16-pro-256gb-2sim-black-titanium/
apple-iphone-16-pro,Apple iPhone 16 Pro,istore,iPhone 16 Pro  128 GB  Black Titanium,128,Black Titanium,,459900,2026-09-17,https://istore.am/product/iphone-16-pro-128-gb-black-titanium-2067
apple-iphone-16-pro,Apple iPhone 16 Pro,istore,iPhone 16 Pro  128 GB  White Titanium,128,White Titanium,,459900,2026-09-17,https://istore.am/product/iphone-16-pro-128-gb-white-titanium-2071
apple-iphone-16-pro,Apple iPhone 16 Pro,istore,iPhone 16 Pro  128 GB  Desert Titanium,128,Desert Titanium,,459900,2026-09-17,https://istore.am/product/iphone-16-pro-128-gb-desert-titanium-2074
apple-iphone-16-pro,Apple iPhone 16 Pro,istore,iPhone 16 Pro  128 GB  Natural Titanium,128,Natural Titanium,,459900,2026-09-17,https://istore.am/product/iphone-16-pro-128-gb-natural-titanium-2075
apple-iphone-16-pro,Apple iPhone 16 Pro,istore,iPhone 16 Pro  256 GB  Black Titanium,256,Black Titanium,,509900,2026-09-17,https://istore.am/product/iphone-16-pro-256-gb-black-titanium-2077
apple-iphone-16-pro,Apple iPhone 16 Pro,istore,iPhone 16 Pro  256 GB  White Titanium,256,White Titanium,,509900,2026-09-17,https://istore.am/product/iphone-16-pro-256-gb-white-titanium-2079
apple-iphone-16-pro,Apple iPhone 16 Pro,istore,iPhone 16 Pro  256 GB  Desert Titanium,256,Desert Titanium,,509900,2026-09-17,https://istore.am/product/iphone-16-pro-256-gb-desert-titanium-2081
apple-iphone-16-pro,Apple iPhone 16 Pro,istore,iPhone 16 Pro  256 GB  Natural Titanium,256,Natural Titanium,,509900,2026-09-17,https://istore.am/product/iphone-16-pro-256-gb-natural-titanium-2083
apple-iphone-16-pro,Apple iPhone 16 Pro,planet3d,Apple iPhone 16 Pro (1 ՍԻմ քարտ + Esim),512,Black Titanium,nano,569000,2026-09-17,https://3dplanet.am/en/store/product/apple-iphone-16-pro
apple-iphone-16-pro,Apple iPhone 16 Pro,redstore,iPhone 16 Pro 128GB Black Titanium Dual,128,Black Titanium,,465000,2026-09-17,https://redstore.am/en/product/iphone-16-pro-128gb-black-titanium-dual
apple-iphone-16-pro,Apple iPhone 16 Pro,redstore,iPhone 16 Pro 128GB Natural Titanium Dual,128,Natural Titanium,,465000,2026-09-17,https://redstore.am/en/product/iphone-16-pro-128gb-natural-titanium-dual
apple-iphone-16-pro,Apple iPhone 16 Pro,redstore,iPhone 16 Pro 128GB White Titanium Dual,128,White Titanium,,465000,2026-09-17,https://redstore.am/en/product/iphone-16-pro-128gb-white-titanium-dual
apple-iphone-16-pro,Apple iPhone 16 Pro,yerevanmobile,Apple iPhone 16 Pro,128,,,445000,,
apple-iphone-16-pro-max,Apple iPhone 16 Pro Max,ibolit,iPhone 16 Pro Max 256GB 1 SIM Desert Titanium,256,Desert Titanium,nano,480000,2026-09-17,https://ibolit.mobi/product/iphone-16-pro-max-256gb-1-sim-desert-titanium/
apple-iphone-16-pro-max,Apple iPhone 16 Pro Max,istore,iPhone 16 Pro Max  256 GB  Black Titanium,256,Black Titanium,,559900,2026-09-17,https://istore.am/product/iphone-16-pro-max-256-gb-black-titanium-2096
apple-iphone-16-pro-max,Apple iPhone 16 Pro Max,istore,iPhone 16 Pro Max  256 GB  White Titanium,256,White Titanium,,559900,2026-09-17,https://istore.am/product/iphone-16-pro-max-256-gb-white-titanium-2097
apple-iphone-16-pro-max,Apple iPhone 16 Pro Max,istore,iPhone 16 Pro Max  256 GB  Desert Titanium,256,Desert Titanium,,559900,2026-09-17,https://istore.am/product/iphone-16-pro-max-256-gb-desert-titanium-2100
apple-iphone-16-pro-max,Apple iPhone 16 Pro Max,istore,iPhone 16 Pro Max  256 GB  Natural Titanium,256,Natural Titanium,,559900,2026-09-17,https://istore.am/product/iphone-16-pro-max-256-gb-natural-titanium-2102
apple-iphone-16-pro-max,Apple iPhone 16 Pro Max,istore,iPhone 16 Pro Max  512 GB  Black Titanium,512,Black Titanium,,649900,2026-09-17,https://istore.am/product/iphone-16-pro-max-512-gb-black-titanium-2104
apple-iphone-16-pro-max,Apple iPhone 16 Pro Max,istore,iPhone 16 Pro Max  512 GB  White Titanium,512,White Titanium,,649900,2026-09-17,https://istore.am/product/iphone-16-pro-max-512-gb-white-titanium-2106
apple-iphone-16-pro-max,Apple iPhone 16 Pro Max,istore,iPhone 16 Pro Max  512 GB  Desert Titanium,512,Desert Titanium,,649900,2026-09-17,https://istore.am/product/iphone-16-pro-max-512-gb-desert-titanium-2107
apple-iphone-16-pro-max,Apple iPhone 16 Pro Max,istore,iPhone 16 Pro Max  1 TB  Black Titanium,1024,Black Titanium,,765900,2026-09-17,https://istore.am/product/iphone-16-pro-max-1-tb-black-titanium-2115
apple-iphone-16-pro-max,Apple iPhone 16 Pro Max,mobilecentre,iPhone 16 Pro Max 256GB (Desert Titanium),256,Desert Titanium,,519900,2026-09-17,https://mobilecentre.am/product/apple-iphone-16-pro-max/30938/
apple-iphone-16-pro-max,Apple iPhone 16 Pro Max,redstore,iPhone 16 Pro Max 512GB Black Titanium,512,Black Titanium,,589000,,https://redstore.am/en/product/iphone-16-pro-max-512gb-black-titanium
apple-iphone-16-pro-max,Apple iPhone 16 Pro Max,redstore,iPhone 16 Pro Max 512GB Black Titanium eSim,512,Black Titanium,esim,589000,,https://redstore.am/en/product/iphone-16-pro-max-512gb-black-titanium-esim
apple-iphone-16-pro-max,Apple iPhone 16 Pro Max,redstore,iPhone 16 Pro Max 1TB Black Titanium,1024,Black Titanium,,759000,2026-09-17,https://redstore.am/en/product/iphone-16-pro-max-1tb-black-titanium
apple-iphone-16-pro-max,Apple iPhone 16 Pro Max,redstore,iPhone 16 Pro Max 1TB White Titanium,1024,White Titanium,,759000,2026-09-17,https://redstore.am/en/product/iphone-16-pro-max-1tb-white-titanium
apple-iphone-17,Apple iPhone 17,allsell,IPhone 17 In Armenia - Buy At The Best Price Here - AllSell,512,Black,,465500,2026-09-17,https://allsell.am/en/iphone-17
apple-iphone-17,Apple iPhone 17,ibolit,iPHONE 17 256 Lavander ESIM,256,,esim,357000,2026-09-17,https://ibolit.mobi/product/iphone-17-256-lavander-esim/
apple-iphone-17,Apple iPhone 17,ibolit,iPHONE 17 256 White esim,256,White,esim,357000,2026-09-17,https://ibolit.mobi/product/iphone-17-2/
apple-iphone-17,Apple iPhone 17,ibolit,iPHONE 17 256 Mist Blue ESIM,256,Mist Blue,esim,357000,2026-09-17,https://ibolit.mobi/product/iphone-17-3/
apple-iphone-17,Apple iPhone 17,ibolit,iPHONE 17 256 Sage ESIM,256,Sage,esim,357000,2026-09-17,https://ibolit.mobi/product/iphone-17-4/
apple-iphone-17,Apple iPhone 17,ibolit,IPHONE 17 256 BLACK eSIM,256,Black,esim,357000,2026-09-17,https://ibolit.mobi/product/iphone-17-5/
apple-iphone-17,Apple iPhone 17,ibolit,iPhone 17 256GB (Lavender) 1 -SIM,256,Lavender,nano,384000,2026-09-17,https://ibolit.mobi/product/iphone-17-256gb-lavender-1-sim/
apple-iphone-17,Apple iPhone 17,ibolit,iPhone 17,512,White,nano,445000,,https://ibolit.mobi/product/iphone-17-512-sim-white/
apple-iphone-17,Apple iPhone 17,ispace,iPhone 17  256 ԳԲ  Sage,256,Sage,,397900,2026-09-17,https://ispace.am/product/iphone-17-256-gb-sage-mg6n4af-a
apple-iphone-17,Apple iPhone 17,ispace,iPhone 17  256 ԳԲ  Black,256,Black,,397900,2026-09-17,https://ispace.am/product/iphone-17-256-gb-black-mg6j4af-a
apple-iphone-17,Apple iPhone 17,ispace,iPhone 17  256 ԳԲ  Mist Blue,256,Mist Blue,,397900,2026-09-17,https://ispace.am/product/iphone-17-256-gb-mist-blue-mg6l4af-a
apple-iphone-17,Apple iPhone 17,ispace,iPhone 17  256 ԳԲ  White,256,White,,397900,2026-09-17,https://ispace.am/product/iphone-17-256-gb-white-mg6k4af-a
apple-iphone-17,Apple iPhone 17,istore,iPhone 17   256GB   Black,256,Black,,397900,2026-09-17,https://istore.am/product/iphone-17-256gb-black-2436
apple-iphone-17,Apple iPhone 17,istore,iPhone 17   256GB   White,256,White,,397900,2026-09-17,https://istore.am/product/iphone-17-256gb-white-2437
apple-iphone-17,Apple iPhone 17,istore,iPhone 17   256GB   Mist Blue,256,Mist Blue,,397900,2026-09-17,https://istore.am/product/iphone-17-256gb-mist-blue-2439
apple-iphone-17,Apple iPhone 17,istore,iPhone 17   256GB   Lavender,256,Lavender,,397900,2026-09-17,https://istore.am/product/iphone-17-256gb-lavender-2440
apple-iphone-17,Apple iPhone 17,istore,iPhone 17   256GB   Sage,256,Sage,,397900,2026-09-17,https://istore.am/product/iphone-17-256gb-sage-2441
apple-iphone-17,Apple iPhone 17,istore,iPhone 17   512GB   Sage,512,Sage,,497900,2026-09-17,https://istore.am/product/iphone-17-512gb-sage-2442
apple-iphone-17,Apple iPhone 17,istore,iPhone 17   512GB   Lavender,512,Lavender,,497900,2026-09-17,https://istore.am/product/iphone-17-512gb-lavender-2448
apple-iphone-17,Apple iPhone 17,istore,iPhone 17   512GB   Black,512,Black,,497900,2026-09-17,https://istore.am/product/iphone-17-512gb-black-2451
apple-iphone-17,Apple iPhone 17,mobilecentre,iPhone 17 256GB Dual eSIM (Sage),256,Sage,esim,364900,2026-09-17,https://mobilecentre.am/product/apple-iphone-17/33325/
apple-iphone-17,Apple iPhone 17,notebookcentre,iPhone 17,256,,,429000,,
apple-iphone-17,Apple iPhone 17,notebookcentre,iPhone 17 White / Nano-SIM / 256 GB,256,White,nano,429000,,
apple-iphone-17,Apple iPhone 17,pixel,iPhone 17,256,Black,,354000,2026-09-18,https://www.pixel.am/am/product/iphone-17
apple-iphone-17,Apple iPhone 17,pixel,iPhone 17 512GB,512,,,465000,,https://www.pixel.am/en/product/iphone-17
apple-iphone-17,Apple iPhone 17,planet3d,Apple iPhone 17 (1 ՍԻմ քարտ + Esim),512,Black,nano,469000,2026-09-17,https://3dplanet.am/en/store/product/apple-iphone-17
apple-iphone-17,Apple iPhone 17,redstore,iPhone 17 256GB Black,256,Black,,378000,,https://redstore.am/en/product/iphone-17-256gb-black
apple-iphone-17,Apple iPhone 17,redstore,iPhone 17 256GB White,256,White,,378000,,https://redstore.am/en/product/iphone-17-256gb-white
apple-iphone-17,Apple iPhone 17,redstore,iPhone 17 256GB Black eSim,256,Black,esim,439000,2026-09-17,https://redstore.am/en/product/iphone-17-256gb-black-esim
apple-iphone-17,Apple iPhone 17,redstore,iPhone 17 256GB Blue eSim,256,Blue,esim,439000,2026-09-17,https://redstore.am/en/product/iphone-17-256gb-blue-esim-1
apple-iphone-17,Apple iPhone 17,redstore,iPhone 17 256GB Lavender eSim,256,Lavender,esim,439000,2026-09-17,https://redstore.am/en/product/iphone-17-256gb-lavender-esim
apple-iphone-17,Apple iPhone 17,redstore,iPhone 17 256GB Sage eSim,256,Sage,esim,439000,2026-09-17,https://redstore.am/en/product/iphone-17-256gb-sage-esim
apple-iphone-17,Apple iPhone 17,redstore,iPhone 17 256GB White eSim,256,White,esim,439000,2026-09-17,https://redstore.am/en/product/iphone-17-256gb-white-esim
apple-iphone-17,Apple iPhone 17,ucom,iPhone 17,256,Sage,,397900,2026-09-17,https://shop.ucom.am/am/iphone-17.html
apple-iphone-17,Apple iPhone 17,ucom,iPhone 17 (SIM),256,Black,nano,399900,,https://shop.ucom.am/en/iphone17.html
apple-iphone-17,Apple iPhone 17,ucom,iPhone 17,256,Black,,499900,,https://shop.ucom.am/en/iphone-17.html
apple-iphone-17,Apple iPhone 17,vega,Սմարթ հեռախոս APPLE iPhone 17 256GB (Sage) (A3520) (MG6N4AF/A),256,Sage,,397900,2026-09-17,https://vega.am/home-appliances/phones-and-gadgets/smart-phones/smart-phone-apple-iphone-17-256gb-sage-a3520-mg6n4afa.html
apple-iphone-17,Apple iPhone 17,vlv,Apple iPhone 17 256GB Sage,256,Sage,,397900,2026-09-17,https://vlv.am/en/Product/41421
apple-iphone-17,Apple iPhone 17,vlv,Apple iPhone 17 256GB Black,256,Black,,397900,2026-09-17,https://vlv.am/en/Product/44014
apple-iphone-17,Apple iPhone 17,vlv,Apple iPhone 17 256GB Lavender,256,Lavender,,397900,2026-09-17,https://vlv.am/en/Product/48610
apple-iphone-17,Apple iPhone 17,vlv,Apple iPhone 17 256GB Mist Blue,256,Mist Blue,,397900,2026-09-17,https://vlv.am/en/Product/48611
apple-iphone-17,Apple iPhone 17,yerevanmobile,Apple iPhone 17,256,,,429000,,
apple-iphone-17-pro,Apple iPhone 17 Pro,allsell,iPhone 17 Pro In Armenia - Buy Cash Or Credit - AllSell,1024,Silver,,685500,2026-09-17,https://allsell.am/en/iphone-17-pro
apple-iphone-17-pro,Apple iPhone 17 Pro,ibolit,iPhone 17 Pro,256,Silver,esim,519000,,https://ibolit.mobi/product/iphone-17-pro-256gb-esim-silver/
apple-iphone-17-pro,Apple iPhone 17 Pro,ibolit,iPHONE 17 PRO 256GB Silver 1SIM,256,Silver,nano,529000,2026-09-17,https://ibolit.mobi/product/iphone-17-pro-256gb-silver-1sim/
apple-iphone-17-pro,Apple iPhone 17 Pro,ibolit,iPhone 17 Pro 512GB Deep Blue ESIM,512,Deep Blue,esim,588000,2026-09-17,https://ibolit.mobi/product/iphone-17-pro-512gb-deep-blue/
apple-iphone-17-pro,Apple iPhone 17 Pro,ibolit,iPhone 17 Pro 512GB Silver ESIM,512,Silver,esim,588000,2026-09-17,https://ibolit.mobi/product/iphone-17-pro-512gb-silver/
apple-iphone-17-pro,Apple iPhone 17 Pro,ibolit,iPHONE 17 PRO 256GB Cosmic Orange 1-SIM,256,Cosmic Orange,nano,599000,2026-09-17,https://ibolit.mobi/product/iphone-17-pro-256gb-cosmic-orange-1-sim/
apple-iphone-17-pro,Apple iPhone 17 Pro,ibolit,iPhone 17 Pro 1TB Cosmic Orange ESIM,1024,Cosmic Orange,esim,689000,2026-09-17,https://ibolit.mobi/product/iphone-17-pro-1tb-cosmic-orange/
apple-iphone-17-pro,Apple iPhone 17 Pro,ibolit,iPhone 17 Pro 1TB Deep Blue ESIM,1024,Deep Blue,esim,689000,2026-09-17,https://ibolit.mobi/product/iphone-17-pro-1tb-deep-blue/
apple-iphone-17-pro,Apple iPhone 17 Pro,ispace,iPhone 17 Pro  256 ԳԲ  Silver,256,Silver,,522900,2026-09-17,https://ispace.am/product/iphone-17-pro-256-gb-silver-mg8g4af-a
apple-iphone-17-pro,Apple iPhone 17 Pro,ispace,iPhone 17 Pro  256 ԳԲ  Deep Blue,256,Deep Blue,,522900,2026-09-17,https://ispace.am/product/iphone-17-pro-256-gb-deep-blue-mg8j4af-a
apple-iphone-17-pro,Apple iPhone 17 Pro,ispace,iPhone 17 Pro  512 ԳԲ  Silver,512,Silver,,619900,2026-09-17,https://ispace.am/product/iphone-17-pro-512-gb-silver-mg8k4af-a
apple-iphone-17-pro,Apple iPhone 17 Pro,ispace,iPhone 17 Pro  512 ԳԲ  Cosmic Orange,512,Cosmic Orange,,619900,2026-09-17,https://ispace.am/product/iphone-17-pro-512-gb-cosmic-orange-mg8m4af-a
apple-iphone-17-pro,Apple iPhone 17 Pro,ispace,iPhone 17 Pro  1 ՏԲ  Cosmic Orange,1024,Cosmic Orange,,717900,2026-09-17,https://ispace.am/product/iphone-17-pro-1-tb-cosmic-orange-mg8q4af-a
apple-iphone-17-pro,Apple iPhone 17 Pro,ispace,iPhone 17 Pro  1 ՏԲ  Silver,1024,Silver,,717900,2026-09-17,https://ispace.am/product/iphone-17-pro-1-tb-silver-mg8p4af-a
apple-iphone-17-pro,Apple iPhone 17 Pro,ispace,iPhone 17 Pro  1 ՏԲ  Deep Blue,1024,Deep Blue,,717900,2026-09-17,https://ispace.am/product/iphone-17-pro-1-tb-deep-blue-mg8r4af-a
apple-iphone-17-pro,Apple iPhone 17 Pro,istore,iPhone 17 Pro   256GB   Silver,256,Silver,,522900,2026-09-17,https://istore.am/product/iphone-17-pro-256gb-silver-2454
apple-iphone-17-pro,Apple iPhone 17 Pro,istore,iPhone 17 Pro   256GB   Cosmic Orange,256,Cosmic Orange,,522900,2026-09-17,https://istore.am/product/iphone-17-pro-256gb-cosmic-orange-2457
apple-iphone-17-pro,Apple iPhone 17 Pro,istore,iPhone 17 Pro   512GB   Silver,512,Silver,,619900,2026-09-17,https://istore.am/product/iphone-17-pro-512gb-silver-2455
apple-iphone-17-pro,Apple iPhone 17 Pro,istore,iPhone 17 Pro   512GB   Cosmic Orange,512,Cosmic Orange,,619900,2026-09-17,https://istore.am/product/iphone-17-pro-512gb-cosmic-orange-2458
apple-iphone-17-pro,Apple iPhone 17 Pro,istore,iPhone 17 Pro   512GB   Deep Blue,512,Deep Blue,,619900,2026-09-17,https://istore.am/product/iphone-17-pro-512gb-deep-blue-2461
apple-iphone-17-pro,Apple iPhone 17 Pro,istore,iPhone 17 Pro   1TB   Silver,1024,Silver,,717900,2026-09-17,https://istore.am/product/iphone-17-pro-1tb-silver-2456
apple-iphone-17-pro,Apple iPhone 17 Pro,istore,iPhone 17 Pro   1TB   Cosmic Orange,1024,Cosmic Orange,,717900,2026-09-17,https://istore.am/product/iphone-17-pro-1tb-cosmic-orange-2459
apple-iphone-17-pro,Apple iPhone 17 Pro,istore,iPhone 17 Pro   1TB   Deep Blue,1024,Deep Blue,,717900,2026-09-17,https://istore.am/product/iphone-17-pro-1tb-deep-blue-2460
apple-iphone-17-pro,Apple iPhone 17 Pro,mobilecentre,iPhone 17 Pro 256GB Dual eSIM (Deep Blue),256,Deep Blue,esim,487900,2026-09-17,https://mobilecentre.am/product/apple-iphone-17-pro/33136/
apple-iphone-17-pro,Apple iPhone 17 Pro,notebookcentre,iPhone 17 Pro Max Silver / Nano-SIM / 512 GB,512,Silver,nano,,,https://notebookcentre.am/en/category/smartphones?brand=19&brand=20&brand=24&brand=40&brand=243&sort=low&product_status=in_stock&page=9
apple-iphone-17-pro,Apple iPhone 17 Pro,notebookcentre,iPhone 17 Pro Max Silver / Nano-SIM / 2 TB,2048,Silver,nano,,,https://notebookcentre.am/en/category/smartphones?brand=19&brand=20&brand=24&brand=40&brand=243&sort=low&product_status=in_stock&page=10
apple-iphone-17-pro,Apple iPhone 17 Pro,notebookcentre,iPhone 17 Pro,256,,,488000,,
apple-iphone-17-pro,Apple iPhone 17 Pro,notebookcentre,iPhone 17 Pro Silver / Nano-SIM / 256 GB,256,Silver,nano,519000,,
apple-iphone-17-pro,Apple iPhone 17 Pro,notebookcentre,iPhone 17 Pro Silver / eSim / 512 GB,512,Silver,esim,588000,,
apple-iphone-17-pro,Apple iPhone 17 Pro,notebookcentre,iPhone 17 Pro Deep Blue / Nano-SIM / 512 GB,512,Deep Blue,nano,618000,,
apple-iphone-17-pro,Apple iPhone 17 Pro,notebookcentre,iPhone 17 Pro Silver / Nano-SIM / 1 TB,1024,Silver,nano,717000,,
apple-iphone-17-pro,Apple iPhone 17 Pro,pixel,iPhone 17 Pro,256,Cosmic Orange,,474000,2026-09-18,https://www.pixel.am/am/product/iphone-17-pro
apple-iphone-17-pro,Apple iPhone 17 Pro,pixel,iPhone 17 Pro,1024,,,521000,,https://www.pixel.am/en/product/iphone-17-pro
apple-iphone-17-pro,Apple iPhone 17 Pro,planet3d,Apple iPhone 17 Pro (1 ՍԻմ քարտ + Esim),1024,Silver,nano,715000,2026-09-17,https://3dplanet.am/en/store/product/apple-iphone-17-pro
apple-iphone-17-pro,Apple iPhone 17 Pro,redstore,iPhone 17 Pro 256GB Cosmic Orange eSim,256,Cosmic Orange,esim,518000,2026-09-17,https://redstore.am/en/product/iphone-17-pro-256gb-cosmic-orange-esim
apple-iphone-17-pro,Apple iPhone 17 Pro,redstore,iPhone 17 Pro 256GB Deep Blue eSim,256,Deep Blue,esim,518000,2026-09-17,https://redstore.am/en/product/iphone-17-pro-256gb-deep-blue-esim
apple-iphone-17-pro,Apple iPhone 17 Pro,redstore,iPhone 17 Pro 256GB Silver eSim,256,Silver,esim,518000,2026-09-17,https://redstore.am/en/product/iphone-17-pro-256gb-silver-esim
apple-iphone-17-pro,Apple iPhone 17 Pro,redstore,iPhone 17 Pro 256GB Silver,256,Silver,,529000,,https://redstore.am/en/product/iphone-17-pro-256gb-silver
apple-iphone-17-pro,Apple iPhone 17 Pro,redstore,iPhone 17 Pro 256GB Deep Blue,256,Deep Blue,,529000,,https://redstore.am/en/product/iphone-17-pro-256gb-deep-blue
apple-iphone-17-pro,Apple iPhone 17 Pro,redstore,iPhone 17 Pro 256GB Cosmic Orange Dual,256,Cosmic Orange,,559000,,https://redstore.am/en/product/iphone-17-pro-256gb-cosmic-orange-dual
apple-iphone-17-pro,Apple iPhone 17 Pro,redstore,iPhone 17 Pro 512GB Silver eSim,512,Silver,esim,575000,,https://redstore.am/en/product/iphone-17-pro-512gb-silver-esim
apple-iphone-17-pro,Apple iPhone 17 Pro,redstore,iPhone 17 Pro 512GB Silver,512,Silver,,618000,,https://redstore.am/en/product/iphone-17-pro-512gb-silver
apple-iphone-17-pro,Apple iPhone 17 Pro,redstore,iPhone 17 Pro 1TB Deep Blue,1024,Deep Blue,,744000,,https://redstore.am/en/product/iphone-17-pro-1tb-deep-blue
apple-iphone-17-pro,Apple iPhone 17 Pro,ucom,iPhone 17 Pro,256,,,550900,,https://shop.ucom.am/en/iphone-17-pro.html
apple-iphone-17-pro,Apple iPhone 17 Pro,ucom,iPhone 17 Pro (Cash),256,,,612900,,https://shop.ucom.am/am/iphone-17-pro.html
apple-iphone-17-pro,Apple iPhone 17 Pro,vega,Սմարթ հեռախոս APPLE iPhone 17 Pro 256GB (Cosmic Orange) (A3523) (MG8H4ZD/A),256,Cosmic Orange,,522900,2026-09-17,https://vega.am/home-appliances/phones-and-gadgets/smart-phones/smart-phone-apple-iphone-17-pro-256gb-cosmic-orange-a3523-mg8h4zda.html
apple-iphone-17-pro,Apple iPhone 17 Pro,vega,Սմարթ հեռախոս APPLE iPhone 17 Pro 256GB (Deep Blue) (A3523) (MG8J4AF/A),256,Deep Blue,,522900,2026-09-17,https://vega.am/home-appliances/phones-and-gadgets/smart-phones/smart-phone-apple-iphone-17-pro-256gb-deep-blue-a3523-mg8j4afa.html
apple-iphone-17-pro,Apple iPhone 17 Pro,vega,Սմարթ հեռախոս APPLE iPhone 17 Pro 256GB (Silver) (A3523) (MG8G4ZD/A),256,Silver,,522900,2026-09-17,https://vega.am/home-appliances/phones-and-gadgets/smart-phones/smart-phone-apple-iphone-17-pro-256gb-silver-a3523-mg8g4zda.html
apple-iphone-17-pro,Apple iPhone 17 Pro,vega,Սմարթ հեռախոս APPLE iPhone 17 Pro 512GB (Cosmic Orange) (A3523) (MG8M4AF/A),512,Cosmic Orange,,619900,2026-09-17,https://vega.am/home-appliances/phones-and-gadgets/smart-phones/smart-phone-apple-iphone-17-pro-512gb-cosmic-orange-a3523-mg8m4afa.html
apple-iphone-17-pro,Apple iPhone 17 Pro,vega,Սմարթ հեռախոս APPLE iPhone 17 Pro 512GB (Deep Blue) (A3523) (MG8N4AF/A),512,Deep Blue,,619900,2026-09-17,https://vega.am/home-appliances/phones-and-gadgets/smart-phones/smart-phone-apple-iphone-17-pro-512gb-deep-blue-a3523-mg8n4afa.html
apple-iphone-17-pro,Apple iPhone 17 Pro,vega,Սմարթ հեռախոս APPLE iPhone 17 Pro 512GB (Silver) (A3523) (MG8K4HX/A),512,Silver,,619900,2026-09-17,https://vega.am/home-appliances/phones-and-gadgets/smart-phones/smart-phone-apple-iphone-17-pro-512gb-silver-a3523-mg8k4hxa.html
apple-iphone-17-pro,Apple iPhone 17 Pro,vega,Սմարթ հեռախոս APPLE iPhone 17 Pro 1TB (Cosmic Orange) (A3523) (MG8Q4AF/A),1024,Cosmic Orange,,717900,2026-09-17,https://vega.am/home-appliances/phones-and-gadgets/smart-phones/smart-phone-apple-iphone-17-pro-1tb-cosmic-orange-a3523-mg8q4afa.html
apple-iphone-17-pro,Apple iPhone 17 Pro,vega,Սմարթ հեռախոս APPLE iPhone 17 Pro 1TB (Deep Blue) (A3523) (MG8R4AF/A),1024,Deep Blue,,717900,2026-09-17,https://vega.am/home-appliances/phones-and-gadgets/smart-phones/smart-phone-apple-iphone-17-pro-1tb-deep-blue-a3523-mg8r4afa.html
apple-iphone-17-pro,Apple iPhone 17 Pro,vega,Սմարթ հեռախոս APPLE iPhone 17 Pro 1TB (Silver) (A3523) (MG8P4AF/A),1024,Silver,,717900,2026-09-17,https://vega.am/home-appliances/phones-and-gadgets/smart-phones/smart-phone-apple-iphone-17-pro-1tb-silver-a3523-mg8p4afa.html
apple-iphone-17-pro,Apple iPhone 17 Pro,vlv,Apple iPhone 17 Pro 256GB Cosmic Orange,256,Cosmic Orange,,522900,2026-09-17,https://vlv.am/en/Product/41417
apple-iphone-17-pro,Apple iPhone 17 Pro,vlv,Apple iPhone 17 Pro 256GB Silver,256,Silver,,522900,2026-09-17,https://vlv.am/en/Product/42600
apple-iphone-17-pro,Apple iPhone 17 Pro,vlv,Apple iPhone 17 Pro 512GB Silver,512,Silver,,619900,2026-09-17,https://vlv.am/en/Product/48315
apple-iphone-17-pro,Apple iPhone 17 Pro,yerevanmobile,Apple iPhone 17 Pro (Nano-Sim),256,,nano,519000,,
apple-iphone-17-pro-max,Apple iPhone 17 Pro Max,allsell,iPhone 17 Pro Max In Armenia At The Best Price - AllSell,2048,,,839500,2026-09-17,https://allsell.am/en/iphone-17-pro-max
apple-iphone-17-pro-max,Apple iPhone 17 Pro Max,ibolit,iPhone 17 Pro Max,256,Deep Blue,esim,549000,,https://ibolit.mobi/product/iphone-17-pro-max-256gb-esim-deep-blue/
apple-iphone-17-pro-max,Apple iPhone 17 Pro Max,ibolit,iPhone 17 Pro Max,256,Cosmic Orange,esim,549000,,https://ibolit.mobi/product/iphone-17-pro-max-256gb-esim-orange/
apple-iphone-17-pro-max,Apple iPhone 17 Pro Max,ibolit,iPhone 17 Pro max 512GB Deep Blue Esim,512,Deep Blue,esim,625000,2026-09-17,https://ibolit.mobi/product/iphone-17-pro-max-512gb-deep-blue/
apple-iphone-17-pro-max,Apple iPhone 17 Pro Max,ibolit,iPhone 17 Pro Max 512GB eSim Silver,512,Silver,esim,625000,2026-09-17,https://ibolit.mobi/product/iphone-17-pro-max-512gb-silver-esim/
apple-iphone-17-pro-max,Apple iPhone 17 Pro Max,ibolit,iPhone 17 Pro Max 512GB sim (Cosmic Orange),512,Cosmic Orange,nano,695000,2026-09-17,https://ibolit.mobi/product/iphone-17-pro-max-512gb-1-sim-cosmic-orange/
apple-iphone-17-pro-max,Apple iPhone 17 Pro Max,ibolit,iPhone 17 Pro Max 1TB eSim Silver,1024,Silver,esim,715000,,https://ibolit.mobi/product/iphone-17-pro-max-1tb-esim-silver/
apple-iphone-17-pro-max,Apple iPhone 17 Pro Max,ibolit,iPhone 17 Pro Max 1TB eSim Cosmic Orange,1024,Cosmic Orange,esim,759000,,https://ibolit.mobi/product/iphone-17-pro-max-1tb-esim-cosmic-orange/
apple-iphone-17-pro-max,Apple iPhone 17 Pro Max,ibolit,iPhone 17 Pro Max 2TB eSim Silver,2048,Silver,esim,849000,2026-09-17,https://ibolit.mobi/product/iphone-17-pro-max-2tb-esimsilver/
apple-iphone-17-pro-max,Apple iPhone 17 Pro Max,ibolit,iPhone 17 Pro Max 2TB ESIM (Deep Blue),2048,Deep Blue,esim,849000,2026-09-17,https://ibolit.mobi/product/iphone-17-pro-max-2tb-esim-deep-blue/
apple-iphone-17-pro-max,Apple iPhone 17 Pro Max,ibolit,iPhone 17 Pro Max 2TB ESIM (Cosmic Orange),2048,Cosmic Orange,esim,949000,2026-09-17,https://ibolit.mobi/product/iphone-17-pro-max-2tb-esim-cosmic-orange/
apple-iphone-17-pro-max,Apple iPhone 17 Pro Max,ibolit,iPhone 17 Pro Max 2TB 1 SIM + eSIM,2048,,nano,959000,,https://ibolit.mobi/product-category/smartphones/
apple-iphone-17-pro-max,Apple iPhone 17 Pro Max,ispace,iPhone 17 Pro Max  256 ԳԲ  Cosmic Orange,256,Cosmic Orange,,569900,2026-09-17,https://ispace.am/product/iphone-17-pro-max-256-gb-cosmic-orange-mfyn4af-a
apple-iphone-17-pro-max,Apple iPhone 17 Pro Max,ispace,iPhone 17 Pro Max  256 ԳԲ  Deep Blue,256,Deep Blue,,569900,2026-09-17,https://ispace.am/product/iphone-17-pro-max-256-gb-deep-blue-mfyp4af-a
apple-iphone-17-pro-max,Apple iPhone 17 Pro Max,ispace,iPhone 17 Pro Max  256 ԳԲ  Silver,256,Silver,,569900,2026-09-17,https://ispace.am/product/iphone-17-pro-max-256-gb-silver-mfym4af-a
apple-iphone-17-pro-max,Apple iPhone 17 Pro Max,ispace,iPhone 17 Pro Max  512 ԳԲ  Silver,512,Silver,,668900,2026-09-17,https://ispace.am/product/iphone-17-pro-max-512-gb-silver-mfyq4af-a
apple-iphone-17-pro-max,Apple iPhone 17 Pro Max,ispace,iPhone 17 Pro Max  512 ԳԲ  Deep Blue,512,Deep Blue,,668900,2026-09-17,https://ispace.am/product/iphone-17-pro-max-512-gb-deep-blue-mfyu4af-a
apple-iphone-17-pro-max,Apple iPhone 17 Pro Max,ispace,iPhone 17 Pro Max  512 ԳԲ  Cosmic Orange,512,Cosmic Orange,,668900,2026-09-17,https://ispace.am/product/iphone-17-pro-max-512-gb-cosmic-orange-mfyt4af-a
apple-iphone-17-pro-max,Apple iPhone 17 Pro Max,ispace,iPhone 17 Pro Max  1 ՏԲ  Cosmic Orange,1024,Cosmic Orange,,765900,2026-09-17,https://ispace.am/product/iphone-17-pro-max-1-tb-cosmic-orange-mfyw4af-a
apple-iphone-17-pro-max,Apple iPhone 17 Pro Max,ispace,iPhone 17 Pro Max  2 ՏԲ  Deep Blue,2048,Deep Blue,,962900,2026-09-17,https://ispace.am/product/iphone-17-pro-max-2-tb-deep-blue-mg014af-a
apple-iphone-17-pro-max,Apple iPhone 17 Pro Max,istore,iPhone 17 Pro Max   256GB   Deep Blue,256,Deep Blue,,569900,2026-09-17,https://istore.am/product/iphone-17-pro-max-256gb-deep-blue-2463
apple-iphone-17-pro-max,Apple iPhone 17 Pro Max,istore,iPhone 17 Pro Max   256GB   Cosmic Orange,256,Cosmic Orange,,569900,2026-09-17,https://istore.am/product/iphone-17-pro-max-256gb-cosmic-orange-2470
apple-iphone-17-pro-max,Apple iPhone 17 Pro Max,istore,iPhone 17 Pro Max   512GB   Deep Blue,512,Deep Blue,,668900,2026-09-17,https://istore.am/product/iphone-17-pro-max-512gb-deep-blue-2464
apple-iphone-17-pro-max,Apple iPhone 17 Pro Max,istore,iPhone 17 Pro Max   512GB   Cosmic Orange,512,Cosmic Orange,,668900,2026-09-17,https://istore.am/product/iphone-17-pro-max-512gb-cosmic-orange-2469
apple-iphone-17-pro-max,Apple iPhone 17 Pro Max,istore,iPhone 17 Pro Max   1TB   Deep Blue,1024,Deep Blue,,765900,2026-09-17,https://istore.am/product/iphone-17-pro-max-1tb-deep-blue-2465
apple-iphone-17-pro-max,Apple iPhone 17 Pro Max,istore,iPhone 17 Pro Max   1TB   Cosmic Orange,1024,Cosmic Orange,,765900,2026-09-17,https://istore.am/product/iphone-17-pro-max-1tb-cosmic-orange-2468
apple-iphone-17-pro-max,Apple iPhone 17 Pro Max,istore,iPhone 17 Pro Max   2TB   Deep Blue,2048,Deep Blue,,962900,2026-09-17,https://istore.am/product/iphone-17-pro-max-2tb-deep-blue-2466
apple-iphone-17-pro-max,Apple iPhone 17 Pro Max,istore,iPhone 17 Pro Max   2TB   Cosmic Orange,2048,Cosmic Orange,,962900,2026-09-17,https://istore.am/product/iphone-17-pro-max-2tb-cosmic-orange-2467
apple-iphone-17-pro-max,Apple iPhone 17 Pro Max,mobilecentre,iPhone 17 Pro Max 256GB Dual eSIM (Cosmic Orange),256,Cosmic Orange,esim,524900,2026-09-17,https://mobilecentre.am/product/apple-iphone-17-pro-max/33163/
apple-iphone-17-pro-max,Apple iPhone 17 Pro Max,notebookcentre,iPhone 17 Pro Max,256,,,525000,,
apple-iphone-17-pro-max,Apple iPhone 17 Pro Max,notebookcentre,iPhone 17 Pro Max Silver / eSIm / 256 GB,256,Silver,esim,525000,,
apple-iphone-17-pro-max,Apple iPhone 17 Pro Max,notebookcentre,iPhone 17 Pro Max Cosmic Orange / Nano-SIM / 256 GB,256,Cosmic Orange,nano,569000,,
apple-iphone-17-pro-max,Apple iPhone 17 Pro Max,notebookcentre,iPhone 17 Pro Max Deep Blue / Nano-SIM / 256 GB,256,Deep Blue,nano,569000,,
apple-iphone-17-pro-max,Apple iPhone 17 Pro Max,notebookcentre,iPhone 17 Pro Max Cosmic Orange / eSim / 512 GB,512,Cosmic Orange,esim,625000,,
apple-iphone-17-pro-max,Apple iPhone 17 Pro Max,notebookcentre,iPhone 17 Pro Max Silver / Nano-SIM / 512 GB,512,Silver,nano,668000,,
apple-iphone-17-pro-max,Apple iPhone 17 Pro Max,notebookcentre,iPhone 17 Pro Max Silver / eSim / 1 TB,1024,Silver,esim,715000,,
apple-iphone-17-pro-max,Apple iPhone 17 Pro Max,notebookcentre,iPhone 17 Pro Max Cosmic Orange / Nano-SIM / 1 TB,1024,Cosmic Orange,nano,765000,,
apple-iphone-17-pro-max,Apple iPhone 17 Pro Max,notebookcentre,iPhone 17 Pro Max Cosmic Orange / Nano-SIM / 2 TB,2048,Cosmic Orange,nano,958000,,
apple-iphone-17-pro-max,Apple iPhone 17 Pro Max,notebookcentre,iPhone 17 Pro Max Silver / Nano-SIM / 2 TB,2048,Silver,nano,959000,,
apple-iphone-17-pro-max,Apple iPhone 17 Pro Max,pixel,iPhone 17 Pro Max,256,Cosmic Orange,,514000,2026-09-18,https://www.pixel.am/am/product/iphone-17-pro-max
apple-iphone-17-pro-max,Apple iPhone 17 Pro Max,pixel,iPhone 17 Pro Max,1024,Cosmic Orange,,949000,,https://www.pixel.am/en/product/iphone-17-pro-max
apple-iphone-17-pro-max,Apple iPhone 17 Pro Max,planet3d,Apple iPhone 17 Pro Max (1 ՍԻմ քարտ + Esim),2048,Silver,nano,958000,2026-09-17,https://3dplanet.am/en/store/product/apple-iphone-17-pro-max
apple-iphone-17-pro-max,Apple iPhone 17 Pro Max,redstore,iPhone 17 Pro Max 256GB Deep Blue eSim,256,Deep Blue,esim,539000,2026-09-17,https://redstore.am/en/product/iphone-17-pro-max-256gb-deep-blue-esim
apple-iphone-17-pro-max,Apple iPhone 17 Pro Max,redstore,iPhone 17 Pro Max 256GB Cosmic Orange eSim,256,Cosmic Orange,esim,539000,2026-09-17,https://redstore.am/en/product/iphone-17-pro-max-256gb-cosmic-orange-esim
apple-iphone-17-pro-max,Apple iPhone 17 Pro Max,redstore,iPhone 17 Pro Max 256GB Silver eSim,256,Silver,esim,539000,2026-09-17,https://redstore.am/en/product/iphone-17-pro-max-256gb-silver-esim
apple-iphone-17-pro-max,Apple iPhone 17 Pro Max,redstore,iPhone 17 Pro Max 256GB Silver,256,Silver,,575000,,https://redstore.am/en/product/iphone-17-pro-max-256gb-silver
apple-iphone-17-pro-max,Apple iPhone 17 Pro Max,redstore,iPhone 17 Pro Max 256GB Deep Blue,256,Deep Blue,,575000,,https://redstore.am/en/product/iphone-17-pro-max-256gb-deep-blue
apple-iphone-17-pro-max,Apple iPhone 17 Pro Max,redstore,iPhone 17 Pro Max 256GB Cosmic Orange,256,Cosmic Orange,,575000,,https://redstore.am/en/product/iphone-17-pro-max-256gb-cosmic-orange
apple-iphone-17-pro-max,Apple iPhone 17 Pro Max,redstore,iPhone 17 Pro Max 512GB Silver eSim,512,Silver,esim,625000,,https://redstore.am/en/product/iphone-17-pro-max-512gb-silver-esim
apple-iphone-17-pro-max,Apple iPhone 17 Pro Max,redstore,iPhone 17 Pro Max 512GB Deep Blue eSim,512,Deep Blue,esim,625000,,https://redstore.am/en/product/iphone-17-pro-max-512gb-deep-blue-esim
apple-iphone-17-pro-max,Apple iPhone 17 Pro Max,redstore,iPhone 17 Pro Max 512GB Silver,512,Silver,,695000,,https://redstore.am/en/product/iphone-17-pro-max-512gb-silver
apple-iphone-17-pro-max,Apple iPhone 17 Pro Max,redstore,iPhone 17 Pro Max 1TB Silver,1024,Silver,,788000,,https://redstore.am/en/product/iphone-17-pro-max-1tb-silver
apple-iphone-17-pro-max,Apple iPhone 17 Pro Max,redstore,iPhone 17 Pro Max 1TB Cosmic Orange,1024,Cosmic Orange,,788000,,https://redstore.am/en/product/iphone-17-pro-max-1tb-cosmic-orange
apple-iphone-17-pro-max,Apple iPhone 17 Pro Max,redstore,iPhone 17 Pro Max 2TB Silver,2048,Silver,,958000,,https://redstore.am/en/product/iphone-17-pro-max-2tb-silver
apple-iphone-17-pro-max,Apple iPhone 17 Pro Max,ucom,iPhone 17 Pro Max,,Deep Blue,,569900,2026-09-17,https://shop.ucom.am/am/iphone-17-pro-max.html
apple-iphone-17-pro-max,Apple iPhone 17 Pro Max,ucom,iPhone 17 Pro Max,256,,,598900,,https://shop.ucom.am/en/iphone-17-pro-max.html
apple-iphone-17-pro-max,Apple iPhone 17 Pro Max,vega,Սմարթ հեռախոս APPLE iPhone 17 Pro Max 256GB (Cosmic Orange) (A3526) (MFYN4AF/A),256,Cosmic Orange,,569900,2026-09-17,https://vega.am/home-appliances/phones-and-gadgets/smart-phones/smart-phone-apple-iphone-17-pro-max-256gb-cosmic-orange-a3526-mfyn4afa.html
apple-iphone-17-pro-max,Apple iPhone 17 Pro Max,vega,Սմարթ հեռախոս APPLE iPhone 17 Pro Max 256GB (Deep Blue) (A3526) (MFYP4AF/A),256,Deep Blue,,569900,2026-09-17,https://vega.am/home-appliances/phones-and-gadgets/smart-phones/smart-phone-apple-iphone-17-pro-max-256gb-deep-blue-a3526-mfyp4afa.html
apple-iphone-17-pro-max,Apple iPhone 17 Pro Max,vega,Սմարթ հեռախոս APPLE iPhone 17 Pro Max 256GB (Silver) (A3526) (MFYM4AF/A),256,Silver,,569900,2026-09-17,https://vega.am/home-appliances/phones-and-gadgets/smart-phones/smart-phone-apple-iphone-17-pro-max-256gb-silver-a3526-mfym4afa.html
apple-iphone-17-pro-max,Apple iPhone 17 Pro Max,vega,Սմարթ հեռախոս APPLE iPhone 17 Pro Max 512GB (Deep Blue) (A3526) (MFYU4AF/A),512,Deep Blue,,668900,2026-09-17,https://vega.am/home-appliances/phones-and-gadgets/smart-phones/smart-phone-apple-iphone-17-pro-max-512gb-deep-blue-a3526-mfyu4afa.html
apple-iphone-17-pro-max,Apple iPhone 17 Pro Max,vega,Սմարթ հեռախոս APPLE iPhone 17 Pro Max 512GB (Silver) (A3526) (MFYQ4AF/A),512,Silver,,668900,2026-09-17,https://vega.am/home-appliances/phones-and-gadgets/smart-phones/smart-phone-apple-iphone-17-pro-max-512gb-silver-a3526-mfyq4afa.html
apple-iphone-17-pro-max,Apple iPhone 17 Pro Max,vlv,Apple iPhone 17 Pro Max 256GB Cosmic Orange,256,Cosmic Orange,,569900,2026-09-17,https://vlv.am/en/Product/41419
apple-iphone-17-pro-max,Apple iPhone 17 Pro Max,vlv,Apple iPhone 17 Pro Max 256GB Deep Blue,256,Deep Blue,,569900,2026-09-17,https://vlv.am/en/Product/41420
apple-iphone-17-pro-max,Apple iPhone 17 Pro Max,vlv,Apple iPhone 17 Pro Max 256GB Silver,256,Silver,,569900,2026-09-17,https://vlv.am/en/Product/42602
apple-iphone-17-pro-max,Apple iPhone 17 Pro Max,yerevanmobile,Apple iPhone 17 Pro Max (Nano-Sim),256,,nano,569000,,
apple-iphone-17e,Apple iPhone 17e,allsell,iPhone 17e Price In Armenia - Buy Now - Warranty - AllSell,256,White,,285500,2026-09-17,https://allsell.am/en/iphone-17e
apple-iphone-17e,Apple iPhone 17e,ibolit,iPhone 17e 256gb Pink e-sim,256,Pink,esim,269000,2026-09-17,https://ibolit.mobi/product/iphone-17e-256gb-pink/
apple-iphone-17e,Apple iPhone 17e,ibolit,iPhone 17e 256gb White e-sim,256,White,esim,269000,2026-09-17,https://ibolit.mobi/product/iphone-17e-256gb-white/
apple-iphone-17e,Apple iPhone 17e,ibolit,iPhone 17e 256gb Black e-sim,256,Black,esim,269000,2026-09-17,https://ibolit.mobi/product/iphone-17e-256gb-black/
apple-iphone-17e,Apple iPhone 17e,ispace,iPhone 17e  512 ԳԲ  Soft Pink,512,Soft Pink,,397900,2026-09-17,https://ispace.am/product/iphone-17e-512-gb-soft-pink-mhu34af-a
apple-iphone-17e,Apple iPhone 17e,istore,iPhone 17e   256GB   White,256,White,,298900,2026-09-17,https://istore.am/product/iphone-17e-256gb-white-2690
apple-iphone-17e,Apple iPhone 17e,istore,iPhone 17e   256GB   Black,256,Black,,298900,2026-09-17,https://istore.am/product/iphone-17e-256gb-black-2693
apple-iphone-17e,Apple iPhone 17e,istore,iPhone 17e  256GB  Soft Pink,256,Soft Pink,,298900,2026-09-17,https://istore.am/product/iphone-17e-256gb-soft-pink-2695
apple-iphone-17e,Apple iPhone 17e,istore,iPhone 17e   512GB   White,512,White,,397900,2026-09-17,https://istore.am/product/iphone-17e-512gb-white-2691
apple-iphone-17e,Apple iPhone 17e,istore,iPhone 17e   512GB   Black,512,Black,,397900,2026-09-17,https://istore.am/product/iphone-17e-512gb-black-2692
apple-iphone-17e,Apple iPhone 17e,istore,iPhone 17e  512GB  Soft Pink,512,Soft Pink,,397900,2026-09-17,https://istore.am/product/iphone-17e-512gb-soft-pink-2694
apple-iphone-17e,Apple iPhone 17e,mobilecentre,Apple iPhone 17e Dual eSIM 256GB (Black),256,Black,esim,269900,2026-09-17,https://mobilecentre.am/product/apple-iphone-17e/33768/
apple-iphone-17e,Apple iPhone 17e,pixel,iPhone 17e,,Black,,279000,2026-09-18,https://www.pixel.am/am/product/iphone-17e
apple-iphone-17e,Apple iPhone 17e,pixel,iPhone 17e,128,,,279000,,https://www.pixel.am/en/product/iphone-17e
apple-iphone-17e,Apple iPhone 17e,planet3d,Apple iPhone 17e (1 ՍԻմ քարտ + Esim),256,Black,nano,295000,2026-09-17,https://3dplanet.am/en/store/product/apple-iphone-17e
apple-iphone-17e,Apple iPhone 17e,ucom,iPhone 17e,,Soft Pink,,298900,2026-09-17,https://shop.ucom.am/am/iphone-17e.html
apple-iphone-17e,Apple iPhone 17e,ucom,iPhone 17e,128,Black,,299900,,https://shop.ucom.am/en/iphone-17e.html
apple-iphone-18-pro,Apple iPhone 18 Pro,ibolit,Apple iPhone 18 Pro 256GB SIM /Glacier,256,Glacier,esim!,799000,2026-09-17,https://ibolit.mobi/product/apple-iphone-18-pro-256gb-sim-glacier/
apple-iphone-18-pro,Apple iPhone 18 Pro,ibolit,Apple iPhone 18 Pro 256GB SIM /Silver,256,Silver,esim!,799000,2026-09-17,https://ibolit.mobi/product/apple-iphone-18-pro-256gb-sim-silver/
apple-iphone-18-pro,Apple iPhone 18 Pro,ibolit,Apple iPhone 18 Pro 256GB SIM /Black,256,Black,esim!,799000,2026-09-17,https://ibolit.mobi/product/apple-iphone-18-pro-256gb-sim-black/
apple-iphone-18-pro,Apple iPhone 18 Pro,ibolit,Apple iPhone 18 Pro 256GB eSIM /Burgundy,256,Burgundy,nano!,879000,2026-09-17,https://ibolit.mobi/product/apple-iphone-18-pro-256gb-esim-burgundy/
apple-iphone-18-pro,Apple iPhone 18 Pro,planet3d,Apple iPhone 18 Pro (1 ՍԻմ քարտ + Esim),2048,Black,nano,1309000,2026-09-17,https://3dplanet.am/en/store/product/apple-iphone-18-pro
apple-iphone-18-pro,Apple iPhone 18 Pro,redstore,iPhone 18 Pro 256GB Silver eSim,256,Silver,esim,799000,2026-09-17,https://redstore.am/en/product/iphone-18-pro-256gb-silver-esim
apple-iphone-18-pro,Apple iPhone 18 Pro,redstore,iPhone 18 Pro 256GB Black eSim,256,Black,esim,799000,2026-09-17,https://redstore.am/en/product/iphone-18-pro-256gb-black-esim
apple-iphone-18-pro,Apple iPhone 18 Pro,redstore,iPhone 18 Pro 256GB Glacier eSim,256,Glacier,esim,799000,2026-09-17,https://redstore.am/en/product/iphone-18-pro-256gb-glacier-esim
apple-iphone-18-pro,Apple iPhone 18 Pro,redstore,iPhone 18 Pro 256GB,256,Burgundy,esim,799000,2026-09-17,https://redstore.am/en/product/iphone-18-pro-256gb-burgundy-esim
apple-iphone-18-pro,Apple iPhone 18 Pro,redstore,iPhone 18 Pro 256GB tray,256,,,879000,,https://redstore.am/en/product/iphone-18-pro-256gb-burgundy
apple-iphone-18-pro,Apple iPhone 18 Pro,redstore,iPhone 18 Pro 512GB,512,,esim,959000,,https://redstore.am/en/product/iphone-18-pro-512gb-burgundy-esim
apple-iphone-18-pro,Apple iPhone 18 Pro,redstore,iPhone 18 Pro 1TB,1024,,esim,1099000,,https://redstore.am/en/product/iphone-18-pro-1tb-burgundy-esim
apple-iphone-18-pro,Apple iPhone 18 Pro,yerevanmobile,Apple iPhone 18 Pro (Nano Sim),256,,nano,829000,,
apple-iphone-18-pro-max,Apple iPhone 18 Pro Max,ibolit,Apple iPhone 18 Pro Max 256GB eSIM Silver,256,Silver,esim,899000,2026-09-17,https://ibolit.mobi/product/apple-iphone-18-pro-max-256gb-esim-silver/
apple-iphone-18-pro-max,Apple iPhone 18 Pro Max,ibolit,Apple iPhone 18 Pro Max 256GB eSIM Black,256,Black,esim,899000,2026-09-17,https://ibolit.mobi/product/apple-iphone-18-pro-max-256gb-esim-black/
apple-iphone-18-pro-max,Apple iPhone 18 Pro Max,ibolit,Apple iPhone 18 Pro Max 256GB eSim Glacier,256,Glacier,esim,899000,2026-09-17,https://ibolit.mobi/product/apple-iphone-18-pro-max-256gb-esim-glacier/
apple-iphone-18-pro-max,Apple iPhone 18 Pro Max,ibolit,Apple iPhone 18 Pro max eSIM/Burgundy,256,Burgundy,esim,899000,2026-09-17,https://ibolit.mobi/product/apple-iphone-18-pro-max-esim-burgundy/
apple-iphone-18-pro-max,Apple iPhone 18 Pro Max,planet3d,Apple iPhone 18 Pro Max (E-Sim),2048,Black,esim,1409000,2026-09-17,https://3dplanet.am/en/store/product/apple-iphone-18-pro-max
apple-iphone-18-pro-max,Apple iPhone 18 Pro Max,redstore,iPhone 18 Pro Max 256GB Silver eSim,256,Silver,esim,899000,2026-09-17,https://redstore.am/en/product/iphone-18-pro-max-256gb-silver-esim
apple-iphone-18-pro-max,Apple iPhone 18 Pro Max,redstore,iPhone 18 Pro Max 256GB,256,Black,esim,899000,2026-09-17,https://redstore.am/en/product/iphone-18-pro-max-256gb-black-esim
apple-iphone-18-pro-max,Apple iPhone 18 Pro Max,redstore,iPhone 18 Pro Max 256GB Glacier eSim,256,Glacier,esim,899000,2026-09-17,https://redstore.am/en/product/iphone-18-pro-max-256gb-glacier-esim
apple-iphone-18-pro-max,Apple iPhone 18 Pro Max,redstore,iPhone 18 Pro Max 256GB Burgundy eSim,256,Burgundy,esim,899000,2026-09-17,https://redstore.am/en/product/iphone-18-pro-max-256gb-burgundy-esim
apple-iphone-18-pro-max,Apple iPhone 18 Pro Max,redstore,iPhone 18 Pro Max 256GB tray,256,,,979000,,https://redstore.am/en/product/iphone-18-pro-max-256gb-black
apple-iphone-18-pro-max,Apple iPhone 18 Pro Max,redstore,iPhone 18 Pro Max 512GB,512,,esim,1059000,,https://redstore.am/en/product/iphone-18-pro-max-512gb-black-esim
apple-iphone-18-pro-max,Apple iPhone 18 Pro Max,redstore,iPhone 18 Pro Max 1TB,1024,,esim,1199000,,https://redstore.am/en/product/iphone-18-pro-max-1tb-black-esim
apple-iphone-18-pro-max,Apple iPhone 18 Pro Max,yerevanmobile,Apple iPhone 17 Pro (eSim),256,,esim,,,https://www.yerevanmobile.am/en/electronics/phones.html
apple-iphone-18-pro-max,Apple iPhone 18 Pro Max,yerevanmobile,Apple iPhone 18 Pro Max (Nano Sim),256,,nano,929000,,
apple-iphone-air,Apple iPhone Air,allsell,iPhone Air Smartphone - Buy In Armenia - Warranty - AllSell,512,Light Gold,,448500,2026-09-17,https://allsell.am/en/iphone-air
apple-iphone-air,Apple iPhone Air,ibolit,iPhone Air 512Gb Space Black ESIM,512,Space Black,esim,499000,2026-09-17,https://ibolit.mobi/product/iphone-air-512gb-space-black/
apple-iphone-air,Apple iPhone Air,ibolit,iPhone Air 512Gb Sky Blue ESIM,512,Sky Blue,esim,499000,2026-09-17,https://ibolit.mobi/product/iphone-air-512gb-sky-blue/
apple-iphone-air,Apple iPhone Air,ibolit,iPhone Air 512GB Light Gold ESIM,512,Light Gold,esim,499000,2026-09-17,https://ibolit.mobi/product/iphone-air-512gb-light-gold/
apple-iphone-air,Apple iPhone Air,ibolit,iPhone Air 1TB Sky Blue,1024,Sky Blue,,692000,2026-09-17,https://ibolit.mobi/product/iphone-air/
apple-iphone-air,Apple iPhone Air,ibolit,iPhone Air 1TB Cloud White,1024,Cloud White,,692000,2026-09-17,https://ibolit.mobi/product/iphone-air-2/
apple-iphone-air,Apple iPhone Air,ibolit,iPHONE AIR 1TB Light Gold,1024,Light Gold,,692000,2026-09-17,https://ibolit.mobi/product/iphone-air-3/
apple-iphone-air,Apple iPhone Air,ispace,iPhone Air  256 ԳԲ  Space Black,256,Space Black,,411900,2026-09-17,https://ispace.am/product/iphone-air-256-gb-space-black-mg2l4af-a
apple-iphone-air,Apple iPhone Air,ispace,iPhone Air  256 ԳԲ  Cloud White,256,Cloud White,,411900,2026-09-17,https://ispace.am/product/iphone-air-256-gb-cloud-white-mg2m4af-a
apple-iphone-air,Apple iPhone Air,ispace,iPhone Air  256 ԳԲ  Sky Blue,256,Sky Blue,,411900,2026-09-17,https://ispace.am/product/iphone-air-256-gb-sky-blue-mg2p4af-a
apple-iphone-air,Apple iPhone Air,istore,iPhone Air   256GB   Space Black,256,Space Black,,411900,2026-09-17,https://istore.am/product/iphone-air-256gb-space-black-2475
apple-iphone-air,Apple iPhone Air,istore,iPhone Air   256GB   Cloud White,256,Cloud White,,411900,2026-09-17,https://istore.am/product/iphone-air-256gb-cloud-white-2480
apple-iphone-air,Apple iPhone Air,istore,iPhone Air   256GB   Light Gold,256,Light Gold,,411900,2026-09-17,https://istore.am/product/iphone-air-256gb-light-gold-2481
apple-iphone-air,Apple iPhone Air,istore,iPhone Air   512GB   Space Black,512,Space Black,,510900,2026-09-17,https://istore.am/product/iphone-air-512gb-space-black-2476
apple-iphone-air,Apple iPhone Air,istore,iPhone Air   512GB   Cloud White,512,Cloud White,,510900,2026-09-17,https://istore.am/product/iphone-air-512gb-cloud-white-2479
apple-iphone-air,Apple iPhone Air,istore,iPhone Air   512GB   Light Gold,512,Light Gold,,510900,2026-09-17,https://istore.am/product/iphone-air-512gb-light-gold-2482
apple-iphone-air,Apple iPhone Air,istore,iPhone Air   1TB   Space Black,1024,Space Black,,607900,2026-09-17,https://istore.am/product/iphone-air-1tb-space-black-2477
apple-iphone-air,Apple iPhone Air,istore,iPhone Air   1TB   Cloud White,1024,Cloud White,,607900,2026-09-17,https://istore.am/product/iphone-air-1tb-cloud-white-2478
apple-iphone-air,Apple iPhone Air,mobilecentre,iPhone Air 256GB Dual eSIM (Light Gold),256,Light Gold,esim,398900,2026-09-17,https://mobilecentre.am/product/apple-iphone-air/33142/
apple-iphone-air,Apple iPhone Air,notebookcentre,iPhone Air Space Black / eSim / 512 GB,512,Space Black,esim,,,https://notebookcentre.am/en/category/smartphones?brand=19&brand=20&brand=24&brand=40&brand=243&sort=low&product_status=in_stock&page=7
apple-iphone-air,Apple iPhone Air,notebookcentre,iPhone Air,256,,,395000,,
apple-iphone-air,Apple iPhone Air,notebookcentre,iPhone Air Space Black / eSim / 256 GB,256,Space Black,esim,395000,,
apple-iphone-air,Apple iPhone Air,notebookcentre,iPhone Air Space Black / eSim / 512 GB,512,Space Black,esim,449000,,
apple-iphone-air,Apple iPhone Air,pixel,iPhone Air,256,Space Black,,384000,2026-09-18,https://www.pixel.am/am/product/iphone-air
apple-iphone-air,Apple iPhone Air,pixel,iPhone Air,256,,,384000,,https://www.pixel.am/en/product/iphone-air
apple-iphone-air,Apple iPhone Air,redstore,iPhone Air 256GB Space Black,256,Space Black,,409000,2026-09-17,https://redstore.am/en/product/iphone-air-256gb-space-black
apple-iphone-air,Apple iPhone Air,redstore,iPhone Air 256GB Sky Blue,256,Sky Blue,,409000,2026-09-17,https://redstore.am/en/product/iphone-air-256gb-sky-blue
apple-iphone-air,Apple iPhone Air,redstore,iPhone Air 256GB Light Gold,256,Light Gold,,409000,2026-09-17,https://redstore.am/en/product/iphone-air-256gb-light-gold
apple-iphone-air,Apple iPhone Air,redstore,iPhone Air 256GB Cloud White,256,Cloud White,,409000,2026-09-17,https://redstore.am/en/product/iphone-air-256gb-cloud-white
apple-iphone-air,Apple iPhone Air,redstore,iPhone Air 512GB Cloud White,512,Cloud White,,469000,2026-09-17,https://redstore.am/en/product/iphone-air-512gb-cloud-white
apple-iphone-air,Apple iPhone Air,redstore,iPhone Air 512GB Sky Blue,512,Sky Blue,,469000,2026-09-17,https://redstore.am/en/product/iphone-air-512gb-sky-blue
apple-iphone-air,Apple iPhone Air,ucom,iPhone Air,256,Sky Blue,,411900,2026-09-17,https://shop.ucom.am/am/iphone-air.html
apple-iphone-air,Apple iPhone Air,ucom,iPhone Air 512GB,512,,,445900,,https://shop.ucom.am/en/iphone-air.html
apple-iphone-air,Apple iPhone Air,vega,Սմարթ հեռախոս APPLE iPhone Air 256GB (Cloud White) (A3517) (MG2M4AF/A),256,Cloud White,,411900,2026-09-17,https://vega.am/home-appliances/phones-and-gadgets/smart-phones/smart-phone-apple-iphone-air-256gb-cloud-white-a3517-mg2m4afa.html
apple-iphone-air,Apple iPhone Air,vega,Սմարթ հեռախոս APPLE iPhone Air 256GB (Sky Blue) (A3517) (MG2P4AF/A),256,Sky Blue,,411900,2026-09-17,https://vega.am/home-appliances/phones-and-gadgets/smart-phones/smart-phone-apple-iphone-air-256gb-sky-blue-a3517-mg2p4afa.html
apple-iphone-air,Apple iPhone Air,vlv,Apple iPhone Air 256GB Sky Blue,256,Sky Blue,,411900,2026-09-17,https://vlv.am/en/Product/41416
apple-iphone-air,Apple iPhone Air,vlv,Apple iPhone Air 256GB Space Black,256,Space Black,,411900,2026-09-17,https://vlv.am/en/Product/41653
apple-iphone-air,Apple iPhone Air,yerevanmobile,Apple iPhone Air,256,,,395000,,
apple-mac-mini-m4,Apple Mac mini M4,ispace,Mac mini M4  10C CPU 10C GPU  24ԳԲ 512ԳԲ Կոշտ կրիչ  Արծաթագույն,512,Silver,,612900,2026-09-17,https://ispace.am/product/mac-mini-apple-m4-24-gb-512-gb-ssd-mcyt4rua
apple-mac-mini-m4,Apple Mac mini M4,redstore,Mac Mini M4 16GB/256GB SSD(MU9D3),256,Silver,,379000,2026-09-17,https://redstore.am/en/product/mac-mini-m4-16gb256gb-ssdmu9d3
apple-mac-mini-m4,Apple Mac mini M4,redstore,Mac Mini M4 24GB/512GB SSD(MCYT4),512,Silver,,699000,2026-09-17,https://redstore.am/en/product/mac-mini-m4-24gb512gb-ssdmcyt4
apple-mac-mini-m4-pro,Apple Mac mini M4 Pro,,,,,,,,
apple-macbook-air-13-m4,Apple MacBook Air 13 M4,pixel,MacBook Air 13 M4,,Silver,,469000,2026-09-18,https://www.pixel.am/am/product/macbook-air-13-m4
apple-macbook-air-13-m5,Apple MacBook Air 13 M5,allsell,Macbook Air 13" M5 16GB I 512,512,Sky Blue,,599500,2026-09-17,https://allsell.am/en/macbook-air-13-m5-16gb-i-512
apple-macbook-air-13-m5,Apple MacBook Air 13 M5,allsell,Macbook Air 13" M5 16GB I 1TB MDHJ4 Sky Blue,1024,Midnight,,665500,2026-09-17,https://allsell.am/en/macbook-air-13-m5-16gb-i-1tb-mdhj4-sky-blue
apple-macbook-air-13-m5,Apple MacBook Air 13 M5,allsell,Macbook Air 13" M5 24GB I 1TB MDHG4,1024,,,785500,2026-09-17,https://allsell.am/en/macbook-air-13-m5-24gb-i-1tb-mdhg4
apple-macbook-air-13-m5,Apple MacBook Air 13 M5,ibolit,Apple Macbook Air 13.6"/M5/16GB/512GB/MDHE4/Midnight,512,Midnight,,509000,2026-09-17,https://ibolit.mobi/product/apple-macbook-air-13-6-m5-16gb-512gb-mdhe4-midnight/
apple-macbook-air-13-m5,Apple MacBook Air 13 M5,ibolit,Apple Macbook Air 13.6"/M5/16GB/512GB/MDHA4,512,,,515000,2026-09-17,https://ibolit.mobi/product/apple-macbook-air-13-6-m5-16gb-512gb-mdha4/
apple-macbook-air-13-m5,Apple MacBook Air 13 M5,ibolit,Apple Macbook Air 13.6"/M5/16GB/1TB/MDHF4/Midnight,1024,Midnight,,689000,2026-09-17,https://ibolit.mobi/product/apple-macbook-air-13-6-m5-16gb-1tb-mdhf4-midnight/
apple-macbook-air-13-m5,Apple MacBook Air 13 M5,ibolit,Apple Macbook Air 13.6"/M5/24GB/1TB/MDHD4/Starlight,1024,Starlight,,739000,2026-09-17,https://ibolit.mobi/product/apple-macbook-air-13-6-m5-24gb-1tb-mdhd4-starlight/
apple-macbook-air-13-m5,Apple MacBook Air 13 M5,ibolit,Apple Macbook Air 13.6"/M5/24GB/1TB/MDHK4/Sky Blue,1024,Sky Blue,,739000,2026-09-17,https://ibolit.mobi/product/apple-macbook-air-13-6-m5-24gb-1tb-mdhk4-sky-blue/
apple-macbook-air-13-m5,Apple MacBook Air 13 M5,ispace,MacBook Air 13.6-inch  M5 (10C CPU/8C GPU)  16 ԳԲ  512 ԳԲ  Sky Blue,512,Sky Blue,,655900,2026-09-17,https://ispace.am/product/macbook-air-136-m5-10c-cpu8c-gpu-16-gb-512-gb-sky-blue-mdhh4ru-a
apple-macbook-air-13-m5,Apple MacBook Air 13 M5,ispace,MacBook Air 13.6-inch  M5 (10C CPU/8C GPU)  16 ԳԲ  512 ԳԲ  Կեսգիշեր,512,Midnight,,655900,2026-09-17,https://ispace.am/product/macbook-air-136-m5-10c-cpu8c-gpu-16-gb-512-gb-midnight-mdhe4ru-a
apple-macbook-air-13-m5,Apple MacBook Air 13 M5,ispace,MacBook Air 13.6-inch  M5 (10C CPU/8C GPU)  16 ԳԲ  512 ԳԲ  Արծաթագույն,512,Silver,,655900,2026-09-17,https://ispace.am/product/macbook-air-136-m5-10c-cpu8c-gpu-16-gb-512-gb-silver-mdh74ru-a
apple-macbook-air-13-m5,Apple MacBook Air 13 M5,ispace,MacBook Air 13.6-inch  M5 (10C CPU/10C GPU)  16 ԳԲ  1 ՏԲ  Starlight,1024,Starlight,,810900,2026-09-17,https://ispace.am/product/macbook-air-136-m5-10c-cpu10c-gpu-16-gb-1-tb-starlight-mdhc4ru-a
apple-macbook-air-13-m5,Apple MacBook Air 13 M5,pixel,MacBook Air 13 M5,512,Midnight,,559000,2026-09-18,https://www.pixel.am/am/product/macbook-air-13-m5
apple-macbook-air-13-m5,Apple MacBook Air 13 M5,redstore,Air 13.6'' M5 MDHE4(Midnight),512,Midnight,,649000,2026-09-17,https://redstore.am/en/product/macbook-air-136-m5-mdhe4midnight
apple-macbook-air-13-m5,Apple MacBook Air 13 M5,redstore,Air 13.6'' M5 MDHA4(Starlight),512,Starlight,,649000,2026-09-17,https://redstore.am/en/product/macbook-air-136-m5-mdha4starlight
apple-macbook-air-13-m5,Apple MacBook Air 13 M5,redstore,Air 13.6'' M5 MDHH4(Sky Blue),512,Sky Blue,,649000,2026-09-17,https://redstore.am/en/product/macbook-air-136-m5-mdhh4sky-blue
apple-macbook-air-13-m5,Apple MacBook Air 13 M5,redstore,Air 13.6'' M5 MDH74(Silver),512,Silver,,649000,2026-09-17,https://redstore.am/en/product/macbook-air-136-m5-mdh74silver
apple-macbook-air-13-m5,Apple MacBook Air 13 M5,yerevanmobile,Apple Macbook Air 13.6"/M5/16GB/512GB/MDHE4/Midnight,512,Midnight,,649000,,
apple-macbook-air-13-m5,Apple MacBook Air 13 M5,yerevanmobile,Apple Macbook Air 13.6"/M5/16GB/1TB/MDHF4/Midnight,1024,Midnight,,689000,,
apple-macbook-air-13-m5,Apple MacBook Air 13 M5,yerevanmobile,Apple Macbook Air 13.6"/M5/24GB/1TB/MDHD4/Starlight,1024,Starlight,,849000,,
apple-macbook-air-15-m4,Apple MacBook Air 15 M4,ibolit,Macbook Air 15.3"/M4/24GB/512GB/MC7D4/Sky blue,512,Sky Blue,,730000,2026-09-17,https://ibolit.mobi/product/macbook-air-15-3-m4-24gb-512gb-mc7d4-sky-blue/
apple-macbook-air-15-m4,Apple MacBook Air 15 M4,pixel,Macbook Air 15 M4,512,,,539000,2026-09-18,https://www.pixel.am/am/product/macbook-air-15-m4
apple-macbook-air-15-m4,Apple MacBook Air 15 M4,redstore,Air 15.3'' M4 MC7C4(Sky Blue),512,Blue,,619000,2026-09-17,https://redstore.am/en/product/macbook-air-153-m4-mc7c4sky-blue
apple-macbook-air-15-m4,Apple MacBook Air 15 M4,redstore,Air 15.3'' M4 MC6K4(Starlight),512,Starlight,,719000,2026-09-17,https://redstore.am/en/product/macbook-air-153-m4-mc6k4starlight
apple-macbook-air-15-m4,Apple MacBook Air 15 M4,yerevanmobile,Apple Macbook Air 15.3"/M4 /16GB RAM/256GB SSD/MC7A4/Sky Blue,256,,,539000,,
apple-macbook-air-15-m5,Apple MacBook Air 15 M5,allsell,Macbook Air 15" M5 16GB I 512TB MDVH4 Midnight,512,Midnight,,667500,2026-09-17,https://allsell.am/en/macbook-air-15-m5-16gb-i-512tb-mdvh4-midnight
apple-macbook-air-15-m5,Apple MacBook Air 15 M5,allsell,Macbook Air 15" M5 24GB I1TB MDVU4 Sky Blue,1024,Starlight,,829500,2026-09-17,https://allsell.am/en/macbook-air-15-m5-24gb-i1tb-mdvu4-sky-blue
apple-macbook-air-15-m5,Apple MacBook Air 15 M5,ibolit,Apple Macbook Air 15.3"/M5/16GB/512GB/MDVH4/Midnight,512,Midnight,,599000,2026-09-17,https://ibolit.mobi/product/apple-macbook-air-15-3-m5-16gb-512gb-mdvh4-midnight/
apple-macbook-air-15-m5,Apple MacBook Air 15 M5,ibolit,Apple Macbook Air 15.3"/M5/16GB/512GB/MDVQ4/Sky Blue,512,Sky Blue,,629000,2026-09-17,https://ibolit.mobi/product/apple-macbook-air-15-3-m5-16gb-512gb-mdvq4-sky-blue/
apple-macbook-air-15-m5,Apple MacBook Air 15 M5,ibolit,Apple Macbook Air 15.3"/M5/16GB/1TB/MDVA4/Silver,1024,Silver,,699000,2026-09-17,https://ibolit.mobi/product/apple-macbook-air-15-3-m5-16gb-1tb-mdva4-silver/
apple-macbook-air-15-m5,Apple MacBook Air 15 M5,ibolit,Apple MacBook Air MDVU4 15.3''/M5/24GB RAM/1TB/MDVU4/Sky Blue,1024,Sky Blue,,909000,2026-09-17,https://ibolit.mobi/product/apple-macbook-air-15-3-m5-24gb-ram-1tb-mdvu4-sky-blue/
apple-macbook-air-15-m5,Apple MacBook Air 15 M5,ispace,MacBook Air 15.3-inch  M5 (10C CPU/10C GPU)  16 ԳԲ  512 ԳԲ  Կեսգիշեր,512,Midnight,,763900,2026-09-17,https://ispace.am/product/macbook-air-153-m5-10c-cpu10c-gpu-16-gb-512-gb-midnight-mdvh4ru-a
apple-macbook-air-15-m5,Apple MacBook Air 15 M5,ispace,MacBook Air 15.3-inch  M5 (10C CPU/10C GPU)  16 ԳԲ  512 ԳԲ  Sky Blue,512,Sky Blue,,763900,2026-09-17,https://ispace.am/product/macbook-air-153-m5-10c-cpu10c-gpu-16-gb-512-gb-sky-blue-mdvq4ru-a
apple-macbook-air-15-m5,Apple MacBook Air 15 M5,ispace,MacBook Air 15.3-inch  M5 (10C CPU/10C GPU)  16 ԳԲ  1 ՏԲ  Կեսգիշեր,1024,Midnight,,910900,2026-09-17,https://ispace.am/product/macbook-air-153-m5-10c-cpu10c-gpu-16-gb-1-tb-midnight-mdvk4ru-a
apple-macbook-air-15-m5,Apple MacBook Air 15 M5,ispace,MacBook Air 15.3-inch  M5 (10C CPU/10C GPU)  16 ԳԲ  1 ՏԲ  Starlight,1024,Starlight,,910900,2026-09-17,https://ispace.am/product/macbook-air-153-m5-10c-cpu10c-gpu-16-gb-1-tb-starlight-mdve4ru-a
apple-macbook-air-15-m5,Apple MacBook Air 15 M5,ispace,MacBook Air 15.3-inch  M5 (10C CPU/10C GPU)  16 ԳԲ  1 ՏԲ  Sky Blue,1024,Sky Blue,,910900,2026-09-17,https://ispace.am/product/macbook-air-153-m5-10c-cpu10c-gpu-16-gb-1-tb-sky-blue-mdvt4ru-a
apple-macbook-air-15-m5,Apple MacBook Air 15 M5,redstore,Air 15.3'' M5 MDVA4(Silver),1024,Silver,,789000,2026-09-17,https://redstore.am/en/product/macbook-air-153-m5-mdva4silver
apple-macbook-air-15-m5,Apple MacBook Air 15 M5,redstore,Air 15.3'' M5 MDVQ4(Sky Blue),1024,Sky Blue,,799000,2026-09-17,https://redstore.am/en/product/macbook-air-153-m5-mdvq4sky-blue
apple-macbook-air-15-m5,Apple MacBook Air 15 M5,redstore,Air 15.3'' M5 MDVH4(Midnight),1024,Midnight,,799000,2026-09-17,https://redstore.am/en/product/macbook-air-153-m5-mdvh4midnight
apple-macbook-air-15-m5,Apple MacBook Air 15 M5,redstore,Air 15.3'' M5 MDVD4(Starlight),1024,Starlight,,799000,2026-09-17,https://redstore.am/en/product/macbook-air-153-m5-mdvd4starlight
apple-macbook-air-15-m5,Apple MacBook Air 15 M5,yerevanmobile,Apple Macbook Air 15.3"/M5/16GB/512GB/MDVQ4/Sky Blue,512,Sky Blue,,709000,,
apple-macbook-air-15-m5,Apple MacBook Air 15 M5,yerevanmobile,Apple Macbook Air 15.3"/M5/16GB/1TB/MDVA4/Silver,1024,Silver,,849000,,
apple-macbook-neo-13,Apple MacBook Neo 13,allsell,Buy MacBook Neo In Armenia - Best Price - Delivery - AllSell,512,,,349000,2026-09-17,https://allsell.am/en/macbook-neo
apple-macbook-neo-13,Apple MacBook Neo 13,ibolit,MacBook Neo 13" A18 Pro (6C CPU/5C GPU)  8 GB  256 GB  Silver,256,Silver,,309000,2026-09-17,https://ibolit.mobi/product/macbook-neo-13-a18-pro-6c-cpu-5c-gpu-8-gb-256-gb-silver/
apple-macbook-neo-13,Apple MacBook Neo 13,ibolit,MacBook Neo 13" A18 Pro (6C CPU/5C GPU)  8 GB  256 GB  Blush,256,Blush,,309000,2026-09-17,https://ibolit.mobi/product/macbook-neo-13-a18-pro-6c-cpu-5c-gpu-8-gb-256-gb-blush/
apple-macbook-neo-13,Apple MacBook Neo 13,ibolit,MacBook Neo 13" A18 Pro (6C CPU/5C GPU)  8 GB  512 GB  Citrus,512,Citrus,,359000,2026-09-17,https://ibolit.mobi/product/macbook-neo-13-a18-pro-6c-cpu-5c-gpu-8-gb-512-gb-citrus/
apple-macbook-neo-13,Apple MacBook Neo 13,ibolit,MacBook Neo 13" A18 Pro (6C CPU/5C GPU)  8 GB  512 GB  Silver,512,Silver,,359000,2026-09-17,https://ibolit.mobi/product/macbook-neo-13-a18-pro-6c-cpu-5c-gpu-8-gb-512-gb-silver/
apple-macbook-neo-13,Apple MacBook Neo 13,ibolit,MacBook Neo 13" A18 Pro (6C CPU/5C GPU)  8 GB  512 GB  Indigo,512,Indigo,,359000,2026-09-17,https://ibolit.mobi/product/macbook-neo-13-a18-pro-6c-cpu-5c-gpu-8-gb-512-gb-indigo/
apple-macbook-neo-13,Apple MacBook Neo 13,ibolit,MacBook Neo 13" A18 Pro (6C CPU/5C GPU)  8 GB  512 GB  Blush,512,Blush,,359000,2026-09-17,https://ibolit.mobi/product/macbook-neo-13-a18-pro-6c-cpu-5c-gpu-8-gb-512-gb-blush/
apple-macbook-neo-13,Apple MacBook Neo 13,ispace,MacBook Neo 13-inch  A18 Pro (6C CPU/5C GPU)  8 ԳԲ  256 ԳԲ  Citrus,256,Citrus,,346900,2026-09-17,https://ispace.am/product/macbook-neo-13-a18-pro-6c-cpu5c-gpu-8-gb-256-gb-citrus-mhfd4ru-a
apple-macbook-neo-13,Apple MacBook Neo 13,ispace,MacBook Neo 13-inch  A18 Pro (6C CPU/5C GPU)  8 ԳԲ  256 ԳԲ  Indigo,256,Indigo,,346900,2026-09-17,https://ispace.am/product/macbook-neo-13-a18-pro-6c-cpu5c-gpu-8-gb-256-gb-indigo-z1ts00020
apple-macbook-neo-13,Apple MacBook Neo 13,ispace,MacBook Neo 13-inch  A18 Pro (6C CPU/5C GPU)  8 ԳԲ  256 ԳԲ  Blush,256,Blush,,346900,2026-09-17,https://ispace.am/product/macbook-neo-13-a18-pro-6c-cpu5c-gpu-8-gb-256-gb-blush-z1tu0001y
apple-macbook-neo-13,Apple MacBook Neo 13,ispace,MacBook Neo 13-inch  A18 Pro (6C CPU/5C GPU)  8 ԳԲ  256 ԳԲ  Արծաթագույն,256,Silver,,346900,2026-09-17,https://ispace.am/product/macbook-neo-13-a18-pro-6c-cpu5c-gpu-8-gb-256-gb-silver-mhfa4ru-a
apple-macbook-neo-13,Apple MacBook Neo 13,ispace,MacBook Neo 13-inch  A18 Pro (6C CPU/5C GPU)  8 ԳԲ  512 ԳԲ  Citrus,512,Citrus,,395900,2026-09-17,https://ispace.am/product/macbook-neo-13-a18-pro-6c-cpu5c-gpu-8-gb-512-gb-citrus-z1tr0001z
apple-macbook-neo-13,Apple MacBook Neo 13,ispace,MacBook Neo 13-inch  A18 Pro (6C CPU/5C GPU)  8 ԳԲ  512 ԳԲ  Blush,512,Blush,,395900,2026-09-17,https://ispace.am/product/macbook-neo-13-a18-pro-6c-cpu5c-gpu-8-gb-512-gb-blush-z1tv0001z
apple-macbook-neo-13,Apple MacBook Neo 13,ispace,MacBook Neo 13-inch  A18 Pro (6C CPU/5C GPU)  8 ԳԲ  512 ԳԲ  Indigo,512,Indigo,,395900,2026-09-17,https://ispace.am/product/macbook-neo-13-a18-pro-6c-cpu5c-gpu-8-gb-512-gb-indigo-mhfg4ru-a
apple-macbook-neo-13,Apple MacBook Neo 13,ispace,MacBook Neo 13-inch  A18 Pro (6C CPU/5C GPU)  8 ԳԲ  512 ԳԲ  Արծաթագույն,512,,,395900,2026-09-17,https://ispace.am/product/macbook-neo-z1tp0001y
apple-macbook-neo-13,Apple MacBook Neo 13,ispace,MacBook Neo 13-inch  A18 Pro (6C CPU/5C GPU)  8 ԳԲ  512 ԳԲ  Արծաթագույն,512,Silver,,395900,2026-09-17,https://ispace.am/product/macbook-neo-13-a18-pro-6c-cpu5c-gpu-8-gb-512-gb-silver-mhfc4ru-a
apple-macbook-neo-13,Apple MacBook Neo 13,mobilecentre,Apple MacBook Neo 13 inch / Apple A18 Pro chip with 6-core CPU and 5-core GPU 8GB 256GB SSD MHFA4 (Silver),256,Silver,,339900,2026-09-17,https://mobilecentre.am/product/apple-macbook-neo-13-inch-_-apple-a18-pro-chip-with-6-core-cpu-and-5-core-gpu-8gb-256gb-ssd-mhfa4-_silver_/34505/
apple-macbook-neo-13,Apple MacBook Neo 13,mobilecentre,Apple MacBook Neo 13 inch / Apple A18 Pro chip with 6-core CPU and 5-core GPU 8GB 256GB SSD MHFH4 (Blush),256,Blush,,339900,2026-09-17,https://mobilecentre.am/product/apple-macbook-neo-13-inch-_-apple-a18-pro-chip-with-6-core-cpu-and-5-core-gpu-8gb-256gb-ssd-mhfh4-_blush_/33776/
apple-macbook-neo-13,Apple MacBook Neo 13,mobilecentre,Apple MacBook Neo 13 inch / Apple A18 Pro chip with 6-core CPU and 5-core GPU 8GB 256GB SSD MHFF4 (Indigo),256,Indigo,,339900,2026-09-17,https://mobilecentre.am/product/apple-macbook-neo-13-inch-_-apple-a18-pro-chip-with-6-core-cpu-and-5-core-gpu-8gb-256gb-ssd-mhff4-_indigo_/33775/
apple-macbook-neo-13,Apple MacBook Neo 13,mobilecentre,Apple MacBook Neo 13 inch / Apple A18 Pro chip with 6-core CPU and 5-core GPU 8GB 256GB SSD MHFD4 (Citrus),256,Citrus,,339900,2026-09-17,https://mobilecentre.am/product/apple-macbook-neo-13-inch-_-apple-a18-pro-chip-with-6-core-cpu-and-5-core-gpu-8gb-256gb-ssd-mhfd4-_citrus_/33774/
apple-macbook-neo-13,Apple MacBook Neo 13,mobilecentre,Apple MacBook Neo 13,256,Silver,,339900,,https://www.mobilecentre.am/category/computers/144/0/
apple-macbook-neo-13,Apple MacBook Neo 13,pixel,Macbook Neo,256,Silver,,329000,2026-09-18,https://www.pixel.am/am/product/macbook-neo-8-256gb-mhfd4-2026-silver
apple-macbook-neo-13,Apple MacBook Neo 13,planet3d,Apple MacBook Neo 13" MHFD4(Citrus),256,Citrus,,309000,2026-09-17,https://3dplanet.am/en/store/product/apple-macbook-neo-13-mhfd4citrus
apple-macbook-neo-13,Apple MacBook Neo 13,planet3d,Apple MacBook Neo 13" MHFF4(Indigo),256,Indigo,,309000,2026-09-17,https://3dplanet.am/en/store/product/apple-macbook-neo-13-mhff4indigo
apple-macbook-neo-13,Apple MacBook Neo 13,planet3d,Apple MacBook Neo 13" MHFA4(Silver),256,Silver,,309000,2026-09-17,https://3dplanet.am/en/store/product/apple-macbook-neo-13-mhfa4silver
apple-macbook-neo-13,Apple MacBook Neo 13,planet3d,Apple MacBook Neo 13" MHFH4(Blush),256,Blush,,309000,2026-09-17,https://3dplanet.am/en/store/product/apple-macbook-neo-13-mhfh4blush
apple-macbook-neo-13,Apple MacBook Neo 13,redstore,Neo 13" MHFD4(Citrus),256,Citrus,,309000,2026-09-17,https://redstore.am/en/product/macbook-neo-13-mhfd4citrus
apple-macbook-neo-13,Apple MacBook Neo 13,redstore,Neo 13" MHFF4(Indigo),256,Indigo,,309000,2026-09-17,https://redstore.am/en/product/macbook-neo-13-mhff4indigo
apple-macbook-neo-13,Apple MacBook Neo 13,redstore,Neo 13" MHFA4(Silver),256,Silver,,309000,2026-09-17,https://redstore.am/en/product/macbook-neo-13-mhfa4silver
apple-macbook-neo-13,Apple MacBook Neo 13,redstore,Neo 13" MHFH4(Blush),256,Blush,,309000,2026-09-17,https://redstore.am/en/product/macbook-neo-13-mhfh4blush
apple-macbook-neo-13,Apple MacBook Neo 13,vlv,Apple MacBook Neo 13" A18 Pro 8GB SSD256 (Z1TN00021) Silver,256,Silver,,346900,2026-09-17,https://vlv.am/en/Product/47488
apple-macbook-neo-13,Apple MacBook Neo 13,vlv,Apple MacBook Neo 13" A18 Pro 8GB SSD512 (MHFG4RU/A) Indigo,512,Indigo,,395900,2026-09-17,https://vlv.am/en/Product/45418
apple-macbook-neo-13,Apple MacBook Neo 13,yerevanmobile,Apple Macbook Neo 13"/8GB/256GB/MHFH4/Blush,256,Blush,,309000,,
apple-macbook-neo-13,Apple MacBook Neo 13,yerevanmobile,Apple Macbook Neo 13.0"/8GB/512GB/MHFC4/Silver,512,Silver,,359000,,
apple-macbook-pro-14-m4-pro,Apple MacBook Pro 14 M4 Pro,ibolit,MacBook Pro 14 M4 Pro MX2E3 (2024) Silver,,Silver,,825000,2026-09-17,https://ibolit.mobi/product/macbook-pro-14-m4-pro-mx2e3-2024-silver/
apple-macbook-pro-14-m4-pro,Apple MacBook Pro 14 M4 Pro,ibolit,MacBook Pro 14 M4 Pro MX2J3 (2024) Space Black,,Space Black,,1099000,2026-09-17,https://ibolit.mobi/product/macbook-pro-14-m4-pro-mx2j3-2024-space-black/
apple-macbook-pro-14-m4-pro,Apple MacBook Pro 14 M4 Pro,notebookcentre,MacBook Pro 14 M5 MDE04 Space Black (2025),,Space Black,,,,https://notebookcentre.am/en/category/notebooks?sort=low&page=5
apple-macbook-pro-14-m4-pro,Apple MacBook Pro 14 M4 Pro,notebookcentre,MacBook Pro 14 M4 Pro MX2E3 Silver (2024),,Silver,,989000,,
apple-macbook-pro-14-m4-pro,Apple MacBook Pro 14 M4 Pro,notebookcentre,MacBook Pro 14 M4 Pro MX2J3 (2024) Space Black,,Space Black,,1099000,,
apple-macbook-pro-14-m4-pro,Apple MacBook Pro 14 M4 Pro,pixel,Macbook PRO 14 M4 Pro,,Silver,,989000,2026-09-18,https://www.pixel.am/am/product/macbook-pro-14-m4-pro
apple-macbook-pro-14-m5,Apple MacBook Pro 14 M5,allsell,Apple MacBook Pro 14.2" M5 16GB I 512GB MDE04,512,,,779500,2026-09-17,https://allsell.am/en/apple-macbook-pro-14-2-m5-16gb-i-512gb-mde04
apple-macbook-pro-14-m5,Apple MacBook Pro 14 M5,allsell,Apple MacBook Pro 14.2" M5 16GB I 1TB MDE14,1024,,,785500,2026-09-17,https://allsell.am/en/apple-macbook-pro-14-2-m5-16gb-i-1tb-mde14
apple-macbook-pro-14-m5,Apple MacBook Pro 14 M5,allsell,MacBook Pro 14.2" M5 24GB I 1TB MDE64 Silver,1024,Silver,,969500,2026-09-17,https://allsell.am/en/macbook-pro-14-2-m5-24gb-i-1tb-mde64-silver
apple-macbook-pro-14-m5,Apple MacBook Pro 14 M5,ibolit,Apple Macbook Pro 14.2"/M5/16GB RAM/512GB/MDE44/Silver,512,Silver,,839000,2026-09-17,https://ibolit.mobi/product/apple-macbook-pro-14-2-m5-16gb-ram-512gb-mde44-silver/
apple-macbook-pro-14-m5,Apple MacBook Pro 14 M5,ibolit,Apple MacBook Pro 14.2" M5 MDE04(Space Black),1024,Space Black,,849000,2026-09-17,https://ibolit.mobi/product/apple-macbook-pro-14-2-m5-mde04space-black/
apple-macbook-pro-14-m5,Apple MacBook Pro 14 M5,ibolit,Apple Macbook Pro 14"/M5/16GB RAM/1TB/MDE54/Silver,1024,Silver,,879000,2026-09-17,https://ibolit.mobi/product/apple-macbook-pro-14-m5-16gb-ram-1tb-mde54-silver/
apple-macbook-pro-14-m5,Apple MacBook Pro 14 M5,ibolit,Apple MacBook Pro 14.2" M5 24/1TB MDE64,1024,,,989000,2026-09-17,https://ibolit.mobi/product/apple-macbook-pro-14-2-m5-24-1tb-mde64/
apple-macbook-pro-14-m5,Apple MacBook Pro 14 M5,ispace,MacBook Pro 14.2-inch  M5 (10C CPU/10C GPU)  16 ԳԲ  1 ՏԲ  Արծաթագույն,1024,Silver,,1021900,2026-09-17,https://ispace.am/product/macbook-pro-142-m5-10c-cpu10c-gpu-16-gb-1-tb-silver-mde54ru-a
apple-macbook-pro-14-m5,Apple MacBook Pro 14 M5,ispace,MacBook Pro 14.2-inch  M5 (10C CPU/10C GPU)  16 ԳԲ  1 ՏԲ  Սև,1024,Space Black,,1021900,2026-09-17,https://ispace.am/product/macbook-pro-142-m5-10c-cpu10c-gpu-16-gb-1-tb-space-black-mde14ru-a
apple-macbook-pro-14-m5,Apple MacBook Pro 14 M5,notebookcentre,MacBook Pro 14 M5 MDE04 Space Black (2025),,Space Black,,849000,,
apple-macbook-pro-14-m5,Apple MacBook Pro 14 M5,notebookcentre,MacBook Pro 14 M5 MDE34 Space Black (2025),1024,Space Black,,989000,,
apple-macbook-pro-14-m5,Apple MacBook Pro 14 M5,pixel,Macbook PRO 14 M5,1024,,,799000,2026-09-18,https://www.pixel.am/am/product/macbook-pro-14-m5
apple-macbook-pro-14-m5,Apple MacBook Pro 14 M5,redstore,Pro 14.2" M5 MDE04(Space Black),1024,Space Black,,819000,2026-09-17,https://redstore.am/en/product/macbook-pro-142-m5-mde04space-black
apple-macbook-pro-14-m5,Apple MacBook Pro 14 M5,redstore,Pro 14.2" M5 MDE44(Silver),1024,Silver,,819000,2026-09-17,https://redstore.am/en/product/macbook-pro-142-m5-mde44silver
apple-macbook-pro-14-m5,Apple MacBook Pro 14 M5,yerevanmobile,Apple Macbook Pro 14"/M5/16GB RAM/512GB/MDE04/Space Black,512,Space Black,,849000,,
apple-macbook-pro-14-m5,Apple MacBook Pro 14 M5,yerevanmobile,Apple Macbook Pro 14"/M5/16GB RAM/1TB/MDE14/Space Black,1024,Space Black,,879000,,
apple-macbook-pro-14-m5-max,Apple MacBook Pro 14 M5 Max,ibolit,Apple Macbook Pro 14"/M5 Max/36GB RAM/2TB/MGDU4/Space Black,2048,Space Black,,1859000,2026-09-17,https://ibolit.mobi/product/apple-macbook-pro-14-m5-max-36gb-ram-2tb-mgdu4-space-black/
apple-macbook-pro-14-m5-max,Apple MacBook Pro 14 M5 Max,redstore,Pro 14.2" M5 Max MGDU4(Space Black),2048,Space Black,,1859000,2026-09-17,https://redstore.am/en/product/macbook-pro-142-m5-max-mgdu4space-black
apple-macbook-pro-14-m5-max,Apple MacBook Pro 14 M5 Max,yerevanmobile,Apple Macbook Pro 14"/M5 Max/36GB RAM/2TB/MGDU4/Space Black,2048,Space Black,,1859000,,
apple-macbook-pro-14-m5-pro,Apple MacBook Pro 14 M5 Pro,allsell,MacBook Pro 14.2" M5 Pro 24GB I 1TB MGDR4 Space Black,1024,Space Black,,1149500,2026-09-17,https://allsell.am/en/macbook-pro-14-2-m5-pro-24gb-i-1tb-mgdr4-space-black
apple-macbook-pro-14-m5-pro,Apple MacBook Pro 14 M5 Pro,ibolit,Apple Macbook Pro 14.2"/M5 Pro/24GB RAM/1TB/MGDN4/Silver,1024,Silver,,1159000,2026-09-17,https://ibolit.mobi/product/apple-macbook-pro-14-2-m5-pro-24gb-ram-1tb-mgdn4-silver/
apple-macbook-pro-14-m5-pro,Apple MacBook Pro 14 M5 Pro,ibolit,Apple Macbook Pro 14"/M5 Pro/24GB RAM/2TB/MGDT4/Space Black,2048,Space Black,,1399000,2026-09-17,https://ibolit.mobi/product/apple-macbook-pro-14-m5-pro-24gb-ram-2tb-mgdt4-space-black/
apple-macbook-pro-14-m5-pro,Apple MacBook Pro 14 M5 Pro,ispace,MacBook Pro 14.2-inch  M5 Pro (15C CPU/16C GPU)  24 ԳԲ  1 ՏԲ  Սև,1024,Space Black,,1274900,2026-09-17,https://ispace.am/product/macbook-pro-142-m5-pro-15c-cpu16c-gpu-24-gb-1-tb-space-black-mgdr4ru-a
apple-macbook-pro-14-m5-pro,Apple MacBook Pro 14 M5 Pro,ispace,MacBook Pro 14.2-inch  M5 Pro (15C CPU/16C GPU)  24 ԳԲ  1 ՏԲ  Արծաթագույն,1024,Silver,,1274900,2026-09-17,https://ispace.am/product/macbook-pro-142-m5-pro-15c-cpu16c-gpu-24-gb-1-tb-silver-mgdn4ru-a
apple-macbook-pro-14-m5-pro,Apple MacBook Pro 14 M5 Pro,ispace,MacBook Pro 14.2-inch  M5 Pro (18C CPU/20C GPU)  24 ԳԲ  2 ՏԲ  Արծաթագույն,2048,Silver,,1628900,2026-09-17,https://ispace.am/product/macbook-pro-142-m5-pro-18c-cpu20c-gpu-24-gb-2-tb-silver-mgdp4ru-a
apple-macbook-pro-14-m5-pro,Apple MacBook Pro 14 M5 Pro,ispace,MacBook Pro 14.2-inch  M5 Pro (18C CPU/20C GPU)  24 ԳԲ  2 ՏԲ  Սև,2048,Space Black,,1628900,2026-09-17,https://ispace.am/product/macbook-pro-142-m5-pro-18c-cpu20c-gpu-24-gb-2-tb-space-black-mgdt4ru-a
apple-macbook-pro-14-m5-pro,Apple MacBook Pro 14 M5 Pro,notebookcentre,MacBook Pro 14 M5 Pro MGDR4 (2026),1024,,,1209000,,
apple-macbook-pro-14-m5-pro,Apple MacBook Pro 14 M5 Pro,notebookcentre,MacBook Pro 14 M5 Pro MGDN4 Silver (2026),1024,Silver,,1249000,,
apple-macbook-pro-14-m5-pro,Apple MacBook Pro 14 M5 Pro,redstore,Pro 14.2" M5 Pro MGDN4(Silver),,Silver,,1149000,2026-09-17,https://redstore.am/en/product/macbook-pro-142-m5-pro-mgdn4silver
apple-macbook-pro-14-m5-pro,Apple MacBook Pro 14 M5 Pro,redstore,Pro 14.2" M5 Pro MGDR4(Space Black),,Space Black,,1149000,2026-09-17,https://redstore.am/en/product/macbook-pro-142-m5-pro-mgdr4space-black
apple-macbook-pro-14-m5-pro,Apple MacBook Pro 14 M5 Pro,yerevanmobile,Apple Macbook Pro 14.2"/M5 Pro/24GB RAM/1TB/MGDN4/Silver,1024,Silver,,1159000,,
apple-macbook-pro-14-m5-pro,Apple MacBook Pro 14 M5 Pro,yerevanmobile,Apple Macbook Pro 14"/M5 Pro/24GB RAM/2TB/MGDT4/Space Black,2048,Space Black,,1399000,,
apple-macbook-pro-16-m3-pro,Apple MacBook Pro 16 M3 Pro,,,,,,,,
apple-macbook-pro-16-m5-max,Apple MacBook Pro 16 M5 Max,allsell,MacBook Pro 16.2" M5 Max 36GB I 2TB MGE74 Silver,2048,Silver,,1899500,2026-09-17,https://allsell.am/en/macbook-pro-16-2-m5-max-36gb-i-2tb-mge74-silver
apple-macbook-pro-16-m5-max,Apple MacBook Pro 16 M5 Max,ibolit,Apple Macbook Pro 16" M5 Max MGE94 (Silver),2048,Silver,,2209000,2026-09-17,https://ibolit.mobi/product/apple-macbook-pro-16-m5-max-mge94-silver/
apple-macbook-pro-16-m5-max,Apple MacBook Pro 16 M5 Max,ispace,MacBook Pro 16.2-inch  M5 Max (18C CPU/32C GPU)  36 ԳԲ  2 ՏԲ  Սև,2048,Space Black,,2230900,2026-09-17,https://ispace.am/product/macbook-pro-162-m5-max-18c-cpu32c-gpu-36-gb-2-tb-space-black-mged4ru-a
apple-macbook-pro-16-m5-max,Apple MacBook Pro 16 M5 Max,ispace,MacBook Pro 16.2-inch  M5 Max (18C CPU/32C GPU)  36 ԳԲ  2 ՏԲ  Արծաթագույն,2048,Silver,,2230900,2026-09-17,https://ispace.am/product/macbook-pro-162-m5-max-18c-cpu32c-gpu-36-gb-2-tb-silver-mge74ru-a
apple-macbook-pro-16-m5-max,Apple MacBook Pro 16 M5 Max,notebookcentre,MacBook Pro 14 M5 Pro MGDR4 (2026),,,,,,https://notebookcentre.am/en/category/notebooks?sort=low&page=6
apple-macbook-pro-16-m5-max,Apple MacBook Pro 16 M5 Max,notebookcentre,MacBook Pro 16 M5 Max MGEE4 (2026) Space Black,,Space Black,,2209000,,
apple-macbook-pro-16-m5-max,Apple MacBook Pro 16 M5 Max,redstore,Pro 16.2" M5 Max MGED4(Space Black),2048,Space Black,,1809000,2026-09-17,https://redstore.am/en/product/macbook-pro-162-m5-max-mged4space-black
apple-macbook-pro-16-m5-max,Apple MacBook Pro 16 M5 Max,redstore,Pro 16.2" M5 Max MGE74(Silver),2048,Silver,,1809000,2026-09-17,https://redstore.am/en/product/macbook-pro-162-m5-max-mge74silver
apple-macbook-pro-16-m5-max,Apple MacBook Pro 16 M5 Max,yerevanmobile,Apple MacBook Pro 16''/M5 Max/36GB RAM/2TB/MGE74/Silver,2048,Silver,,1809000,,
apple-macbook-pro-16-m5-pro,Apple MacBook Pro 16 M5 Pro,ibolit,Apple Macbook Pro 16.2"M5 Pro"/24GB/1TB/MGE44/Silver,1024,Silver,,1279000,2026-09-17,https://ibolit.mobi/product/apple-macbook-pro-16-2m5-pro-24gb-1tb-mge44-silver/
apple-macbook-pro-16-m5-pro,Apple MacBook Pro 16 M5 Pro,ispace,MacBook Pro 16.2-inch  M5 Pro (18C CPU/20C GPU)  48 ԳԲ  1 ՏԲ  Սև,1024,Space Black,,1826900,2026-09-17,https://ispace.am/product/macbook-pro-162-m5-pro-18c-cpu20c-gpu-48-gb-1-tb-space-black-mgec4ru-a
apple-macbook-pro-16-m5-pro,Apple MacBook Pro 16 M5 Pro,ispace,MacBook Pro 16.2-inch  M5 Pro (18C CPU/20C GPU)  48 ԳԲ  1 ՏԲ  Արծաթագույն,1024,Silver,,1826900,2026-09-17,https://ispace.am/product/macbook-pro-162-m5-pro-18c-cpu20c-gpu-48-gb-1-tb-silver-mge64ru-a
apple-macbook-pro-16-m5-pro,Apple MacBook Pro 16 M5 Pro,pixel,Macbook PRO 16 M5 Pro,1024,,,1339000,2026-09-18,https://www.pixel.am/am/product/macbook-pro-16-m5-pro
apple-macbook-pro-16-m5-pro,Apple MacBook Pro 16 M5 Pro,redstore,Pro 16.2" M5 Pro MGEA4(Space Black),1024,Space Black,,1289000,2026-09-17,https://redstore.am/en/product/macbook-pro-162-m5-pro-mgea4space-black
apple-macbook-pro-16-m5-pro,Apple MacBook Pro 16 M5 Pro,redstore,Pro 16.2" M5 Pro MGE44(Silver),1024,Silver,,1289000,2026-09-17,https://redstore.am/en/product/macbook-pro-162-m5-pro-mge44silver
apple-macbook-pro-16-m5-pro,Apple MacBook Pro 16 M5 Pro,yerevanmobile,Apple Macbook Pro 16.2"M5 Pro"/48GB/1TB/MGE64/Silver,1024,Silver,,1629000,,
apple-watch-se-3,Apple Apple Watch SE Gen.3,allsell,Buy Apple Watch SE 3 GPS - Best Price In Armenia - AllSell,40,Starlight,,112400,2026-09-17,https://allsell.am/en/apple-watch-se-3-gps
apple-watch-se-3,Apple Apple Watch SE Gen.3,ibolit,Apple Watch SE 3 40mm black,,,,119000,2026-09-17,https://ibolit.mobi/product/apple-watch-se-3-40mm/
apple-watch-se-3,Apple Apple Watch SE Gen.3,ibolit,Apple Watch SE 3 40mm Starlight,,Starlight,,119000,2026-09-17,https://ibolit.mobi/product/apple-watch-se-3-40mm-starlight/
apple-watch-se-3,Apple Apple Watch SE Gen.3,ispace,Apple Watch SE GPS Gen.3   Midnight Sport Band  S/M  40մմ  Midnight,44,Midnight,,129900,2026-09-17,https://ispace.am/product/apple-watch-se-gps-gen3-midnight-sport-band-sm-40mm-midnight-meh94rk-a
apple-watch-se-3,Apple Apple Watch SE Gen.3,ispace,Apple Watch SE GPS Gen.3   Starlight Sport Band  S/M  40մմ  Starlight,44,Starlight,,129900,2026-09-17,https://ispace.am/product/apple-watch-se-gps-gen3-starlight-sport-band-sm-40mm-starlight-meh34rk-a
apple-watch-se-3,Apple Apple Watch SE Gen.3,notebookcentre,Apple Watch SE 3 40mm,,,,119000,,
apple-watch-se-3,Apple Apple Watch SE Gen.3,notebookcentre,Apple Watch SE 3 40mm Starlight,,Starlight,,134000,,
apple-watch-se-3,Apple Apple Watch SE Gen.3,notebookcentre,Apple Watch SE 3 44mm Midnight,,Midnight,,144000,,
apple-watch-se-3,Apple Apple Watch SE Gen.3,pixel,Apple Watch SE (3rd Gen. 2025),64,,,112000,2026-09-18,https://www.pixel.am/am/product/apple-watch-se-3rd-gen
apple-watch-se-3,Apple Apple Watch SE Gen.3,planet3d,Apple Watch SE 3,64,Starlight,,112000,2026-09-17,https://3dplanet.am/en/store/product/apple-watch-se-3
apple-watch-se-3,Apple Apple Watch SE Gen.3,redstore,SE3 40mm Midnight Band,64,Midnight,,112000,2026-09-17,https://redstore.am/en/product/iwatch-se3-40mm-midnight-band
apple-watch-se-3,Apple Apple Watch SE Gen.3,redstore,SE3 44mm Starlight Band,44,Starlight,,122000,2026-09-17,https://redstore.am/en/product/iwatch-se3-44mm-starlight-band
apple-watch-se-3,Apple Apple Watch SE Gen.3,vlv,Apple Watch SE 3 GPS 40mm Midnight/Midnight (MEH94RK/A) (94ET/A),40,Midnight,,114900,2026-09-17,https://vlv.am/en/Product/43400
apple-watch-se-3,Apple Apple Watch SE Gen.3,yerevanmobile,Apple Watch SE 3 40mm,40,,,112000,,
apple-watch-se-3,Apple Apple Watch SE Gen.3,yerevanmobile,Apple Watch SE 3 40mm,,,,112000,,
apple-watch-se-3,Apple Apple Watch SE Gen.3,yerevanmobile,Apple Watch SE 3 44mm,44,,,122000,,
apple-watch-se-3,Apple Apple Watch SE Gen.3,zigzag,Apple Watch SE 3 40mm Midnight,40,Midnight,,114900,,https://www.zigzag.am/am/apple-watch-se-3-gps-40mm-midnight-midnight-sport-band-s-m-meh94.html
apple-watch-se-3,Apple Apple Watch SE Gen.3,zigzag,Apple Watch SE 3 44mm Starlight,44,Starlight,,133900,,https://www.zigzag.am/am/apple-watch-se-3-gps-44mm-starlight-starlight-sport-band-s-m-mehg4.html
apple-watch-se-3,Apple Apple Watch SE Gen.3,zigzag,Apple Watch SE 3 44mm Midnight,44,Midnight,,133900,,https://www.zigzag.am/am/apple-watch-se-3-gps-44mm-midnight-midnight-sport-band-s-m-mehn4rk-a.html
apple-watch-series-10,Apple Apple Watch Series 10,ibolit,Apple Watch Series 10 42mm  Silver,,Silver,,159000,,https://ibolit.mobi/product/apple-watch-series-10-42mm-silver/
apple-watch-series-10,Apple Apple Watch Series 10,planet3d,Apple Watch Series 10,64,Silver,,159000,2026-09-17,https://3dplanet.am/en/store/product/apple-watch-series-10
apple-watch-series-10,Apple Apple Watch Series 10,redstore,Apple Watch Series 10,46,Jet Black,,,,https://redstore.am/en/categories/smart-watches
apple-watch-series-10,Apple Apple Watch Series 10,redstore,Apple Watch Series 10,46,Jet Black,,189000,,
apple-watch-series-11,Apple Apple Watch Series 11,ibolit,Apple Watch 11 series 42mm(Jet Black),,Jet Black,,165000,2026-09-17,https://ibolit.mobi/product/apple-watch-11-series-42mmjet-black/
apple-watch-series-11,Apple Apple Watch Series 11,ibolit,Apple Watch 11 series 42mm(Space Gray),,Gray,,165000,2026-09-17,https://ibolit.mobi/product/apple-watch-11-series-42mmspace-gray/
apple-watch-series-11,Apple Apple Watch Series 11,ibolit,Apple Watch 11 series 42mm(Rose Gold),,Rose Gold,,165000,2026-09-17,https://ibolit.mobi/product/apple-watch-11-series-42mmrose-gold/
apple-watch-series-11,Apple Apple Watch Series 11,ibolit,Apple Watch 11 series 46mm(Silver),,Silver,,177000,2026-09-17,https://ibolit.mobi/product/apple-watch-11-series-46mmsilver/
apple-watch-series-11,Apple Apple Watch Series 11,ispace,Apple Watch Series 11 GPS   Purple Fog Sport Band  S/M  42մմ  Silver Aluminium,,Silver,,174900,2026-09-17,https://ispace.am/product/apple-watch-series-11-gps-purple-fog-sport-band-sm-42mm-silver-aluminium-meu64rk-a
apple-watch-series-11,Apple Apple Watch Series 11,ispace,Apple Watch Series 11 GPS   Black Sport Band  M/L  46մմ  Jet Black Aluminium,,Jet Black,,188900,2026-09-17,https://ispace.am/product/apple-watch-series-11-gps-black-sport-band-ml-46mm-jet-black-aluminium-meux4rk-a
apple-watch-series-11,Apple Apple Watch Series 11,notebookcentre,Apple Watch 11 42mm,,,,155000,,
apple-watch-series-11,Apple Apple Watch Series 11,pixel,Apple Watch Series 11,,Jet Black,,154000,2026-09-18,https://www.pixel.am/am/product/apple-watch-series-11
apple-watch-series-11,Apple Apple Watch Series 11,planet3d,Apple Watch Series 11,64,Silver,,155000,2026-09-17,https://3dplanet.am/en/store/product/apple-watch-series-11
apple-watch-series-11,Apple Apple Watch Series 11,redstore,Series 11 42mm Jet Black Band,,Jet Black,,155000,2026-09-17,https://redstore.am/en/product/iwatch-series-11-42mm-jet-black-band
apple-watch-series-11,Apple Apple Watch Series 11,redstore,Series 11 42mm Rose Gold Band,,Rose Gold,,155000,2026-09-17,https://redstore.am/en/product/iwatch-series-11-42mm-rose-gold-band
apple-watch-series-11,Apple Apple Watch Series 11,redstore,Series 11 42mm Silver Band,,Silver,,155000,2026-09-17,https://redstore.am/en/product/iwatch-series-11-42mm-silver-band-1
apple-watch-series-11,Apple Apple Watch Series 11,redstore,Series 11 42mm Space Gray Band,,Gray,,155000,2026-09-17,https://redstore.am/en/product/iwatch-series-11-42mm-space-gray-band
apple-watch-series-11,Apple Apple Watch Series 11,yerevanmobile,Apple Watch Series 11 42mm,,,,155000,,
apple-watch-ultra-3,Apple Apple Watch Ultra 3,allsell,Apple Watch Ultra 3 In Armenia - Buy With Warranty - AllSell,49,Black Titanium,,327400,2026-09-17,https://allsell.am/en/apple-watch-ultra-3
apple-watch-ultra-3,Apple Apple Watch Ultra 3,allsell,Apple Watch Ultra 3 GPS + Cellular 49mm Milanese Loop,49,,,427400,2026-09-17,https://allsell.am/en/apple-watch-ultra-3-gps-cellular-49mm-milanese-loop
apple-watch-ultra-3,Apple Apple Watch Ultra 3,ibolit,Apple Watch Ultra 3 Black 49mm,49,Black,,359000,2026-09-17,https://ibolit.mobi/product/apple-watch-ultra-3-black-49mm/
apple-watch-ultra-3,Apple Apple Watch Ultra 3,ibolit,Apple Watch Ultra 3 Natural 49mm,49,Natural,,359000,2026-09-17,https://ibolit.mobi/product/apple-watch-ultra-3-natural-49mm/
apple-watch-ultra-3,Apple Apple Watch Ultra 3,ispace,Apple Watch Ultra 3   Black Titanium Milanese Loop  M  49մմ  Սև,49,Black Titanium,,496900,2026-09-17,https://ispace.am/product/apple-watch-ultra-3-black-titanium-milanese-loop-medium-49mm-black-mf1q4qi-a
apple-watch-ultra-3,Apple Apple Watch Ultra 3,notebookcentre,Apple Watch 11 42mm Space Gray,,,,,,https://notebookcentre.am/en/category/watch-glasses?brand=19&brand=24&brand=20&brand=40&page=2
apple-watch-ultra-3,Apple Apple Watch Ultra 3,notebookcentre,Apple Watch Ultra 3 49MM,,,,359000,,
apple-watch-ultra-3,Apple Apple Watch Ultra 3,pixel,Apple Watch Ultra 3,49,Black Titanium,,319000,2026-09-18,https://www.pixel.am/am/product/apple-watch-ultra-3
apple-watch-ultra-3,Apple Apple Watch Ultra 3,planet3d,Apple Watch Ultra 3,64,,,319000,2026-09-17,https://3dplanet.am/en/store/product/apple-watch-ultra-3
apple-watch-ultra-3,Apple Apple Watch Ultra 3,planet3d,Apple Watch Ultra 3 With Titanium Milanese Loop,64,Black Titanium,,389000,2026-09-17,https://3dplanet.am/en/store/product/apple-watch-ultra-3-with-titanium-milanese-loop
apple-watch-ultra-3,Apple Apple Watch Ultra 3,redstore,Ultra 3 49mm Black Ti Black Ocean Band,49,,,319000,2026-09-17,https://redstore.am/en/product/iwatch-ultra-3-49mm-black-ti-black-ocean-band
apple-watch-ultra-3,Apple Apple Watch Ultra 3,yerevanmobile,Apple Watch Ultra 3,,,,319000,,
asus-22-vp228de,ASUS 22” VP228DE,ibolit,Asus 22'' VP228DE,,,,48000,2026-09-17,https://ibolit.mobi/product/asus-22-vp228de/
asus-22-vt229h-touch,ASUS 22” VT229H Touch,ibolit,Asus 22'' VT229H Touch,,,,185000,2026-09-17,https://ibolit.mobi/product/asus-22-vt229h-touch/
asus-24-vz239he-w,ASUS 24” VZ239HE-W,ibolit,Asus 24'' VZ239HE-W,,,,85000,2026-09-17,https://ibolit.mobi/product/asus-24-vz239he-w/
asus-27-va279hae,ASUS 27” VA279HAE,ibolit,Asus 27'' VA279HAE,,,,88000,2026-09-17,https://ibolit.mobi/product/asus-27-va279hae/
asus-32-cg32uq,ASUS 32” CG32UQ,ibolit,Asus 32'' CG32UQ,,,,365000,2026-09-17,https://ibolit.mobi/product/asus-32-cg32uq/
asus-32-vg32vq1br,ASUS 32” VG32VQ1BR,allsell,Asus 32" VG32VQ1BR,,,,250000,2026-09-17,https://allsell.am/en/asus-32-vg32vq1br
asus-32-vg32vq1br,ASUS 32” VG32VQ1BR,ibolit,Asus 32'' VG32VQ1BR,,,,239000,2026-09-17,https://ibolit.mobi/product/asus-32-vg32vq1br/
asus-chromebook-cx1700cka-ws44f-m,ASUS Chromebook CX1700CKA WS44F M,allsell,Asus Chromebook CX1700CKA-WS44F-M 4GB I 64GB,64,,,113400,2026-09-17,https://allsell.am/en/asus-chromebook-cx1700cka-ws44f-m-4gb-i-64gb
asus-chromebook-cx1700cka-ws44f-m,ASUS Chromebook CX1700CKA WS44F M,ibolit,Asus Chromebook CX1700CKA WS44F M,64,,,131000,2026-09-17,https://ibolit.mobi/product/asus-chromebook-cx1700cka-ws44f-m/
asus-dual-rtx-4060-8gb,Asus Dual RTX 4060 8GB,ibolit,Asus Dual RTX 4060 8GB,8,,,208000,2026-09-17,https://ibolit.mobi/product/asus-dual-rtx-4060-8gb/
asus-dual-rtx-4060-ti-8gb,Asus Dual GeForce RTX 4060 Ti 8GB,ibolit,Asus Dual GeForce RTX 4060 Ti 8GB,8,,,267000,2026-09-17,https://ibolit.mobi/product/asus-dual-geforce-rtx-4060-ti-8gb/
asus-gaming-25-vg258qr,ASUS Gaming 25” VG258QR,allsell,Asus Gaming 25" VG258QR,,,,178000,2026-09-17,https://allsell.am/en/asus-gaming-25-vg258qr
asus-gaming-25-vg258qr,ASUS Gaming 25” VG258QR,ibolit,Asus Gaming 25'' VG258QR,,,,170000,2026-09-17,https://ibolit.mobi/product/asus-gaming-25-vg258qr/
asus-proart-display-32-pa329cv,ASUS ProArt Display 32” PA329CV,ibolit,Asus ProArt Display 32'' PA329CV,,,,455000,2026-09-17,https://ibolit.mobi/product/asus-proart-display-32-pa329cv/
asus-proart-rtx-4060-8gb,Asus ProArt RTX 4060 8GB,ibolit,Asus ProArt RTX 4060 8GB,8,,,195000,2026-09-17,https://ibolit.mobi/product/asus-proart-rtx-4060-8gb/
asus-proart-studio-24-pa248cnv,ASUS ProArt Studio 24” PA248CNV,ibolit,Asus ProArt Studio 24'' PA248CNV,,,,239000,2026-09-17,https://ibolit.mobi/product/asus-proart-studio-24-pa248cnv/
asus-rog-ally-7,Asus ROG Ally,ibolit,Asus ROG Ally 7,,,,345000,2026-09-17,https://ibolit.mobi/product/asus-rog-ally-7/
asus-rog-ally-x,Asus ROG Ally X,ibolit,Asus ROG Ally X,,,,599000,2026-09-17,https://ibolit.mobi/product/asus-rog-ally-x/
asus-rog-ally-x,Asus ROG Ally X,redstore,Asus Rog Ally X,,,,559000,2026-09-17,https://redstore.am/en/product/asus-rog-ally-x
asus-rog-delta-s,ASUS ROG Delta S,ibolit,Asus ROG Delta S,,,,45000,2026-09-17,https://ibolit.mobi/product/asus-rog-delta-s/
asus-rog-strix-g16,ASUS ROG Strix G16 G614,ibolit,Asus ROG Strix G16 G614JZ-N3084,1024,Eclipse Gray,,1028000,2026-09-17,https://ibolit.mobi/product/asus-rog-strix-g16-g614jz-n3084/
asus-rog-strix-g16,ASUS ROG Strix G16 G614,notebookcentre,Asus ROG Strix G16 G614JU-N3193,,,,515000,,
asus-rog-strix-g16,ASUS ROG Strix G16 G614,redstore,Asus Rog Strix G16 G614FM-WS94,1024,Eclipse Gray,,769000,2026-09-17,https://redstore.am/en/product/asus-rog-strix-g16-g614fm-ws94
asus-rog-strix-g16-g615lm-ds96,ASUS Rog Strix G16 G615LM-DS96,redstore,Asus Rog Strix G16 G615LM-DS96,1024,,,899000,2026-09-17,https://redstore.am/en/product/asus-rog-strix-g16-g615lm-ds96
asus-rog-strix-g18-g814ph-es94,ASUS Rog Strix G18 G814PH-ES94,redstore,Asus Rog Strix G18 G814PH-ES94,1024,,,859000,2026-09-17,https://redstore.am/en/product/asus-rog-strix-g18-g814ph-es94
asus-rog-strix-g18-g815jmr-ss74,ASUS Rog Strix G18 G815JMR-SS74,redstore,Asus Rog Strix G18 G815JMR-SS74,1024,,,899000,2026-09-17,https://redstore.am/en/product/asus-rog-strix-g18-g815jmr-ss74
asus-rog-strix-g18-g815lr-is97,ASUS Rog Strix G18 G815LR-IS97,redstore,Asus Rog Strix G18 G815LR-IS97,2048,,,1599000,2026-09-17,https://redstore.am/en/product/asus-rog-strix-g18-g815lr-is97-1
asus-rog-strix-g614fh-os94,ASUS Rog Strix G614FH-OS94,redstore,Asus Rog Strix G614FH-OS94,1024,,,739000,2026-09-17,https://redstore.am/en/product/asus-rog-strix-g614fh-os94
asus-rog-strix-g614jvr-es94,ASUS Rog Strix G614JVR-ES94,redstore,Asus Rog Strix G614JVR-ES94,1024,,,899000,2026-09-17,https://redstore.am/en/product/asus-rog-strix-g614jvr-es94
asus-rog-strix-g615lr-ms97,ASUS Rog Strix G615LR-MS97,redstore,Asus Rog Strix G615LR-MS97,2048,,,1299000,2026-09-17,https://redstore.am/en/product/asus-rog-strix-g615lr-ms97
asus-rog-strix-g815lm-is96-rtx5060,ASUS Rog Strix G815LM-IS96(RTX5060),redstore,Asus Rog Strix G815LM-IS96(RTX5060),1024,,,1099000,2026-09-17,https://redstore.am/en/product/asus-rog-strix-g815lm-is96rtx5060
asus-rog-strix-g815lp-is96-rtx5070,ASUS Rog Strix G815LP-IS96(RTX5070),redstore,Asus Rog Strix G815LP-IS96(RTX5070),1024,,,1139000,2026-09-17,https://redstore.am/en/product/asus-rog-strix-g815lp-is96rtx5070-1
asus-rog-strix-go-2-4,ASUS ROG Strix Go 2.4,ibolit,Asus ROG Strix Go 2.4,,,,61000,2026-09-17,https://ibolit.mobi/product/asus-rog-strix-go-2-4/
asus-rog-strix-go-core,ASUS ROG Strix Go Core,ibolit,Asus ROG Strix Go Core,,,,37800,2026-09-17,https://ibolit.mobi/product/asus-rog-strix-go-core/
asus-rog-strix-scare-16-g635lx-ds96,ASUS Rog Strix Scare 16 G635LX-DS96,redstore,Asus Rog Strix Scare 16 G635LX-DS96,1024,,,2199000,2026-09-17,https://redstore.am/en/product/asus-rog-strix-scare-16-g635lx-ds96
asus-rog-zephyrus-gu605cp-g16,ASUS Rog Zephyrus GU605CP-G16,allsell,Asus ROG ZEPHYRUS GU605CP-G16.U95070 U9-285H 16GB I 1TB (90NR0MM1-M00010),1024,,,1011400,2026-09-17,https://allsell.am/en/asus-rog-zephyrus-gu605cp-g16-u95070-u9-285h-16gb-i-1tb-90nr0mm1-m00010
asus-rog-zephyrus-gu605cp-g16,ASUS Rog Zephyrus GU605CP-G16,redstore,Asus Rog Zephyrus GU605CP-G16,1024,,,999000,2026-09-17,https://redstore.am/en/product/asus-rog-zephyrus-gu605cp-g16
asus-tuf-a16-fa607nuq-ws73,ASUS TUF A16 FA607NUQ-WS73,redstore,Asus TUF A16 FA607NUQ-WS73,512,,,459000,2026-09-17,https://redstore.am/en/product/asus-tuf-a16-fa607nuq-ws73
asus-tuf-a16-fa608up-a16,ASUS Tuf A16 FA608UP-A16,redstore,Asus Tuf A16 FA608UP-A16,1024,,,829000,2026-09-17,https://redstore.am/en/product/asus-tuf-a16-fa608up-a16
asus-tuf-a18-fa808um-is74,ASUS Tuf A18 FA808UM-IS74,redstore,Asus Tuf A18 FA808UM-IS74,1024,,,699000,2026-09-17,https://redstore.am/en/product/asus-tuf-a18-fa808um-is74
asus-tuf-fa506ncg-hn198,ASUS TUF FA506NCG-HN198,redstore,Asus TUF FA506NCG-HN198,512,,,449000,2026-09-17,https://redstore.am/en/product/asus-tuf-fa506ncg-hn198-1
asus-tuf-fa506ncg-hn211,ASUS TUF FA506NCG-HN211,redstore,Asus TUF FA506NCG-HN211,512,,,479000,2026-09-17,https://redstore.am/en/product/asus-tuf-fa506ncg-hn211
asus-tuf-fa506nfr-hn129,ASUS TUF FA506NFR-HN129,redstore,Asus TUF FA506NFR-HN129,512,,,359000,2026-09-17,https://redstore.am/en/product/asus-tuf-fa506nfr-hn129
asus-tuf-fa507nv-eh53,ASUS TUF FA507NV-EH53,redstore,Asus TUF FA507NV-EH53,512,,,529000,2026-09-17,https://redstore.am/en/product/asus-tuf-fa507nv-eh53
asus-tuf-fa707nug-hx154,ASUS TUF FA707NUG-HX154,redstore,Asus TUF FA707NUG-HX154,512,,,499000,2026-09-17,https://redstore.am/en/product/asus-tuf-fa707nug-hx154
asus-tuf-fx607vu-ds73,ASUS TUF FX607VU-DS73,redstore,Asus TUF FX607VU-DS73,512,,,599000,2026-09-17,https://redstore.am/en/product/asus-tuf-fx607vu-ds73
asus-tuf-fx607vu-rl089,ASUS TUF FX607VU-RL089,redstore,Asus TUF FX607VU-RL089,512,,,495000,2026-09-17,https://redstore.am/en/product/asus-tuf-fx607vu-rl089
asus-tuf-fx608jmr-f16,ASUS TUF FX608JMR-F16,redstore,Asus TUF FX608JMR-F16,1024,,,699000,2026-09-17,https://redstore.am/en/product/asus-tuf-fx608jmr-f16
asus-tuf-fx608jpr-wh74,ASUS TUF FX608JPR-WH74,redstore,Asus TUF FX608JPR-WH74,1024,,,799000,2026-09-17,https://redstore.am/en/product/asus-tuf-fx608jpr-wh74
asus-tuf-fx608lm-bs96,ASUS TUF FX608LM-BS96,redstore,Asus TUF FX608LM-BS96,1024,,,875000,2026-09-17,https://redstore.am/en/product/asus-tuf-fx608lm-bs96
asus-tuf-gaming-24-vg248q1b,ASUS TUF Gaming 24” VG248Q1B,allsell,Asus TUF Gaming 24" VG248Q1B,,,,106400,2026-09-17,https://allsell.am/en/asus-tuf-gaming-24-vg248q1b
asus-tuf-gaming-24-vg248q1b,ASUS TUF Gaming 24” VG248Q1B,ibolit,Asus TUF Gaming 24'' VG248Q1B,,,,119000,2026-09-17,https://ibolit.mobi/product/asus-tuf-gaming-24-vg248q1b/
asus-tuf-gaming-27-vg279q1a,ASUS TUF Gaming 27” VG279Q1A,ibolit,Asus TUF Gaming 27'' VG279Q1A,,,,175000,2026-09-17,https://ibolit.mobi/product/asus-tuf-gaming-27-vg279q1a/
asus-tuf-gaming-27-vg279ql1a,ASUS TUF Gaming 27” VG279QL1A,ibolit,ASUS TUF Gaming 27'' VG279QL1A,,,,175000,2026-09-17,https://ibolit.mobi/product/asus-tuf-gaming-27-vg279ql1a/
asus-tuf-gaming-34-vg34vqel1a,ASUS TUF Gaming 34” VG34VQEL1A,ibolit,Asus TUF Gaming 34'' VG34VQEL1A,,,,245000,2026-09-17,https://ibolit.mobi/product/asus-tuf-gaming-34-vg34vqel1a/
asus-tuf-gaming-fx707zc4-hx076,ASUS TUF Gaming FX707ZC4-HX076,ibolit,Asus TUF Gaming FX707ZC4-HX076,512,,,430000,2026-09-17,https://ibolit.mobi/product/asus-tuf-gaming-fx707zc4-hx076/
asus-tuf-gaming-h1,ASUS TUF Gaming H1,ibolit,Asus TUF Gaming H1,,,,36000,2026-09-17,https://ibolit.mobi/product/asus-tuf-gaming-h1/
asus-tuf-gaming-h3-gun-metal,ASUS TUF Gaming H3 Gun Metal,ibolit,Headset ASUS TUF Gaming H3 Gun Metal 90YH028G-B1UA00,,,,37800,2026-09-17,https://ibolit.mobi/product/headset-asus-tuf-gaming-h3-gun-metal-90yh028g-b1ua00/
asus-tuf-gaming-h7-core-gun-metal,ASUS TUF Gaming H7 Core Gun Metal,ibolit,Headset ASUS TUF Gaming H7 Core Gun Metal 90YH022G-B8UA00,,,,37800,2026-09-17,https://ibolit.mobi/product/headset-asus-tuf-gaming-h7-core-gun-metal-90yh022g-b8ua00/
asus-vg245q,ASUS VG245Q,redstore,Asus VG245Q,,,,129000,2026-09-17,https://redstore.am/en/product/asus-vg245q
asus-vivobook-15-f1504vap-bs54t,ASUS VivoBook 15 F1504VAP-BS54T,planet3d,Asus Vivobook 15 F1504VAP-BS54T,512,,,295000,2026-09-17,https://3dplanet.am/en/store/product/asus-vivobook-15-f1504vap-bs54t
asus-vivobook-15-f1504vap-bs54t,ASUS VivoBook 15 F1504VAP-BS54T,redstore,Asus VivoBook 15 F1504VAP-BS54T,512,,,289000,2026-09-17,https://redstore.am/en/product/asus-vivobook-15-f1504vap-bs54t
asus-vivobook-15-x1505va-oled,ASUS VivoBook 15 X1505VA OLED,pixel,Asus VivoBook X1505VA-MA144 OLED,512,Silver,,399600,2026-09-18,https://www.pixel.am/am/product/asus-vivobook-x1505va-ma144-oled
asus-vivobook-15x-m1503-oled,ASUS Vivobook 15X M1503 OLED,eldorado,ASUS Vivobook 15X OLED M1503,512,,,214900,,https://eldorado.am/en/asus-vivobook-15x-oled-m1503-m1503ia-l1018-90nb0y61-m00590
asus-vivobook-16-f1605va-ws96,ASUS VivoBook 16 F1605VA-WS96,redstore,Asus VivoBook 16 F1605VA-WS96,1024,,,499000,2026-09-17,https://redstore.am/en/product/asus-vivobook-16-f1605va-ws96
asus-vivobook-16-flip-tp3607sa-is77t,ASUS VivoBook 16 Flip TP3607SA-IS77T,redstore,Asus VivoBook 16 Flip TP3607SA-IS77T,1024,,,659000,2026-09-17,https://redstore.am/en/product/asus-vivobook-16-flip-tp3607sa-is77t
asus-vivobook-16-ultra7-oled,ASUS Vivobook 16 OLED (Core Ultra 7),zigzag,Asus Vivobook 16 OLED,1024,Matte Gray,,458000,,https://www.zigzag.am/en/asus-vivobook-16-oled-ultra-7-255h-16gb-1tb-matte-gray-90nb16i2-m00640.html
asus-vivobook-e1404fa-th31,ASUS VivoBook E1404FA-TH31,redstore,Asus VivoBook E1404FA-TH31,128,,,179000,2026-09-17,https://redstore.am/en/product/asus-vivobook-e1404fa-th31
asus-vivobook-e1404ga-nk006w,ASUS VivoBook E1404GA-NK006W,redstore,Asus VivoBook E1404GA-NK006W,512,,,209000,2026-09-17,https://redstore.am/en/product/asus-vivobook-e1404ga-nk006w
asus-vivobook-e1404ga-nk053w,ASUS VivoBook E1404GA-NK053W,ibolit,Asus VivoBook E1404GA-NK053W,256,,,186000,2026-09-17,https://ibolit.mobi/product/asus-vivobook-e1404ga-nk053w/
asus-vivobook-e410ka-cl4128,ASUS VivoBook E410KA-CL4128,redstore,Asus VivoBook E410KA-CL4128,128,,,115000,2026-09-17,https://redstore.am/en/product/asus-vivobook-e410ka-cl4128
asus-vivobook-e410ka-cl464,ASUS Vivobook E410KA-CL464,redstore,Asus Vivobook E410KA-CL464,64,,,109000,2026-09-17,https://redstore.am/en/product/asus-vivobook-e410ka-cl464
asus-vivobook-e410ma-bv2490w,ASUS VivoBook E410MA-BV2490W,ibolit,Asus VivoBook E410MA-BV2490W,512,,,133000,2026-09-17,https://ibolit.mobi/product/asus-vivobook-e410ma-bv2490w/
asus-vivobook-e510ka-br859ws,ASUS VivoBook E510KA-BR859WS,redstore,Asus VivoBook E510KA-BR859WS,128,,,159000,2026-09-17,https://redstore.am/en/product/asus-vivobook-e510ka-br859ws
asus-vivobook-flip-14-tp3407sa-ds74t,ASUS VivoBook Flip 14-TP3407SA-DS74T,redstore,Asus VivoBook Flip 14-TP3407SA-DS74T,1024,,,389000,2026-09-17,https://redstore.am/en/product/asus-vivobook-flip-14-tp3407sa-ds74t
asus-vivobook-flip-tp3604va-ws51t,ASUS VivoBook Flip TP3604VA-WS51T,redstore,Asus VivoBook Flip TP3604VA-WS51T,512,,,329000,2026-09-17,https://redstore.am/en/product/asus-vivobook-flip-tp3604va-ws51t
asus-vivobook-go-15-e1504fa-bq2909,ASUS Vivobook Go 15 E1504FA-BQ2909,redstore,Asus Vivobook Go 15 E1504FA-BQ2909,512,,,255000,2026-09-17,https://redstore.am/en/product/asus-vivobook-go-15-e1504fa-bq2909
asus-vivobook-go-15-e1504fa-oled,ASUS VivoBook Go 15 E1504FA OLED,ibolit,Asus VivoBook E1504FA-L1834 OLED,512,,,321000,2026-09-17,https://ibolit.mobi/product/asus-vivobook-e1504fa-l1834-oled/
asus-vivobook-go-15-e1504fa-oled,ASUS VivoBook Go 15 E1504FA OLED,pixel,Asus VivoBook E1504FA-L1834 OLED,512,,,277000,2026-09-18,https://www.pixel.am/am/product/asus-vivobook-e1504fa-l1834-oled
asus-vivobook-go15-e1504ga-ws35,ASUS Vivobook GO15 E1504GA-WS35,redstore,Asus Vivobook GO15 E1504GA-WS35,256,,,225000,2026-09-17,https://redstore.am/en/product/asus-vivobook-go15-e1504ga-ws35
asus-vivobook-k3500p-oled,ASUS VivoBook K3500P OLED,ibolit,Asus VivoBook K3500P OLED,256,,,280000,2026-09-17,https://ibolit.mobi/product/asus-vivobook-k3500p-oled/
asus-vivobook-k5504-vn-ds96,ASUS VivoBook K5504 VN-DS96,ibolit,Asus VivoBook K5504 VN-DS96,1024,,,508000,2026-09-17,https://ibolit.mobi/product/asus-vivobook-k5504-vn-ds96/
asus-vivobook-m1503-qa-l1223-oled,ASUS VivoBook M1503 QA L1223 OLED,ibolit,Asus VivoBook M1503 QA L1223 OLED,512,,,335000,2026-09-17,https://ibolit.mobi/product/asus-vivobook-m1503-qa-l1223-oled/
asus-vivobook-m1603qa-r7-12512,ASUS VivoBook M1603QA R7 12512,ibolit,Asus VivoBook M1603QA R7 12512,512,,,301000,2026-09-17,https://ibolit.mobi/product/asus-vivobook-m1603qa-r7-12512/
asus-vivobook-m1605ya-mb345,ASUS VivoBook M1605YA-MB345,redstore,Asus VivoBook M1605YA-MB345,512,,,299000,2026-09-17,https://redstore.am/en/product/asus-vivobook-m1605ya-mb345
asus-vivobook-pro-15-q533mj-u73050-oled,ASUS VivoBook Pro 15 Q533MJ-U73050 OLED,ibolit,Asus VivoBook Pro 15 Q533MJ-U73050 OLED,1024,,,565000,2026-09-17,https://ibolit.mobi/product/asus-vivobook-pro-15-q533mj-u73050-oled/
asus-vivobook-pro-15-q543mj-u93050-oled,ASUS Vivobook Pro 15 Q543MJ-U93050 OLED,ibolit,Asus Vivobook Pro 15 Q543MJ-U93050 OLED,2048,,,690000,2026-09-17,https://ibolit.mobi/product/asus-vivobook-pro-15-q543mj-u93050-oled/
asus-vivobook-pro-16-k6602vv-oled,ASUS VivoBook Pro 16 K6602VV OLED,pixel,Asus VivoBook Pro K6602VV-ES94 OLED,1024,Black,,672000,2026-09-18,https://www.pixel.am/am/product/asus-vivobook-pro-k6602vv-es94-oled
asus-vivobook-pro-q543mj-u93050,ASUS VivoBook Pro Q543MJ-U93050,eldorado,Laptop Asus Vivobook PRO Q543MJ-U93050 CORE ULTRA 9 Earl Gray,2048,Grey,,859900,2026-09-17,https://eldorado.am/en/asus-vivobook-pro-q543mj-u93050-core-ultra-9-earl-grey
asus-vivobook-pro-q543mj-u93050,ASUS VivoBook Pro Q543MJ-U93050,ibolit,Asus VivoBook Pro Q543MJ-U93050,2048,,,669000,2026-09-17,https://ibolit.mobi/product/asus-vivobook-pro-q543mj-u93050/
asus-vivobook-pro-q543mj-u93050,ASUS VivoBook Pro Q543MJ-U93050,redstore,Asus VivoBook Pro Q543MJ-U93050,2048,,,645000,2026-09-17,https://redstore.am/en/product/asus-vivobook-pro-q543mj-u93050
asus-vivobook-s15-m3502qa-oled,ASUS Vivobook S 15 M3502QA OLED,eldorado,ASUS Vivobook S 15 OLED M3502QA,1024,,,329900,,https://eldorado.am/en/asus-vivobook-s-15-oled-m3502qa-ma153-16-gb-1-tb-90nb0xx1-m006s0
asus-vivobook-s16-s5606ma-ds96-oled,ASUS VivoBook S16 S5606MA-DS96 OLED,ibolit,Asus VivoBook S16 S5606MA-DS96 OLED,1024,,,610000,2026-09-17,https://ibolit.mobi/product/asus-vivobook-s16-s5606ma-ds96-oled/
asus-vivobook-x1404va-i38128,ASUS VivoBook X1404VA-I38128,notebookcentre,Asus VivoBook X1404VA-I38128,,,,199000,,
asus-vivobook-x1404va-i38128,ASUS VivoBook X1404VA-I38128,redstore,Asus VivoBook X1404VA-I38128,128,,,189000,2026-09-17,https://redstore.am/en/product/asus-vivobook-x1404va-i38128
asus-vivobook-x1404vap-v14,ASUS VivoBook X1404VAP-V14,allsell,Asus VivoBook X1404VAP-V14 i5-120U 12GB I 256GB (90NB13U1-M00K70),256,,,225000,2026-09-17,https://allsell.am/en/asus-vivobook-x1404vap-v14-i5-120u-12gb-i-256gb-90nb13u1-m00k70
asus-vivobook-x1404vap-v14,ASUS VivoBook X1404VAP-V14,planet3d,Asus VivoBook X1404VAP-V14,256,,,229000,2026-09-17,https://3dplanet.am/en/store/product/asus-vivobook-x1404vap-v14
asus-vivobook-x1404vap-v14,ASUS VivoBook X1404VAP-V14,redstore,Asus VivoBook X1404VAP-V14,256,,,229000,2026-09-17,https://redstore.am/en/product/asus-vivobook-x1404vap-v14
asus-vivobook-x1404za-i38128,ASUS VivoBook X1404ZA-I38128,ibolit,Asus VivoBook X1404ZA-I38128,512,,,200000,2026-09-17,https://ibolit.mobi/product/asus-vivobook-x1404za-i38128/
asus-vivobook-x1502za-bq2270,ASUS VivoBook X1502ZA BQ2270,ibolit,Asus VivoBook X1502ZA BQ2270,512,,,465000,2026-09-17,https://ibolit.mobi/product/asus-vivobook-x1502za-bq2270/
asus-vivobook-x1504va-nj061,ASUS VivoBook X1504VA NJ061,ibolit,Asus VivoBook X1504VA NJ061,512,,,247000,2026-09-17,https://ibolit.mobi/product/asus-vivobook-x1504va-nj061/
asus-vivobook-x1504va-nj2920,ASUS VivoBook X1504VA-NJ2920,redstore,Asus VivoBook X1504VA-NJ2920,512,,,269000,2026-09-17,https://redstore.am/en/product/asus-vivobook-x1504va-nj2920
asus-vivobook-x1504va-nj3952,ASUS VivoBook X1504VA-NJ3952,redstore,Asus VivoBook X1504VA-NJ3952,512,,,339000,2026-09-17,https://redstore.am/en/product/asus-vivobook-x1504va-nj3952
asus-vivobook-x1504va-nj436,ASUS VivoBook X1504VA-NJ436,ibolit,Asus VivoBook X1504VA NJ436,512,,,335000,2026-09-17,https://ibolit.mobi/product/asus-vivobook-x1504va-nj436/
asus-vivobook-x1504va-nj451,ASUS VivoBook X1504VA-NJ451,ibolit,Asus VivoBook X1504VA-NJ451,256,,,204000,2026-09-17,https://ibolit.mobi/product/asus-vivobook-x1504va-nj451-4/
asus-vivobook-x1504va-nj451,ASUS VivoBook X1504VA-NJ451,ibolit,Asus VivoBook X1504VA-NJ451,256,,,214000,,https://ibolit.mobi/product/asus-vivobook-x1504va-nj451/
asus-vivobook-x1504za-u672,ASUS VivoBook X1504ZA-U672,ibolit,Asus VivoBook X1504ZA-U672,512,,,255000,2026-09-17,https://ibolit.mobi/product/asus-vivobook-x1504za-u672/
asus-vivobook-x1505za-ma477-oled,ASUS VivoBook X1505ZA-MA477 OLED,ibolit,Asus VivoBook X1505ZA-MA477 OLED,1024,,,367000,2026-09-17,https://ibolit.mobi/product/asus-vivobook-x1505za-ma477-oled/
asus-vp247hae,ASUS VP247HAE,ibolit,Asus 24'' VP247HAE,,,,65000,2026-09-17,https://ibolit.mobi/product/asus-24-vp247hae/
asus-vp247hae,ASUS VP247HAE,redstore,Asus VP247HAE,,,,69000,2026-09-17,https://redstore.am/en/product/asus-vp247hae
asus-zenbook-14-um3402ya-oled,ASUS ZenBook 14 UM3402YA OLED,pixel,Asus ZenBook UM3402YA-WS51T OLED (Touch),512,Gray,,355000,2026-09-18,https://www.pixel.am/am/product/asus-zenbook-um3402ya-ws51t-oled-touch
asus-zenbook-14-um3405ga-zb-70,ASUS ZenBook 14 UM3405GA-ZB_70,redstore,Asus ZenBook 14 UM3405GA-ZB_70,512,,,759000,2026-09-17,https://redstore.am/en/product/asus-zenbook-14-um3405ga-zb-70
asus-zenbook-14-um3406g-ws79t,ASUS ZenBook 14 UM3406G-WS79T,redstore,Asus ZenBook 14 UM3406G-WS79T,1024,,,699000,2026-09-17,https://redstore.am/en/product/asus-zenbook-14-um3406g-ws79t-1
asus-zenbook-14-ux3405ca-oled,ASUS Zenbook 14 UX3405CA OLED,allsell,Asus ZenBook 14 UX3405CA-U7512 Core Ultra 7 16GB I 512GB,512,Jasper Gray,,415000,2026-09-17,https://allsell.am/en/asus-zenbook-14-ux3405ca-u7512-core-ultra-7-16gb-i-512gb
asus-zenbook-14-ux3405ca-oled,ASUS Zenbook 14 UX3405CA OLED,eldorado,ASUS Zenbook 14 OLED UM3402YA,512,,,329900,,https://eldorado.am/en/asus-zenbook-14-oled-um3402ya-kp290-90nb0w95-m00j70
asus-zenbook-14-ux3405ca-oled,ASUS Zenbook 14 UX3405CA OLED,eldorado,ASUS Zenbook 14 OLED UX3405M,1024,,,647900,,https://eldorado.am/en/asus-zenbook-14-oled-ux3405m-ux3405ma-pp136w-90nb11r1-m005r0
asus-zenbook-14-ux3405ca-oled,ASUS Zenbook 14 UX3405CA OLED,planet3d,Asus ZenBook 14 OLED UM3406HA,512,Jasper Gray,,439000,2026-09-17,https://3dplanet.am/en/store/product/asus-zenbook-14-oled-um3406ha
asus-zenbook-14-ux3405ca-oled,ASUS Zenbook 14 UX3405CA OLED,zigzag,Asus ZenBook 14 OLED,512,Jasper Gray,,539000,,https://www.zigzag.am/en/asus-zenbook-14-oled-touch-ultra-7-265h-16gb-512gb-w11-jasper-gray-ux3405ca-u7512.html
asus-zenbook-flip-ux3407qa-x1p512,ASUS ZenBook Flip UX3407QA-X1P512,redstore,Asus ZenBook Flip UX3407QA-X1P512,512,,,599000,2026-09-17,https://redstore.am/en/product/asus-zenbook-flip-ux3407qa-x1p512
asus-zenbook-q410-evo,ASUS ZenBook Q410-EVO,redstore,Asus ZenBook Q410-EVO,512,,,329000,2026-09-17,https://redstore.am/en/product/asus-zenbook-q410-evo
asus-zenbook-q415ma-u5512,ASUS ZenBook Q415MA-U5512,allsell,Asus Zenbook Q415MA-U5512 Ultra 5 125H (90NB11R7-M00H00) 8GB I 512GB,512,,,389000,2026-09-17,https://allsell.am/en/asus-zenbook-q415ma-u5512-ultra-5-125h-90nb11r7-m00h00-8gb-i-512gb
asus-zenbook-q415ma-u5512,ASUS ZenBook Q415MA-U5512,ibolit,Asus ZenBook Q415MA-U5512 Touch OLED,512,,,379000,2026-09-17,https://ibolit.mobi/product/asus-zenbook-q415ma-u5512-touch-oled/
asus-zenbook-q415ma-u5512,ASUS ZenBook Q415MA-U5512,planet3d,Asus ZenBook Q415MA-U5512,512,,,319000,2026-09-17,https://3dplanet.am/en/store/product/asus-zenbook-q415ma-u5512
asus-zenbook-q415ma-u5512,ASUS ZenBook Q415MA-U5512,redstore,Asus ZenBook Q415MA-U5512,512,,,369000,2026-09-17,https://redstore.am/en/product/asus-zenbook-q415ma-u5512
asus-zenscreen-mb16aht-touch-screen,ASUS ZenScreen MB16AHT Touch Screen,ibolit,Asus ZenScreen MB16AHT Touch Screen,,,,175000,2026-09-17,https://ibolit.mobi/product/asus-zenscreen-mb16aht-touch-screen/
asus-zenscreen-mb16ahv-touch-screen,ASUS ZenScreen MB16AHV Touch Screen,ibolit,Asus ZenScreen MB16AHV Touch Screen,,,,175000,2026-09-17,https://ibolit.mobi/product/asus-zenscreen-mb16ahv-touch-screen/
audio-technica-ath-s220bt,Audio-Technica ATH-S220BT,zigzag,Audio-Technica ATH-S220BT,,,,29900,,https://www.zigzag.am/en/audio-technica-ath-s220bt-white-wireless-headphone-ath-s220btwh.html
beats-studio-buds-plus,Beats Studio Buds +,eldorado,Beats Studio Buds +,,Black,,76900,,https://eldorado.am/en/beats-studio-buds-true-wireless-noise-cancelling-earbuds-black-gold-model-a2872-a2871-a2870
beats-studio-buds-plus,Beats Studio Buds +,yerevanmobile,Apple Beats Studio Buds Plus,,,,74000,,
benq-el2870u,BenQ EL2870U,redstore,Benq EL2870U,,,,159000,2026-09-17,https://redstore.am/en/product/benq-el2870u
benq-gw2780,BenQ GW2780,,,,,,,,
bo-beoplay-ex,Bang & Olufsen Beoplay EX,ibolit,Bang &amp; Olufsen Beoplay EX Headphones  Anthracite Oxygen,,Anthracite Oxygen,,209000,2026-09-17,https://ibolit.mobi/product/bang-olufsen-beoplay-ex-headphones-anthracite-oxygen/
bo-beoplay-ex,Bang & Olufsen Beoplay EX,ibolit,Bang &amp; Olufsen Beoplay EX Headphones  Black Anthracite,,Black Anthracite,,209000,2026-09-17,https://ibolit.mobi/product/bang-olufsen-beoplay-ex-headphones-black-anthracite/
bo-beoplay-h95,Bang & Olufsen Beoplay H95,ibolit,Bang &amp; Olufsen Beoplay H95 Headphones - Gold Tone,,Gold Tone,,509000,2026-09-17,https://ibolit.mobi/product/bang-olufsen-beoplay-h95-headphones-gold-tone/
bo-beoplay-h95,Bang & Olufsen Beoplay H95,ibolit,Bang &amp; Olufsen Beoplay H95 Headphones  Chestnut,,Chestnut,,509000,2026-09-17,https://ibolit.mobi/product/bang-olufsen-beoplay-h95-headphones-chestnut/
bo-beoplay-h95,Bang & Olufsen Beoplay H95,ibolit,Beoplay H95 Headphones by Bang &amp; Olufsen  Black,,Black,,509000,2026-09-17,https://ibolit.mobi/product/beoplay-h95-headphones-by-bang-olufsen-black/
bo-beoplay-h95,Bang & Olufsen Beoplay H95,ibolit,Beoplay H95 Headphones by Bang &amp; Olufsen  Navy,,Navy,,509000,2026-09-17,https://ibolit.mobi/product/beoplay-h95-headphones-by-bang-olufsen-navy/
bo-beoplay-hx,Bang & Olufsen Beoplay HX,ibolit,Bang &amp; Olufsen Beoplay HX Headphones - Timber,,Timber,,259000,2026-09-17,https://ibolit.mobi/product/bang-olufsen-beoplay-hx-headphones-timber/
bo-beoplay-hx,Bang & Olufsen Beoplay HX,ibolit,Bang &amp; Olufsen Beoplay HX Headphones  Black Anthracite,,Black Anthracite,,259000,2026-09-17,https://ibolit.mobi/product/bang-olufsen-beoplay-hx-headphones-black-anthracite/
bo-beosound-a1-2,Bang & Olufsen Beosound A1 2nd Gen,ibolit,Bang &amp; Olufsen Beosound A1 2nd Gen Portable Speaker - Gold Tone,,Gold Tone,,159000,2026-09-17,https://ibolit.mobi/product/bang-olufsen-beosound-a1-2nd-gen-portable-speaker-gold-tone/
bo-beosound-a1-2,Bang & Olufsen Beosound A1 2nd Gen,ibolit,Bang &amp; Olufsen Beosound A1 2nd Gen Portable Speaker - Green,,Green,,159000,2026-09-17,https://ibolit.mobi/product/bang-olufsen-beosound-a1-2nd-gen-portable-speaker-green/
bo-beosound-a1-2,Bang & Olufsen Beosound A1 2nd Gen,ibolit,Bang &amp; Olufsen Beosound A1 2nd Gen Portable Speaker Grey Mist,,Grey Mist,,159000,2026-09-17,https://ibolit.mobi/product/bang-olufsen-beosound-a1-2nd-gen-portable-speaker-grey-mist/
bo-beosound-a1-2,Bang & Olufsen Beosound A1 2nd Gen,ibolit,Bang &amp; Olufsen Beosound A1 2nd Gen Portable Speaker  Anthracite Oxygen,,Anthracite Oxygen,,159000,2026-09-17,https://ibolit.mobi/product/bang-olufsen-beosound-a1-2nd-gen-portable-speaker-anthracite-oxygen/
bo-beosound-a1-2,Bang & Olufsen Beosound A1 2nd Gen,ibolit,Beosound A1 2nd Gen Portable Speaker Bang &amp; Olufsen  Black Anthracite,,Black Anthracite,,159000,2026-09-17,https://ibolit.mobi/product/beosound-a1-2nd-gen-portable-speaker-bang-olufsen-black-anthracite/
bo-beosound-a1-2,Bang & Olufsen Beosound A1 2nd Gen,ibolit,Beosound A1 2nd Gen Portable Speaker Bang &amp; Olufsen  Pink,,Pink,,159000,2026-09-17,https://ibolit.mobi/product/beosound-a1-2nd-gen-portable-speaker-bang-olufsen-pink/
bo-beosound-a5,Bang & Olufsen Beosound A5 Nordic Weave,ibolit,Bang &amp; Olufsen Beosound A5 Nordic Weave Portable Speaker,,Nordic Weave,,509000,2026-09-17,https://ibolit.mobi/product/bang-olufsen-beosound-a5-nordic-weave-portable-speaker/
bo-beosound-balance,Bang & Olufsen Beosound Balance,ibolit,Bang Olufsen Beosound Balance,,Natural Oak,,,,https://ibolit.mobi/product-category/audio/
bo-beosound-balance,Bang & Olufsen Beosound Balance,ibolit,Beosound Balance Home Audio System by Bang &amp; Olufsen  Natural Oak,,Natural Oak,,1469000,2026-09-17,https://ibolit.mobi/product/beosound-balance-home-audio-system-by-bang-olufsen-natural-oak/
bo-beosound-balance,Bang & Olufsen Beosound Balance,ibolit,Bang Olufsen Beosound Balance,,Natural Oak,,1469000,,
bo-beosound-edge,Bang & Olufsen Beosound Edge,ibolit,Beosound Edge Home Audio System Bang &amp; Olufsen Natural,,Natural,,1429000,2026-09-17,https://ibolit.mobi/product/beosound-edge-home-audio-system-bang-olufsen-natural/
bo-beosound-explore,Bang & Olufsen Beosound Explore,eldorado,Speaker Bang &amp; Olufsen Beosound Explore,,,,88900,2026-09-17,https://eldorado.am/en/bang-olufsen-beosound-explore
bo-beosound-explore,Bang & Olufsen Beosound Explore,ibolit,Beosound Explore Portable Speaker - Bang &amp; Olufsen  Chestnut,,Chestnut,,109000,2026-09-17,https://ibolit.mobi/product/beosound-explore-portable-speaker-bang-olufsen-chestnut/
bo-beosound-explore,Bang & Olufsen Beosound Explore,ibolit,Beosound Explore Portable Speaker Bang &amp; Olufsen  Green,,Green,,109000,2026-09-17,https://ibolit.mobi/product/beosound-explore-portable-speaker-bang-olufsen-green/
bo-beosound-explore,Bang & Olufsen Beosound Explore,ibolit,Beosound Explore Portable Speaker by Bang &amp; Olufsen  Grey Mist,,Grey Mist,,109000,2026-09-17,https://ibolit.mobi/product/beosound-explore-portable-speaker-by-bang-olufsen-grey-mist/
bo-beosound-explore,Bang & Olufsen Beosound Explore,ibolit,Beosound Explore Portable Speaker by Bang &amp; Olufsen  Navy,,Navy,,109000,2026-09-17,https://ibolit.mobi/product/beosound-explore-portable-speaker-by-bang-olufsen-navy/
bo-beosound-level,Bang & Olufsen Beosound Level,ibolit,Beosound Level Home Audio System by Bang &amp; Olufsen  Natural,,Natural,,759000,2026-09-17,https://ibolit.mobi/product/beosound-level-home-audio-system-by-bang-olufsen-natural/
bose-soundtouch-10,Bose SoundTouch 10,mobilecentre,Bose SoundTouch 10,,,,159900,,https://www.mobilecentre.am/product/bose-soundtouch-10-bluetooth-speaker-_black_/25215/
bowers-wilkins-px8,Bowers & Wilkins PX8,,,,,,,,
dell-14-plus-2in1-db04250,Dell 14 Plus 2in1 DB04250,redstore,Dell 14 Plus 2in1 DB04250,1024,,,398000,2026-09-17,https://redstore.am/en/product/dell-14-plus-2in1-db04250
dell-14-plus-2in1-db04255,Dell 14 Plus 2in1 DB04255,redstore,Dell 14 Plus 2in1 DB04255,1024,,,449000,2026-09-17,https://redstore.am/en/product/dell-14-plus-2in1-db04255
dell-14-premium-da14250,Dell 14 Premium DA14250,redstore,Dell 14 Premium DA14250,1024,,,1099000,2026-09-17,https://redstore.am/en/product/dell-14-premium-da14250
dell-15-5250,Dell 15 5250,redstore,Dell 15 5250,512,,,229000,2026-09-17,https://redstore.am/en/product/dell-15-5250
dell-15-dc15250-i5,Dell 15-DC15250(I5),allsell,Dell 15 DC15250 i5-1334U 8GB I 512GB (LDC15250-5315BLK-PUS),512,,,258000,2026-09-17,https://allsell.am/en/dell-15-dc15250-i5-1334u-8gb-i-512gb-ldc15250-5315blk-pus
dell-15-dc15250-i5,Dell 15-DC15250(I5),redstore,Dell 15-DC15250(I5),512,,,255000,2026-09-17,https://redstore.am/en/product/dell-15-dc15250i5
dell-15-dc15250-i5-16gb,Dell 15-DC15250(I5)(16GB),redstore,Dell 15-DC15250(I5)(16GB),512,,,299000,2026-09-17,https://redstore.am/en/product/dell-15-dc15250i516gb
dell-15-dc15250-i7-512gb,Dell 15-DC15250(I7)(512GB),redstore,Dell 15-DC15250(I7)(512GB),512,,,389000,2026-09-17,https://redstore.am/en/product/dell-15-dc15250i7512gb
dell-16-dc16250,Dell 16 DC16250,redstore,Dell 16 DC16250,1024,,,399000,2026-09-17,https://redstore.am/en/product/dell-16-dc16250
dell-16-dc16251,Dell 16-DC16251,planet3d,Dell 16 DC16251,512,,,279000,2026-09-17,https://3dplanet.am/en/store/product/dell-16-dc16251
dell-16-dc16251,Dell 16-DC16251,redstore,Dell 16-DC16251,512,,,275000,2026-09-17,https://redstore.am/en/product/dell-16-dc16251
dell-16-plus-2-in-1-db06250,Dell 16 Plus 2 in 1 DB06250,redstore,Dell 16 Plus 2 in 1 DB06250,1024,,,759000,2026-09-17,https://redstore.am/en/product/dell-16-plus-2-in-1-db06250
dell-alienware-15-da15265,Dell Alienware 15 DA15265,redstore,Dell Alienware 15 DA15265,512,,,539000,2026-09-17,https://redstore.am/en/product/dell-alienware-15-da15265
dell-alienware-16-aurora-ac16250-16gb-rtx-5050,Dell Alienware 16 Aurora-AC16250(16GB/RTX 5050),redstore,Dell Alienware 16 Aurora-AC16250(16GB/RTX 5050),1024,,,599000,2026-09-17,https://redstore.am/en/product/dell-alienware-16-aurora-ac1625016gbrtx-5050
dell-alienware-16-aurora-ac16250-16gb-rtx-5060,Dell Alienware 16 Aurora-AC16250(16GB/ RTX 5060),redstore,Dell Alienware 16 Aurora-AC16250(16GB/ RTX 5060),1024,,,659000,2026-09-17,https://redstore.am/en/product/dell-alienware-16-aurora-ac1625016gb-rtx-5060
dell-alienware-16x-aurora-ac16251-rtx-5060,Dell Alienware 16X Aurora-AC16251(RTX 5060),redstore,Dell Alienware 16X Aurora-AC16251(RTX 5060),1024,,,779000,2026-09-17,https://redstore.am/en/product/dell-alienware-16x-aurora-ac16251rtx-5060
dell-alienware-18-area-51-32gb-rtx-5080,Dell Alienware 18" Area-51(32GB/RTX 5080),redstore,Dell Alienware 18" Area-51(32GB/RTX 5080),1024,,,1799000,2026-09-17,https://redstore.am/en/product/dell-alienware-18-area-5132gbrtx-5080
dell-alienware-18-area-51-64gb-rtx-5080,Dell Alienware 18" Area-51(64GB/RTX 5080),redstore,Dell Alienware 18" Area-51(64GB/RTX 5080),64,,,1999000,2026-09-17,https://redstore.am/en/product/dell-alienware-18-area-5164gbrtx-5080
dell-alienware-da15260,Dell Alienware DA15260,redstore,Dell Alienware DA15260,512,,,559000,2026-09-17,https://redstore.am/en/product/dell-alienware-da15260
dell-alienware-x16-r2,Dell Alienware X16 R2,redstore,Dell Alienware X16 R2,2048,,,1999000,2026-09-17,https://redstore.am/en/product/dell-alienware-x16-r2
dell-g15-5520,Dell G15 5520,redstore,Dell G15 5520,256,,,429000,2026-09-17,https://redstore.am/en/product/dell-g15-5520
dell-g5-15-5535,Dell G5 15 5535,redstore,Dell G5 15 5535,512,,,529000,2026-09-17,https://redstore.am/en/product/dell-g5-15-5535
dell-inspiron-16,Dell Inspiron 16,mobilecentre,Dell PC Notebook Inspiron 16 / Core 5 120U / 8GB RAM / 512GB SSD / 16 inch WUXGA Touch / WIN11 (Ice Blue),512,Ice Blue,,289900,2026-09-17,https://mobilecentre.am/product/dell-pc-notebook-inspiron-16-_-core-5-120u-_-8gb-ram-_-512gb-ssd-_-16-inch-wuxga-touch-_-win11-_ice-blue_/34336/
dell-inspiron-7440-core-5,Dell Inspiron 7440(Core 5),redstore,Dell Inspiron 7440(Core 5),512,,,329000,2026-09-17,https://redstore.am/en/product/dell-inspiron-7440core-5
dell-inspiron-7440-core-7,Dell Inspiron 7440(Core 7),redstore,Dell Inspiron 7440(Core 7),512,,,399000,2026-09-17,https://redstore.am/en/product/dell-inspiron-7440core-7
dell-inspiron-7440-i5,Dell Inspiron 7440(I5),redstore,Dell Inspiron 7440(I5),512,,,329000,2026-09-17,https://redstore.am/en/product/dell-inspiron-7440i5
dell-led-e2020h,Dell LED E2020H,redstore,Dell LED E2020H,,,,59000,2026-09-17,https://redstore.am/en/product/dell-led-e2020h
dell-plus-16-db16250,Dell Plus 16 DB16250,redstore,Dell Plus 16 DB16250,1024,,,649000,2026-09-17,https://redstore.am/en/product/dell-plus-16-db16250
dell-plus-2in1-db04250,Dell Plus 2in1 DB04250,redstore,Dell Plus 2in1 DB04250,1024,,,699000,2026-09-17,https://redstore.am/en/product/dell-plus-2in1-db04250
dell-plus-2in1-db04250-7137,Dell Plus 2in1 DB04250-7137,redstore,Dell Plus 2in1 DB04250-7137,1024,,,419000,2026-09-17,https://redstore.am/en/product/dell-plus-2in1-db04250-7137
dell-plus-2in1-db04250-9168,Dell Plus 2in1 DB04250-9168,redstore,Dell Plus 2in1 DB04250-9168,1024,,,659000,2026-09-17,https://redstore.am/en/product/dell-plus-2in1-db04250-9168
dell-pro-14-plus-2in1-pb14250,Dell Pro 14 Plus 2in1 PB14250,redstore,Dell Pro 14 Plus 2in1 PB14250,512,,,509000,2026-09-17,https://redstore.am/en/product/dell-pro-14-plus-2in1-pb14250
dell-pro-15-essential-pv15250,Dell Pro 15 Essential(PV15250),redstore,Dell Pro 15 Essential(PV15250),512,,,349000,2026-09-17,https://redstore.am/en/product/dell-pro-15-essentialpv15250
dell-pro-15-essential-pv15250-core3,Dell Pro 15 Essential(PV15250)(Core3),redstore,Dell Pro 15 Essential(PV15250)(Core3),512,,,229000,2026-09-17,https://redstore.am/en/product/dell-pro-15-essentialpv15250core3
dell-pro-e2425hm,Dell Pro E2425HM,redstore,Dell Pro E2425HM,,,,55000,2026-09-17,https://redstore.am/en/product/dell-pro-e2425hm
dell-se2425hm,Dell SE2425HM,allsell,Մոնիտոր Dell SE2425HM,,,,48400,2026-09-17,https://allsell.am/en/dell-se2425hm
dell-se2425hm,Dell SE2425HM,redstore,Dell SE2425HM,,,,47000,2026-09-17,https://redstore.am/en/product/dell-se2425hm
dell-vostro-3530-i7,Dell Vostro 3530(I7),ibolit,Dell Vostro 3530 (i7/8/512),512,,,302000,2026-09-17,https://ibolit.mobi/product/dell-vostro-3530-i7-8-512/
dell-vostro-3530-i7,Dell Vostro 3530(I7),redstore,Dell Vostro 3530(I7),512,,,309000,2026-09-17,https://redstore.am/en/product/dell-vostro-3530i7
dell-wyse-5470,Dell Wyse 5470,redstore,Dell Wyse 5470,256,,,129000,2026-09-17,https://redstore.am/en/product/dell-wyse-5470
dell-wyse-5470-8gb-256gb,Dell Wyse 5470(8GB/256GB),redstore,Dell Wyse 5470(8GB/256GB),256,,,149000,2026-09-17,https://redstore.am/en/product/dell-wyse-54708gb256gb
dell-xps-13-dx13260,Dell XPS 13 DX13260,redstore,Dell XPS 13 DX13260,512,,,379000,2026-09-17,https://redstore.am/en/product/dell-xps-13-dx13260
dell-xps-9345-x-elite-16gb-512gb,Dell XPS 9345(X Elite)(16GB/512GB),redstore,Dell XPS 9345(X Elite)(16GB/512GB),512,,,589000,2026-09-17,https://redstore.am/en/product/dell-xps-9345x-elite16gb512gb
dell-xps-9345-x-elite-32gb-1tb,Dell XPS 9345(X Elite)(32GB/1TB),redstore,Dell XPS 9345(X Elite)(32GB/1TB),1024,,,899000,2026-09-17,https://redstore.am/en/product/dell-xps-9345x-elite32gb1tb
dell-xps-9345-x-plus,Dell XPS 9345(X Plus),redstore,Dell XPS 9345(X Plus),256,,,549000,2026-09-17,https://redstore.am/en/product/dell-xps-9345x-plus
dell-xps-9350-16gb-ultra-7,Dell XPS 9350(16GB/Ultra 7),redstore,Dell XPS 9350(16GB/Ultra 7),512,,,559000,2026-09-17,https://redstore.am/en/product/dell-xps-935016gbultra-7
dell-xps-9350-32gb-ultra-7,Dell XPS 9350(32GB/Ultra 7),redstore,Dell XPS 9350(32GB/Ultra 7),1024,,,999000,2026-09-17,https://redstore.am/en/product/dell-xps-935032gbultra-7
dell-xps-9350-ultra-9,Dell XPS 9350(Ultra 9),redstore,Dell XPS 9350(Ultra 9),1024,,,969000,2026-09-17,https://redstore.am/en/product/dell-xps-9350ultra-9
dell-xps-9440-rtx-4050,Dell XPS 9440(RTX 4050),redstore,Dell XPS 9440(RTX 4050),1024,,,899000,2026-09-17,https://redstore.am/en/product/dell-xps-9440rtx-4050
dell-xps-9640-1tb,Dell XPS 9640(1TB),redstore,Dell XPS 9640(1TB),1024,,,1299000,2026-09-17,https://redstore.am/en/product/dell-xps-96401tb
dell-xps-9640-512gb,Dell XPS 9640(512GB),redstore,Dell XPS 9640(512GB),512,,,1099000,2026-09-17,https://redstore.am/en/product/dell-xps-9640512gb
dell-xps-9640-rtx-4050,Dell XPS 9640(RTX 4050),redstore,Dell XPS 9640(RTX 4050),1024,,,799000,2026-09-17,https://redstore.am/en/product/dell-xps-9640rtx-4050
dji-mavic-3-pro,DJI Mavic 3 Pro,pixel,DJI Mavic 3 Pro,,,,1049000,,https://www.pixel.am/am/product/dji-mavic-3-pro
dji-mic,DJI Mic,pixel,DJI MIC (1TX + 1RX),,,,72900,,https://www.pixel.am/am/product/dji-mic-1tx-1rx
dji-mic,DJI Mic,pixel,DJI MIC Transmitter Wireless Microphone,,,,74900,,https://www.pixel.am/am/product/dji-mic-transmitter-wireless=microphone
dji-mic-2,DJI Mic 2,pixel,DJI MIC 2 (1TX + 1RX) Wireless Microphone,,,,92900,,https://www.pixel.am/am/product/dji-mic-2-wireless-microphone
dji-mic-2,DJI Mic 2,pixel,DJI MIC 2 (2 TX + 1 RX) Charging Case,,,,119900,,https://www.pixel.am/am/product/dji-mic-2
dji-mic-3,DJI Mic 3,pixel,DJI MIC 3 (1TX + 1RX),,,,106900,,https://www.pixel.am/am/product/dji-mic-3
dji-mic-3,DJI Mic 3,pixel,DJI MIC 3 COMBO (2 TX + 1 RX) Charging case,,,,134900,,https://www.pixel.am/am/product/dji-mic-3-charhing-case
dji-mic-mini,DJI Mic Mini,pixel,DJI MIC MINI Infinity Black,,,,31900,,https://www.pixel.am/am/product/dji-mic-mini-infinity-black
dji-mic-mini,DJI Mic Mini,pixel,DJI MIC MINI Arctic White,,,,31900,,https://www.pixel.am/am/product/dji-mic-mini-arctic-white
dji-mic-mini,DJI Mic Mini,pixel,DJI MIC MINI (1 TX + 1 RX),,,,39900,,https://www.pixel.am/am/product/dji-mic-mini-1tx-1rx
dji-mic-mini,DJI Mic Mini,pixel,DJI MIC MINI (2 TX + 1 MOBILE RX),,,,44900,,https://www.pixel.am/am/product/dji-mic-mini-2rx-1-mobile
dji-mic-mini,DJI Mic Mini,pixel,DJI MIC MINI (2 TX + 1 RX)+ Charging case,,,,59900,,https://www.pixel.am/am/product/dji-mic-mini-2tx-1rx-charging-case
dji-mic-mini-2,DJI Mic Mini 2,pixel,DJI MINI 2 (1 TX + 1 RX),,,,,,https://www.pixel.am/am/product/dji-mini-2-1tx-1rx
dji-mic-mini-2,DJI Mic Mini 2,pixel,DJI MIC MINI 2 ( 2 TX + 1 MOBILE RX ) Charging case,,,,66900,,https://www.pixel.am/am/product/dji-mic-mini-2-2tx-1-mobile-rx
dji-mic-mini-2,DJI Mic Mini 2,pixel,DJI MIC MINI 2 (2 TX + 1 RX) Charging case,,,,73900,,https://www.pixel.am/am/product/dji-mic-mini-2-2tx-1rx-charging-case
dji-osmo-360,DJI Osmo 360,pixel,DJI OSMO 360 CAMERA,,,,219000,,https://www.pixel.am/am/product/dji-osmo-360-camera
dji-osmo-action-6,DJI Osmo Action 6,pixel,DJI OSMO ACTION 6 CAMERA,,,,239000,,https://www.pixel.am/am/product/dji-osmo-action-6-camera
dji-osmo-mobile-6,DJI Osmo Mobile 6,pixel,DJI OSMO MOBILE 6 (Smartphone Stabilizer),,,,59900,,https://www.pixel.am/am/product/dji-osmo-mobile-6
dji-osmo-mobile-7,DJI Osmo Mobile 7,pixel,DJI OSMO MOBILE 7 (Smartphone Stabilizer),,,,53900,,https://www.pixel.am/am/product/dji-osmo-mobile-7
dji-osmo-mobile-7-p,DJI Osmo Mobile 7P,pixel,DJI OSMO MOBILE 7P,,,,67900,,https://www.pixel.am/am/product/dji-osmo-mobile-7p
dji-osmo-mobile-8,DJI Osmo Mobile 8,pixel,DJI OSMO MOBILE 8 (Device Only),,,,67900,,https://www.pixel.am/am/product/dji-osmo-mobile-8
dji-osmo-mobile-8,DJI Osmo Mobile 8,pixel,DJI OSMO MOBILE 8 (Smartphone Stabilizer),,,,73900,,https://www.pixel.am/am/product/dji-osmo-mobile-8-smartphone-stabilizer
dji-osmo-mobile-8-p,DJI Osmo Mobile 8 P,pixel,DJI OSMO MOBILE 8 P (Smartphone Stabilizer),,,,99900,,https://www.pixel.am/am/product/dji-osmo-mobile-8-p-smartphone-stabilizer-5767
dji-osmo-pocket-3,DJI Osmo Pocket 3,pixel,DJI OSMO POCKET 3 Creator COMBO,,,,279900,,https://www.pixel.am/am/product/dji-osmo-pocket-3
dji-osmo-pocket-4,DJI Osmo Pocket 4,pixel,DJI OSMO POCKET 4 Standart,,,,279900,,https://www.pixel.am/am/product/dji-osmo-pocket-4
dyson-airwrap-hs09,Dyson Airwrap HS09,ibolit,Dyson Airwrap HS09 Red Velvet,,Red,,294000,2026-09-17,https://ibolit.mobi/product/dyson-airwrap-hs09-red-velvet/
dyson-airwrap-hs09,Dyson Airwrap HS09,planet3d,Dyson Airwrap HS09 Ceramic Apricot/Topaz,,,,279000,2026-09-17,https://3dplanet.am/en/store/product/dyson-airwrap-hs09-ceramic-apricottopaz
dyson-airwrap-hs09,Dyson Airwrap HS09,redstore,Dyson Airwrap HS09 Ceramic Pink,,Pink,,265000,2026-09-17,https://redstore.am/en/product/dyson-airwrap-hs09-ceramic-pink
dyson-airwrap-hs09,Dyson Airwrap HS09,redstore,Dyson Airwrap HS09 Jasper Plum,,,,269000,2026-09-17,https://redstore.am/en/product/dyson-airwrap-hs09-jasper-plum
dyson-airwrap-hs09,Dyson Airwrap HS09,redstore,Dyson Airwrap HS09 Amber Silk,,Amber Silk,,329000,2026-09-17,https://redstore.am/en/product/dyson-airwrap-hs09-amber-silk
dyson-airwrap-hs09,Dyson Airwrap HS09,redstore,Dyson Airwrap HS09 Red Velvet,,Red,,339000,2026-09-17,https://redstore.am/en/product/dyson-airwrap-hs09-red-velvet
dyson-airwrap-hs09,Dyson Airwrap HS09,zigzag,Dyson Airwrap HS09,,Amber Silk,,329000,,https://www.zigzag.am/am/dyson-airwrap-hs09-multi-styler-amber-silk.html
dyson-gen5-detect,Dyson Gen5detect Absolute,eldorado,Cordless vacuum cleaner Dyson Gen5detect Absolute (Iron/Purple),,Prussian Blue/Copper,,419900,2026-09-17,https://eldorado.am/en/dyson-gen5detect-absolute-iron-purple
dyson-gen5-detect,Dyson Gen5detect Absolute,planet3d,Dyson Gen5detect Absolute (Iron/Purple),,Prussian Blue/Copper,,289000,2026-09-17,https://3dplanet.am/en/store/product/dyson-gen5detect-absolute-ironpurple
garmin-fenix-8,Garmin Fenix 8,,,,,,,,
gigabyte-gaming-a16-ga6h,Gigabyte Gaming A16 GA6H,redstore,Gigabyte Gaming A16 GA6H,1024,,,659000,2026-09-17,https://redstore.am/en/product/gigabyte-gaming-a16-ga6h
google-pixel-10,Google Pixel 10,allsell,Google Pixel 10,128,,,329900,2026-09-17,https://allsell.am/en/google-pixel-10
google-pixel-10,Google Pixel 10,ibolit,Google Pixel 10 12/256 FROST,256,Frost,,310000,2026-09-17,https://ibolit.mobi/product/google-pixel-10-12-256-frost/
google-pixel-10,Google Pixel 10,redstore,Google Pixel 10 12GB/256GB Indigo,256,Indigo,,369000,2026-09-17,https://redstore.am/en/product/google-pixel-10-12gb256gb-indigo
google-pixel-10,Google Pixel 10,telecom,Google Pixel 10,256,Indigo,,399900,2026-09-17,https://www.telecomarmenia.am/eshop/hy/smartphones/google-pixel10-12-256gb-indigo/2682/
google-pixel-10,Google Pixel 10,telecom,Google Pixel 10,256,,,399900,,https://www.telecomarmenia.am/eshop/en/smartphones/google-pixel10-12-256gb-indigo/2682/
google-pixel-10,Google Pixel 10,yerevanmobile,Google Pixel 10,128,,,339000,,
google-pixel-10-pro,Google Pixel 10 Pro,ibolit,Google Pixel 10 Pro 16/128GB Jade,128,Jade,,409000,2026-09-17,https://ibolit.mobi/product/google-pixel-10-pro-16-128gb-jade/
google-pixel-10-pro,Google Pixel 10 Pro,ibolit,Google Pixel 10 Pro 16/256GB Porcelain,256,Porcelain,,439000,2026-09-17,https://ibolit.mobi/product/google-pixel-10-pro-16-256gb-porcelain/
google-pixel-10a,Google Pixel 10a,ibolit,Google Pixel 10a/ 8/128 GB Obsidian,128,Obsidian,,229000,2026-09-17,https://ibolit.mobi/product/google-pixel-10a-8-128-gb-obsidian/
google-pixel-10a,Google Pixel 10a,telecom,Google Pixel 10a,128,Obsidian,,299900,2026-09-17,https://www.telecomarmenia.am/eshop/hy/smartphones/google-pixel-10a-8-128gb-obsidian/2670/
google-pixel-10a,Google Pixel 10a,telecom,Google Pixel 10a,128,,,299900,,https://www.telecomarmenia.am/eshop/en/smartphones/google-pixel-10a-8-128gb-obsidian/2670/
google-pixel-10a,Google Pixel 10a,yerevanmobile,Google Pixel 10a,128,,,229000,,
google-pixel-11-pro-xl,Google Pixel 11 Pro XL,allsell,Google Pixel 11 Pro XL,256,,,587700,,
google-pixel-11-pro-xl,Google Pixel 11 Pro XL,allsell,Google Pixel 11 Pro XL,512,,,647700,2026-09-17,https://allsell.am/en/google-pixel-11-pro-xl
google-pixel-11-pro-xl,Google Pixel 11 Pro XL,redstore,Google Pixel 11 Pro XL 12GB/256GB Obsidian,256,Obsidian,,599000,2026-09-17,https://redstore.am/en/product/google-pixel-11-pro-xl-12gb256gb-obsidian
google-pixel-11-pro-xl,Google Pixel 11 Pro XL,redstore,Google Pixel 11 Pro XL 12GB/256GB Fog,256,Fog,,599000,2026-09-17,https://redstore.am/en/product/google-pixel-11-pro-xl-12gb256gb-fog
google-pixel-11-pro-xl,Google Pixel 11 Pro XL,redstore,Google Pixel 11 Pro XL 12GB/256GB Olive,256,Olive,,599000,2026-09-17,https://redstore.am/en/product/google-pixel-11-pro-xl-12gb256gb-olive
google-pixel-11-pro-xl,Google Pixel 11 Pro XL,redstore,Google Pixel 11 Pro XL 12GB/256GB Cayon,256,,,599000,2026-09-17,https://redstore.am/en/product/google-pixel-11-pro-xl-12gb256gb-cayon
google-pixel-11-pro-xl,Google Pixel 11 Pro XL,redstore,Google Pixel 11 Pro XL 16GB/512GB Obsidian,512,Obsidian,,689000,2026-09-17,https://redstore.am/en/product/google-pixel-11-pro-xl-16gb512gb-obsidian
google-pixel-11-pro-xl,Google Pixel 11 Pro XL,redstore,Google Pixel 11 Pro XL 16GB/512GB Canyon,512,Canyon,,689000,2026-09-17,https://redstore.am/en/product/google-pixel-11-pro-xl-16gb512gb-canyon
google-pixel-11-pro-xl,Google Pixel 11 Pro XL,yerevanmobile,Google Pixel 11 Pro XL,256,,,599000,,
google-pixel-9a,Google Pixel 9a,redstore,Google Pixel 9A 8GB/256GB Obsidian,256,Obsidian,,269000,2026-09-17,https://redstore.am/en/product/google-pixel-9a-8gb256gb-obsidian
google-pixel-9a,Google Pixel 9a,redstore,Google Pixel 9A 8GB/256GB Porcelain,256,Porcelain,,269000,2026-09-17,https://redstore.am/en/product/google-pixel-9a-8gb256gb-porcelain
harman-kardon-aura-studio-4,Harman Kardon Aura Studio 4,ibolit,Harman Kardon Aura Studio 4 Black,,Black,,139900,2026-09-17,https://ibolit.mobi/product/harman-kardon-aura-studio-4-black/
harman-kardon-aura-studio-4,Harman Kardon Aura Studio 4,mobilecentre,Harman Kardon Aura Studio 4,,,,144900,,https://www.mobilecentre.am/product/harman-kardon-aurastudio-4-wireless-speaker-system-aurastudio4-bk-black/
harman-kardon-luna,Harman Kardon Luna,allsell,Harman Kardon Luna Portable Wireless Bluetooth Speaker,,,,74900,2026-09-17,https://allsell.am/en/harman-kardon-luna-portable-wireless-bluetooth-speaker
harman-kardon-luna,Harman Kardon Luna,eldorado,Speaker Harman Kardon Luna (HKLUNAGRYEU),,,,68900,2026-09-17,https://eldorado.am/en/harman-kardon-luna-hklunagryeu
harman-kardon-luna,Harman Kardon Luna,eldorado,Portable speaker Harman Kardon Luna 2 (HKLUNA2WSDEU) Warm Sand,,Sand,,79900,2026-09-17,https://eldorado.am/en/portable-speaker-harman-kardon-luna-2-hkluna2wsdeu-warm-sand
harman-kardon-luna,Harman Kardon Luna,ibolit,Harman Kardon Luna Black,,Black,,69900,2026-09-17,https://ibolit.mobi/product/harman-kardon-luna-black/
harman-kardon-luna,Harman Kardon Luna,ibolit,Harman Kardon Luna Gray,,Gray,,69900,2026-09-17,https://ibolit.mobi/product/harman-kardon-luna-gray/
harman-kardon-luna,Harman Kardon Luna,mobilecentre,Harman Kardon Luna,,,,74900,,https://www.mobilecentre.am/product/harman-kardon-luna-portable-wireless-bluetooth-speaker-black/
harman-kardon-luna,Harman Kardon Luna,planet3d,Harman Kardon Luna,,,,72000,2026-09-17,https://3dplanet.am/en/store/product/harman-kardon-luna
harman-kardon-luna,Harman Kardon Luna,vlv,Harman/Kardon LUNA 2 BLK (AM),,,,79900,2026-09-17,https://vlv.am/en/Product/48552
harman-kardon-onyx-studio-7,Harman Kardon Onyx Studio 7,ibolit,Harman Kardon Onyx Studio 7 Black,,,,85900,2026-09-17,https://ibolit.mobi/product/harman-kardon-onyx-studio-7-black/
harman-kardon-onyx-studio-7,Harman Kardon Onyx Studio 7,mobilecentre,Harman Kardon Onyx Studio 7,,,,109900,,https://www.mobilecentre.am/product/harman-kardon-onyx-studio-7-portable-bluetooth-speaker-_black_/26934/
harman-kardon-onyx-studio-7,Harman Kardon Onyx Studio 7,redstore,Harman Kardon Onyx Studio 7 Blue,,,,79000,2026-09-17,https://redstore.am/en/product/harman-kardon-onyx-studio-7-blue
honor-400,Honor Honor 400,allsell,Honor 400,256,,,174900,2026-09-17,https://allsell.am/en/honor-400
honor-400,Honor Honor 400,ibolit,HONOR 400 12/512GB Midnight Black,512,Black,,179000,2026-09-17,https://ibolit.mobi/product/honor-400-12-512gb-midnight-black/
honor-400,Honor Honor 400,vlv,HONOR 400 12/512GB Midnight Black,512,Black,,199900,2026-09-17,https://vlv.am/en/Product/39881
honor-400-pro,Honor Honor 400 Pro,ibolit,Honor 400 Pro/Midnight Black 12/512,512,Black,,269000,2026-09-17,https://ibolit.mobi/product/honor-400-pro-midnight-black-12-512/
honor-400-pro,Honor Honor 400 Pro,ibolit,Honor 400 Pro/Lunar Grey 12/512,512,Lunar Grey,,269000,2026-09-17,https://ibolit.mobi/product/honor-400-pro-lunar-grey-12-512/
honor-400-pro,Honor Honor 400 Pro,yerevanmobile,Honor 400 Pro,512,,,269000,,
honor-magic-7-pro,Honor Magic7 Pro,yerevanmobile,Honor Magic 7 Pro,512,,,379000,,
honor-magicbook-x16-plus,Honor MagicBook X16 Plus,eldorado,Laptop HONOR MagicBook X16 Plus 2025 (5301ALVX) Space Gray,1024,Space Gray,,379900,2026-09-17,https://eldorado.am/en/honor-magicbook-x16-plus-16-16-512-space-gray-dos-5301alvx
honor-magicbook-x16-plus,Honor MagicBook X16 Plus,vlv,HONOR MagicBook X16 Plus Core 5 220H 16GB 1TB W11 (5301ALVV/BRB-X),1024,Space Gray,,449900,2026-09-17,https://vlv.am/en/Product/37828
honor-x7c,Honor X7c,,,,,,,,
honor-x8c,Honor X8c,allsell,Honor X8c,128,,,94900,2026-09-17,https://allsell.am/en/honor-x8c
honor-x9b,Honor X9b 5G,ibolit,Honor X9b 256GB,256,,,114900,2026-09-17,https://ibolit.mobi/product/honor-x9b-256gb/
honor-x9c,Honor Honor X9c,redstore,Honor X9C 8GB/256GB Jade Cyan,256,Jade Cyan,,124000,2026-09-17,https://redstore.am/en/product/honor-x9c-8gb256gb-jade-cyan
honor-x9c,Honor Honor X9c,redstore,Honor X9C,256,Titanium Black,,159000,,https://redstore.am/product/honor-x9c-12gb256gb-titanium-black
honor-x9c,Honor Honor X9c,vlv,HONOR X9c 8/256GB Titanium Purple,256,Titanium Purple,,139900,2026-09-17,https://vlv.am/en/Product/36637
hp-14-dq6015dx,HP 14 DQ6015DX,redstore,HP 14 DQ6015DX,128,,,159000,2026-09-17,https://redstore.am/en/product/hp-14-dq6015dx
hp-14-em0002wm,HP 14-EM0002WM,redstore,HP 14-EM0002WM,128,,,139000,2026-09-17,https://redstore.am/en/product/hp-14-em0002wm
hp-15-fc0146dx,HP 15-FC0146DX,mobilecentre,HP PC Notebook 15-FC0146DX / Ryzen 5 7520U / 8GB RAM / 512GB SSD / 15.6 inch FHD Touch / WIN11(Natural Silver),512,Natural Silver,,244900,2026-09-17,https://mobilecentre.am/product/hp-pc-notebook-15-fc0146dx-_-ryzen-5-7520u-_-8gb-ram-_-512gb-ssd-_-15.6-inch-fhd-touch-_-win11_natural-silver_/34337/
hp-15-fc0146dx,HP 15-FC0146DX,redstore,HP 15-FC0146DX,512,,,239000,2026-09-17,https://redstore.am/en/product/hp-15-fc0146dx
hp-15-fc0196nia,HP 15-FC0196NIA,redstore,HP 15-FC0196NIA,512,,,239000,2026-09-17,https://redstore.am/en/product/hp-15-fc0196nia
hp-15-fd0113dx,HP 15-FD0113DX,allsell,HP 15-fd0113dx 8GB I 128GB (C0CM1UA),128,,,179000,2026-09-17,https://allsell.am/en/hp-15-fd0113dx-8gb-i-128gb-c0cm1ua
hp-15-fd0113dx,HP 15-FD0113DX,ibolit,HP 15-fd0113dx (C0CM1UA),128,,,166000,2026-09-17,https://ibolit.mobi/product/hp-15-fd0113dx-c0cm1ua/
hp-15-fd0113dx,HP 15-FD0113DX,notebookcentre,HP 15-fd0113dx (C0CM1UA),,,,179000,,
hp-15-fd0113dx,HP 15-FD0113DX,redstore,HP 15-FD0113DX,128,,,179000,2026-09-17,https://redstore.am/en/product/hp-15-fd0113dx
hp-15-fd0123dx,HP 15-FD0123DX,redstore,HP 15-FD0123DX,256,,,219000,2026-09-17,https://redstore.am/en/product/hp-15-fd0123dx
hp-15-fd0133wm,HP 15-FD0133WM,mobilecentre,HP PC Notebook 15-FD0133WM / Core i3-N305 / 8GB RAM / 256GB SSD / 15.6 inch FHD / WIN11 (Natural Silver),256,Natural Silver,,219900,2026-09-17,https://mobilecentre.am/product/hp-pc-notebook-15-fd0133wm-_-core-i3-n305-_-8gb-ram-_-256gb-ssd-_-15.6-inch-fhd-_-win11-_natural-silver_/34339/
hp-15-fd0133wm,HP 15-FD0133WM,redstore,HP 15-FD0133WM,256,,,199000,2026-09-17,https://redstore.am/en/product/hp-15-fd0133wm
hp-15-fd0153dx,HP 15-FD0153DX,redstore,HP 15-FD0153DX,256,,,219000,2026-09-17,https://redstore.am/en/product/hp-15-fd0153dx
hp-15-fd0154wm-i5,HP 15-FD0154WM(I5),ibolit,HP 15-FD0154WM I5 8/512,512,,,285000,2026-09-17,https://ibolit.mobi/product/hp-15-fd0154wm-i5-8-512/
hp-15-fd0154wm-i5,HP 15-FD0154WM(I5),redstore,HP 15-FD0154WM(I5),512,,,269000,2026-09-17,https://redstore.am/en/product/hp-15-fd0154wmi5
hp-15-fd0180nia,HP 15-FD0180NIA,redstore,HP 15-FD0180NIA,512,,,249000,2026-09-17,https://redstore.am/en/product/hp-15-fd0180nia
hp-15-fd0250wm,HP 15-FD0250WM,allsell,HP 15-fd0250wm (BY0S6UA),512,,,247000,2026-09-17,https://allsell.am/en/hp-15-fd0250wm-by0s6ua
hp-15-fd0250wm,HP 15-FD0250WM,notebookcentre,HP 15-fd0250wm (BY0S6UA),,,,259000,,https://notebookcentre.am/en/category/notebooks?sort=low&page=2
hp-15-fd0250wm,HP 15-FD0250WM,redstore,HP 15-FD0250WM,512,,,269000,2026-09-17,https://redstore.am/en/product/hp-15-fd0250wm
hp-15-fd0336nia,HP 15-FD0336NIA,redstore,HP 15-FD0336NIA,256,,,199000,2026-09-17,https://redstore.am/en/product/hp-15-fd0336nia
hp-15-fd0531nia,HP 15-FD0531NIA,allsell,HP 15-fd0531nia 8GB I 256GB (B82HWEA/8),256,,,229000,2026-09-17,https://allsell.am/en/hp-15-fd0531nia-8gb-i-256gb-b82hwea-8
hp-15-fd0531nia,HP 15-FD0531NIA,notebookcentre,HP 15-fd0113dx (C0CM1UA),,,,,,https://notebookcentre.am/en/category/notebooks?sort=low
hp-15-fd0531nia,HP 15-FD0531NIA,notebookcentre,HP 15-fd0531nia (B82HWEA/8),,,,229000,,
hp-15-fd0531nia,HP 15-FD0531NIA,redstore,HP 15-FD0531NIA,256,,,209000,2026-09-17,https://redstore.am/en/product/hp-15-fd0531nia
hp-15-fd0531nia-512gb,HP 15-FD0531NIA(512GB),redstore,HP 15-FD0531NIA(512GB),512,,,229000,2026-09-17,https://redstore.am/en/product/hp-15-fd0531nia512gb
hp-15-fd1899nr,HP 15-FD1899NR,redstore,HP 15-FD1899NR,512,,,318000,2026-09-17,https://redstore.am/en/product/hp-15-fd1899nr
hp-15-fd2050wm,HP 15-FD2050WM,allsell,HP 15-fd2050wm 16GB I 512GB (D4JK5UA/16),512,,,335000,2026-09-17,https://allsell.am/en/hp-15-fd2050wm-16gb-i-512gb-d4jk5ua-16
hp-15-fd2050wm,HP 15-FD2050WM,mobilecentre,HP PC Notebook 15-FD2050WM / Ultra 5 225U / 8GB RAM / 512GB SSD / 15.6 inch FHD Touch / WIN11 (Natural Silver),512,Natural Silver,,279900,2026-09-17,https://mobilecentre.am/product/hp-pc-notebook-15-fd2050wm-_-ultra-5-225u-_-8gb-ram-_-512gb-ssd-_-15.6-inch-fhd-touch-_-win11-_natural-silver_/34342/
hp-15-fd2050wm,HP 15-FD2050WM,redstore,HP 15-FD2050WM,512,,,289000,2026-09-17,https://redstore.am/en/product/hp-15-fd2050wm
hp-15-fd2747nr,HP HP 15-FD2747NR,mobilecentre,HP PC Notebook 15-FD2747NR / Ultra 7 255U / 16GB RAM / 512GB SSD / 15.6 inch FHD Touch / WIN11 (Natural Silver),512,Silver,,389900,2026-09-17,https://mobilecentre.am/product/hp-pc-notebook-15-fd2747nr-_-ultra-7-255u-_-16gb-ram-_-512gb-ssd-_-15.6-inch-fhd-touch-_-win11-_natural-silver_/34343/
hp-15t-dw300,HP 15T-DW300,redstore,HP 15T-DW300,512,,,429000,2026-09-17,https://redstore.am/en/product/hp-15t-dw300
hp-15t-fd100-ultra-5,HP 15T-FD100(Ultra 5),redstore,HP 15T-FD100(Ultra 5),256,,,329000,2026-09-17,https://redstore.am/en/product/hp-15t-fd100ultra-5
hp-15t-fd100-ultra-7,HP 15T-FD100(Ultra 7),redstore,HP 15T-FD100(Ultra 7),256,,,359000,2026-09-17,https://redstore.am/en/product/hp-15t-fd100ultra-7
hp-21-5-led-22fw,HP 21.5'' LED (22FW),redstore,HP 21.5'' LED (22FW),,,,69000,2026-09-17,https://redstore.am/en/product/hp-215-led-22fw
hp-21-5-led-m22f,HP 21.5'' LED (M22F),redstore,HP 21.5'' LED (M22F),,,,59000,2026-09-17,https://redstore.am/en/product/hp-215-led-m22f
hp-24-led-m24fw,HP 24'' LED (M24FW),redstore,HP 24'' LED (M24FW),,,,69000,2026-09-17,https://redstore.am/en/product/hp-24-led-m24fw
hp-527sf,HP 527SF,redstore,HP 527SF,,,,89000,2026-09-17,https://redstore.am/en/product/hp-527sf
hp-elitebook-ultra-g1q,HP EliteBook Ultra G1Q,redstore,HP EliteBook Ultra G1Q,512,,,769000,2026-09-17,https://redstore.am/en/product/hp-elitebook-ultra-g1q
hp-elitebook-ultra-g1q-1tb-ssd,HP EliteBook Ultra G1Q(1TB SSD),redstore,HP EliteBook Ultra G1Q(1TB SSD),1024,,,799000,2026-09-17,https://redstore.am/en/product/hp-elitebook-ultra-g1q1tb-ssd
hp-envy-15-fe1165nr,HP Envy 15-FE1165NR,redstore,HP Envy 15-FE1165NR,512,,,379000,2026-09-17,https://redstore.am/en/product/hp-envy-15-fe1165nr
hp-hyperx-omen-15-ga0762nr,HP HyperX OMEN 15-GA0762NR,redstore,HP HyperX OMEN 15-GA0762NR,1024,,,699000,2026-09-17,https://redstore.am/en/product/hp-hyperx-omen-15-ga0762nr
hp-hyperx-omen-16-am2013dx,HP HyperX OMEN 16-AM2013DX,redstore,HP HyperX OMEN 16-AM2013DX,512,,,729000,2026-09-17,https://redstore.am/en/product/hp-hyperx-omen-16-am2013dx
hp-hyperx-omen-16-ap1023dx,HP HyperX OMEN 16-AP1023DX,redstore,HP HyperX OMEN 16-AP1023DX,1024,,,799000,2026-09-17,https://redstore.am/en/product/hp-hyperx-omen-16-ap1023dx
hp-omen-16-ap0167ax,HP Omen 16-AP0167AX,redstore,HP Omen 16-AP0167AX,512,,,699000,2026-09-17,https://redstore.am/en/product/hp-omen-16-ap0167ax
hp-omen-16t-wf100-rtx-4070,HP Omen 16T-WF100(RTX 4070),redstore,HP Omen 16T-WF100(RTX 4070),512,,,699000,2026-09-17,https://redstore.am/en/product/hp-omen-16t-wf100rtx-4070
hp-omen-slim-16-an0008tx,HP Omen Slim 16-AN0008TX,redstore,HP Omen Slim 16-AN0008TX,1024,,,759000,2026-09-17,https://redstore.am/en/product/hp-omen-slim-16-an0008tx
hp-omnibook-3-16-bu0007dx,HP OmniBook 3 16-BU0007DX,redstore,HP OmniBook 3 16-BU0007DX,512,,,399000,2026-09-17,https://redstore.am/en/product/hp-omnibook-3-16-bu0007dx
hp-omnibook-3-16-bu0305dx,HP OmniBook 3 16-BU0305DX,redstore,HP OmniBook 3 16-BU0305DX,512,,,359000,2026-09-17,https://redstore.am/en/product/hp-omnibook-3-16-bu0305dx
hp-omnibook-3-16-by0205dx,HP OmniBook 3 16-BY0205DX,redstore,HP OmniBook 3 16-BY0205DX,256,,,287000,2026-09-17,https://redstore.am/en/product/hp-omnibook-3-16-by0205dx
hp-omnibook-3-17-dg0107dx,HP OmniBook 3 17-DG0107DX,notebookcentre,Lenovo LOQ 15IRX9 (83DV00FMRK),,,,,,https://notebookcentre.am/en/category/notebooks?sort=low&page=4
hp-omnibook-3-17-dg0107dx,HP OmniBook 3 17-DG0107DX,notebookcentre,HP OmniBook 3 17-dg0107dx  (D7NF3UA),,,,465000,,
hp-omnibook-3-17-dg0107dx,HP OmniBook 3 17-DG0107DX,redstore,HP OmniBook 3 17-DG0107DX,512,,,399000,2026-09-17,https://redstore.am/en/product/hp-omnibook-3-17-dg0107dx
hp-omnibook-5-16-af1095cl,HP OmniBook 5 16-AF1095CL,redstore,HP OmniBook 5 16-AF1095CL,1024,,,645000,2026-09-17,https://redstore.am/en/product/hp-omnibook-5-16-af1095cl
hp-omnibook-7-16-az0595,HP OmniBook 7 16-AZ0595,redstore,HP OmniBook 7 16-AZ0595,1024,,,459000,2026-09-17,https://redstore.am/en/product/hp-omnibook-7-16-az0595
hp-omnibook-flip-5-14-fp0057nr,HP OmniBook Flip 5 14-FP0057NR,,,,,,,,
hp-omnibook-ultra-flip-14,HP OmniBook Ultra Flip 14,redstore,HP OmniBook Ultra Flip 14-FH0013DX,512,Gray,,599000,2026-09-17,https://redstore.am/en/product/hp-omnibook-ultra-flip-14-fh0013dx
hp-omnibook-ultra-flip-14,HP OmniBook Ultra Flip 14,zigzag,HP OmniBook Ultra Flip,512,Gray,,759000,,https://www.zigzag.am/en/hp-omnibook-ultra-flip-14-oled-ultra-5-226v-16gb-512gb-w11h-gray-b5dx5ea.html
hp-omnibook-x-17-dd0047nr,HP OmniBook X 17-DD0047NR,redstore,HP OmniBook X 17-DD0047NR,512,,,479000,2026-09-17,https://redstore.am/en/product/hp-omnibook-x-17-dd0047nr
hp-omnibook-x-flip-14-fm0013dx,HP OmniBook X Flip 14-FM0013DX,redstore,HP OmniBook X Flip 14-FM0013DX,512,,,379000,2026-09-17,https://redstore.am/en/product/hp-omnibook-x-flip-14-fm0013dx
hp-omnibook-x-flip-16-as0023dx,HP OmniBook X Flip 16-AS0023DX,planet3d,HP OmniBook X Flip 16-AS0023DX,1024,,,499000,2026-09-17,https://3dplanet.am/en/store/product/hp-omnibook-x-flip-16-as0023dx
hp-omnibook-x-flip-16-as0023dx,HP OmniBook X Flip 16-AS0023DX,redstore,HP OmniBook X Flip 16-AS0023DX,1024,,,419000,2026-09-17,https://redstore.am/en/product/hp-omnibook-x-flip-16-as0023dx
hp-omnibook-x-flip-16-as0043dx,HP OmniBook X Flip 16-AS0043DX,ibolit,HP OmniBook X Flip 16-as0043dx (BZ0N2UA) OLED,2048,,,755000,2026-09-17,https://ibolit.mobi/product/hp-omnibook-x-flip-16-as0043dx-bz0n2ua-oled/
hp-omnibook-x-flip-16-as0043dx,HP OmniBook X Flip 16-AS0043DX,redstore,HP OmniBook X Flip 16-AS0043DX,2048,,,899000,2026-09-17,https://redstore.am/en/product/hp-omnibook-x-flip-16-as0043dx
hp-omnibook-x-flip-16-be0003dx,HP OmniBook X Flip 16-BE0003DX,redstore,HP OmniBook X Flip 16-BE0003DX,512,,,339000,2026-09-17,https://redstore.am/en/product/hp-omnibook-x-flip-16-be0003dx
hp-omnibook-x-flip-2in1-16t-as000,HP OmniBook X Flip 2in1 16T-AS000,redstore,HP OmniBook X Flip 2in1 16T-AS000,512,,,479000,2026-09-17,https://redstore.am/en/product/hp-omnibook-x-flip-2in1-16t-as000
hp-probook-440-g10,HP ProBook 440 G10,ibolit,HP ProBook 440 G10 (816N5EA),512,,,384000,2026-09-17,https://ibolit.mobi/product/hp-probook-440-g10-816n5ea/
hp-probook-440-g10,HP ProBook 440 G10,redstore,HP ProBook 440 G10,512,,,379000,2026-09-17,https://redstore.am/en/product/hp-probook-440-g10
hp-s5-524sh,HP S5 524SH,redstore,HP S5 524SH,,,,67000,2026-09-17,https://redstore.am/en/product/hp-s5-524sh
hp-victus-15,HP Victus 15-fa2262ci,vlv,HP Victus 15-fa2262ci Core 5 - 210H/15.6 8/512 RT3050 DR9V2EA,512,Mica Silver,,699900,2026-09-17,https://vlv.am/en/Product/48132
hp-victus-15-fa2013dx,HP Victus 15-FA2013DX,allsell,HP Victus 15-fa2013dx Core i5 8GB I 512GB,512,,,340000,2026-09-17,https://allsell.am/en/hp-victus-15-fa2013dx-core-i5-8gb-i-512gb
hp-victus-15-fa2013dx,HP Victus 15-FA2013DX,ibolit,HP VICTUS 15-FA2013DX I5-13420 8/512 RTX3050,512,,,419900,2026-09-17,https://ibolit.mobi/product/hp-victus-15-fa2013dx-i5-13420-8-512-rtx3050/
hp-victus-15-fa2013dx,HP Victus 15-FA2013DX,redstore,HP Victus 15-FA2013DX,512,,,349000,2026-09-17,https://redstore.am/en/product/hp-victus-15-fa2013dx
hp-victus-15-fa2082wm,HP Victus 15-FA2082WM,allsell,HP Victus 15-fa2082wm 16GB I 512GB (B5EQ3UA),512,,,395000,2026-09-17,https://allsell.am/en/hp-victus-15-fa2082wm-16gb-i-512gb-b5eq3ua
hp-victus-15-fa2093dx,HP Victus 15-FA2093DX,redstore,HP Victus 15-FA2093DX,1024,,,539000,2026-09-17,https://redstore.am/en/product/hp-victus-15-fa2093dx
hp-victus-15-fa2317tx,HP Victus 15-FA2317TX,redstore,HP Victus 15-FA2317TX,512,,,479000,2026-09-17,https://redstore.am/en/product/hp-victus-15-fa2317tx
hp-victus-15-fa2318tx,HP Victus 15-FA2318TX,redstore,HP Victus 15-FA2318TX,512,,,459000,2026-09-17,https://redstore.am/en/product/hp-victus-15-fa2318tx
hp-victus-15-fa2787nr,HP Victus 15-FA2787NR,ibolit,HP Victus 15-fa2787nr (BM7B7UA),512,,,509000,2026-09-17,https://ibolit.mobi/product/hp-victus-15-fa2787nr-bm7b7ua/
hp-victus-15-fa2787nr,HP Victus 15-FA2787NR,redstore,HP Victus 15-FA2787NR,512,,,505000,2026-09-17,https://redstore.am/en/product/hp-victus-15-fa2787nr
hp-victus-15-fb3001nr,HP Victus 15-FB3001NR,redstore,HP Victus 15-FB3001NR,1024,,,539000,2026-09-17,https://redstore.am/en/product/hp-victus-15-fb3001nr
hp-victus-15-fb3093dx,HP Victus 15-FB3093DX,redstore,HP Victus 15-FB3093DX,512,,,429000,2026-09-17,https://redstore.am/en/product/hp-victus-15-fb3093dx
huawei-led-23-8-ad80hw,Huawei LED 23.8" AD80HW,redstore,Huawei LED 23.8" AD80HW,,,,79000,2026-09-17,https://redstore.am/en/product/huawei-led-238-ad80hw
jbl-authentics-200,JBL Authentics 200,allsell,JBL Authentics 200 Smart Home Speaker with WIFI,,,,139900,2026-09-17,https://allsell.am/en/jbl-authentics-200-smart-home-speaker-with-wifi
jbl-authentics-200,JBL Authentics 200,ibolit,JBL Authentics 200,,,,169900,2026-09-17,https://ibolit.mobi/product/jbl-authentics-200/
jbl-authentics-200,JBL Authentics 200,mobilecentre,JBL Authentics 200,,,,209900,,https://www.mobilecentre.am/product/jbl-authentics-200-wifi-bluetooth-speaker-auth200-blk-black/
jbl-authentics-200,JBL Authentics 200,redstore,JBL Authentics 200 Black,,Black,,168000,2026-09-17,https://redstore.am/en/product/jbl-authentics-200-black
jbl-authentics-500,JBL Authentics 500,ibolit,JBL Authentics 500,,,,244900,2026-09-17,https://ibolit.mobi/product/jbl-authentics-500/
jbl-authentics-500,JBL Authentics 500,mobilecentre,JBL Authentics 500,,,,319900,,https://www.mobilecentre.am/product/jbl-speaker-authentics-500-wifi-bluetooth-black/
jbl-authentics-500,JBL Authentics 500,redstore,JBL Authentics 500 Black,,Black,,289000,2026-09-17,https://redstore.am/en/product/jbl-authentics-500-black
jbl-boombox-2,JBL Boombox 2,allsell,Jbl Boombox 2,,,,206990,2026-09-17,https://allsell.am/en/jbl-boombox-2
jbl-boombox-2,JBL Boombox 2,ibolit,JBL Boombox 2 Black,,Black,,152900,2026-09-17,https://ibolit.mobi/product/jbl-boombox-2-black/
jbl-boombox-2,JBL Boombox 2,mobilecentre,JBL Boombox 2,,,,239900,,https://www.mobilecentre.am/product/jbl-boombox-2-portable-bluetooth-speaker/
jbl-charge-5,JBL Charge 5,ibolit,JBL Charge 5 Blue,,Blue,,54900,2026-09-17,https://ibolit.mobi/product/jbl-charge-5-blue/
jbl-charge-5,JBL Charge 5,ibolit,JBL Charge 5 Gray,,Gray,,54900,2026-09-17,https://ibolit.mobi/product/jbl-charge-5-gray/
jbl-charge-5,JBL Charge 5,ibolit,JBL Charge 5 Green,,Green,,54900,2026-09-17,https://ibolit.mobi/product/jbl-charge-5-green/
jbl-charge-5,JBL Charge 5,ibolit,JBL Charge 5 Pink,,Pink,,54900,2026-09-17,https://ibolit.mobi/product/jbl-charge-5-pink/
jbl-charge-5,JBL Charge 5,mobilecentre,JBL Charge 5,,,,64900,,https://www.mobilecentre.am/product/jbl-charge-5-portable-wireless-speaker-_squad_/31840/
jbl-charge-5,JBL Charge 5,planet3d,JBL Charge 5,,,,55000,2026-09-17,https://3dplanet.am/en/store/product/jbl-charge-5
jbl-clip-5,JBL Clip 5,eldorado,Speaker JBL Clip 5 Black,,Black,,24900,2026-09-17,https://eldorado.am/en/jbl-clip-5-black
jbl-clip-5,JBL Clip 5,eldorado,Speaker JBL Clip 5 PUR,,Blue,,24900,2026-09-17,https://eldorado.am/en/jbl-clip-5-blue-2
jbl-clip-5,JBL Clip 5,eldorado,Speaker JBL Clip 5 Portable White,,White,,24900,2026-09-17,https://eldorado.am/en/jbl-clip-5-white
jbl-clip-5,JBL Clip 5,ibolit,JBL Clip 5 Black,,Black,,26900,2026-09-17,https://ibolit.mobi/product/jbl-clip-5-black/
jbl-clip-5,JBL Clip 5,ibolit,JBL Clip 5 Blue,,Blue,,26900,2026-09-17,https://ibolit.mobi/product/jbl-clip-5-blue/
jbl-clip-5,JBL Clip 5,ibolit,JBL Clip 5 Pink,,Pink,,26900,2026-09-17,https://ibolit.mobi/product/jbl-clip-5-pink/
jbl-clip-5,JBL Clip 5,ibolit,JBL Clip 5 Purple,,Purple,,26900,2026-09-17,https://ibolit.mobi/product/jbl-clip-5-purple/
jbl-clip-5,JBL Clip 5,ibolit,JBL Clip 5 Red,,Red,,26900,2026-09-17,https://ibolit.mobi/product/jbl-clip-5-red/
jbl-clip-5,JBL Clip 5,ibolit,JBL Clip 5 Squad,,,,26900,2026-09-17,https://ibolit.mobi/product/jbl-clip-5-squad/
jbl-clip-5,JBL Clip 5,mobilecentre,JBL Clip 5,,,,26900,,https://www.mobilecentre.am/product/jbl-clip-5-portable-wireless-speaker-_blue_/31841/
jbl-clip-5,JBL Clip 5,planet3d,JBL Clip 5,,,,24000,2026-09-17,https://3dplanet.am/en/store/product/jbl-clip-5
jbl-clip-5,JBL Clip 5,redstore,JBL Clip 5 Squad,,,,24000,2026-09-17,https://redstore.am/en/product/jbl-clip-5-squad
jbl-clip-5,JBL Clip 5,redstore,JBL Clip 5 Black,,Black,,24000,2026-09-17,https://redstore.am/en/product/jbl-clip-5-black
jbl-clip-5,JBL Clip 5,redstore,JBL Clip 5 Red,,Red,,24000,2026-09-17,https://redstore.am/en/product/jbl-clip-5-red
jbl-clip-5,JBL Clip 5,redstore,JBL Clip 5 Pink,,Pink,,24000,2026-09-17,https://redstore.am/en/product/jbl-clip-5-pink
jbl-clip-5,JBL Clip 5,vlv,JBL CLIP 5 BLK (AM),,,,24900,2026-09-17,https://vlv.am/en/Product/48549
jbl-flip-7,JBL Flip 7,allsell,Բարձրախոս JBL Flip 7,,,,57900,2026-09-17,https://allsell.am/en/jbl-flip-7
jbl-flip-7,JBL Flip 7,eldorado,Portable speaker JBL Flip 7 Black,,Black,,69900,2026-09-17,https://eldorado.am/en/portable-speaker-jbl-flip-7-black
jbl-flip-7,JBL Flip 7,eldorado,Portable speaker JBL Flip 7 pink,,Pink,,69900,2026-09-17,https://eldorado.am/en/portable-speaker-jbl-flip-7-pink
jbl-flip-7,JBL Flip 7,eldorado,Portable speaker JBL Flip 7 PUR,,,,69900,2026-09-17,https://eldorado.am/en/portable-speaker-jbl-flip-7-pur
jbl-flip-7,JBL Flip 7,eldorado,Portable speaker JBL Flip 7 red,,Red,,69900,2026-09-17,https://eldorado.am/en/portable-speaker-jbl-flip-7-red
jbl-flip-7,JBL Flip 7,mobilecentre,JBL Flip 7,,,,54900,,https://www.mobilecentre.am/product/jbl-flip-7-waterproof-portable-bluetooth-speaker-flip7-sqd-squad/
jbl-flip-7,JBL Flip 7,planet3d,JBL Flip 7,,,,48000,2026-09-17,https://3dplanet.am/en/store/product/jbl-flip-7
jbl-flip-7,JBL Flip 7,redstore,JBL Flip 7 Red,,Red,,53000,2026-09-17,https://redstore.am/en/product/jbl-flip-7-red
jbl-flip-7,JBL Flip 7,redstore,JBL Flip 7 Pink,,Pink,,53000,2026-09-17,https://redstore.am/en/product/jbl-flip-7-pink
jbl-flip-7,JBL Flip 7,redstore,JBL Flip 7 Squad,,,,53000,2026-09-17,https://redstore.am/en/product/jbl-flip-7-squad
jbl-flip-7,JBL Flip 7,redstore,JBL Flip 7 White,,White,,53000,2026-09-17,https://redstore.am/en/product/jbl-flip-7-white
jbl-flip-7,JBL Flip 7,redstore,JBL Flip 7 Sand,,Sand,,53000,2026-09-17,https://redstore.am/en/product/jbl-flip-7-sand
jbl-flip-7,JBL Flip 7,vlv,JBL FLIP 7 SQUAD,,,,69000,2026-09-17,https://vlv.am/en/Product/37948
jbl-go-4,JBL Go 4,allsell,JBL Go 4 Portable Wireless Speaker,,,,22900,2026-09-17,https://allsell.am/en/jbl-go-4-portable-wireless-speaker
jbl-go-4,JBL Go 4,eldorado,Portable speaker JBL GO 4 pink,,Pink,,19900,2026-09-17,https://eldorado.am/en/portable-speaker-jbl-go-4-pink
jbl-go-4,JBL Go 4,eldorado,Speaker JBL GO 4 Blue,,Blue,,19900,2026-09-17,https://eldorado.am/en/jbl-go-4-blue
jbl-go-4,JBL Go 4,eldorado,Speaker JBL GO 4 SQUAD,,,,19900,2026-09-17,https://eldorado.am/en/jbl-go-4-squad
jbl-go-4,JBL Go 4,eldorado,Speaker JBL GO 4 Black,,Black,,19900,2026-09-17,https://eldorado.am/en/jbl-go-4-black
jbl-go-4,JBL Go 4,eldorado,Speaker JBL GO 4 Red,,Red,,19900,2026-09-17,https://eldorado.am/en/jbl-go-4-red
jbl-go-4,JBL Go 4,ibolit,JBL GO 4 Black,,Black,,21900,2026-09-17,https://ibolit.mobi/product/jbl-go-4-black/
jbl-go-4,JBL Go 4,mobilecentre,JBL Go 4,,,,21900,,https://www.mobilecentre.am/product/jbl-go-4-portable-wireless-speaker-_squad_/31378/
jbl-go-4,JBL Go 4,planet3d,JBL Go 4,,Black,,19000,2026-09-17,https://3dplanet.am/en/store/product/jbl-go-4
jbl-partybox-1000,JBL PartyBox 1000,ibolit,JBL PartyBox 1000,,Black,,429900,2026-09-17,https://ibolit.mobi/product/jbl-partybox-1000/
jbl-partybox-encore-essential,JBL PartyBox Encore Essential,allsell,JBL PartyBox Encore Essential Portable,,,,154900,2026-09-17,https://allsell.am/en/jbl-partybox-encore-essential-portable
jbl-partybox-encore-essential,JBL PartyBox Encore Essential,ibolit,JBL PartyBox Encore Essential,,,,129900,2026-09-17,https://ibolit.mobi/product/jbl-partybox-encore-essential/
jbl-partybox-encore-essential,JBL PartyBox Encore Essential,mobilecentre,JBL PartyBox Encore Essential,,,,169900,,https://www.mobilecentre.am/product/jbl-party-box-encore-essential-portable-wireless-speaker-black/
jbl-partybox-encore-essential,JBL PartyBox Encore Essential,redstore,JBL PartyBox Encore Essential 2,,,,155000,2026-09-17,https://redstore.am/en/product/jbl-partybox-encore-essential-2
jbl-partybox-on-the-go,JBL PartyBox On-The-Go,eldorado,JBL PartyBox On-The-Go,,,,149900,,https://eldorado.am/en/shopbrand/jbl
jbl-partybox-on-the-go,JBL PartyBox On-The-Go,redstore,JBL PartyBox ON The Go,,Black,,139000,2026-09-17,https://redstore.am/en/product/jbl-partybox-on-the-go
jbl-partybox-ultimate,JBL PartyBox Ultimate,allsell,JBL PartyBox Ultimate Wifi Speaker BK,,Black,,649900,2026-09-17,https://allsell.am/en/jbl-partybox-ultimate-wifi-speaker-bk
jbl-partybox-ultimate,JBL PartyBox Ultimate,ibolit,JBL PartyBox Ultimate,,Black,,559900,2026-09-17,https://ibolit.mobi/product/jbl-partybox-ultimate/
jbl-partybox-ultimate,JBL PartyBox Ultimate,ibolit,JBL PartyBox Ultimate,,,,559900,,
jbl-partybox-ultimate,JBL PartyBox Ultimate,redstore,JBL PartyBox Ultimate Black,,Black,,539000,2026-09-17,https://redstore.am/en/product/jbl-partybox-ultimate-black
jbl-partybox-ultimate,JBL PartyBox Ultimate,vlv,JBL PARTYBOX Ultimate (AM),,Black,,669000,2026-09-17,https://vlv.am/en/Product/48545
jbl-tune-125bt,JBL Tune 125BT,eldorado,JBL Tune 125BT Black,,,,14900,,https://eldorado.am/en/jbl-tune-125bt-black
jbl-tune-125bt,JBL Tune 125BT,vega,JBL Tune 125BT Black,,,,11900,,https://vega.am/en/home-appliances/phones-and-gadgets/wired-headphones/headphone-jbl-tune-125bt-bk.html
jbl-tune-530bt,JBL Tune 530BT,redstore,JBL Tune 530BT Black,,Black,,25000,2026-09-17,https://redstore.am/en/product/jbl-tune-530bt-black
jbl-tune-530bt,JBL Tune 530BT,redstore,JBL Tune 530BT Beige,,Beige,,25000,2026-09-17,https://redstore.am/en/product/jbl-tune-530bt-beige
jbl-tune-530bt,JBL Tune 530BT,redstore,JBL Tune 530BT Blue,,Blue,,25000,2026-09-17,https://redstore.am/en/product/jbl-tune-530bt-blue
jbl-tune-530bt,JBL Tune 530BT,redstore,JBL Tune 530BT White,,White,,25000,2026-09-17,https://redstore.am/en/product/jbl-tune-530bt-white
jbl-tune-530bt,JBL Tune 530BT,redstore,JBL Tune 530BT Lavender,,Lavender,,25000,2026-09-17,https://redstore.am/en/product/jbl-tune-530bt-lavender
jbl-tune-530bt,JBL Tune 530BT,vlv,JBL T530BT BEG,,,,29900,2026-09-17,https://vlv.am/en/Product/44159
jbl-tune-530bt,JBL Tune 530BT,zigzag,JBL Tune 530BT,,,,23900,,https://www.zigzag.am/en/jbl-t530btlaveu.html
jbl-tune-680nc,JBL Tune 680NC,redstore,JBL Tune 680NC Black,,Black,,29000,2026-09-17,https://redstore.am/en/product/jbl-tune-680nc-black
jbl-tune-680nc,JBL Tune 680NC,zigzag,JBL Tune 680NC,,,,34900,,https://www.zigzag.am/en/jbl-t680ncwht.html
lenovo-ideapad-1-14igl7,Lenovo Ideapad 1 14IGL7,redstore,Lenovo Ideapad 1 14IGL7,128,,,145000,2026-09-17,https://redstore.am/en/product/lenovo-ideapad-1-14igl7
lenovo-ideapad-1-15amn7,Lenovo IdeaPad 1 15AMN7,redstore,Lenovo IdeaPad 1 15AMN7,256,,,229000,2026-09-17,https://redstore.am/en/product/lenovo-ideapad-1-15amn7
lenovo-ideapad-1-15iru7-16gb,Lenovo IdeaPad 1 15IRU7(16GB),redstore,Lenovo IdeaPad 1 15IRU7(16GB),256,,,279000,2026-09-17,https://redstore.am/en/product/lenovo-ideapad-1-15iru716gb
lenovo-ideapad-1-15iru7-8gb,Lenovo IdeaPad 1 15IRU7(8GB),redstore,Lenovo IdeaPad 1 15IRU7(8GB),256,,,249000,2026-09-17,https://redstore.am/en/product/lenovo-ideapad-1-15iru78gb
lenovo-ideapad-3-15itl6,Lenovo IdeaPad 3 15ITL6,redstore,Lenovo IdeaPad 3 15ITL6,1024,,,329000,2026-09-17,https://redstore.am/en/product/lenovo-ideapad-3-15itl6
lenovo-ideapad-5-14ial10,Lenovo IdeaPad 5 14IAL10,redstore,Lenovo IdeaPad 5 14IAL10,512,,,359000,2026-09-17,https://redstore.am/en/product/lenovo-ideapad-5-14ial10
lenovo-ideapad-5-14iru9,Lenovo IdeaPad 5 14IRU9,redstore,Lenovo IdeaPad 5 14IRU9,512,,,399000,2026-09-17,https://redstore.am/en/product/lenovo-ideapad-5-14iru9
lenovo-ideapad-5-14iru9,Lenovo IdeaPad 5 14IRU9,vlv,LENOVO IdeaPad 5 14IRU9 Core 5 120U 16GB SSD512 14" (83DT0077RK),512,,,429900,2026-09-17,https://vlv.am/en/Product/38465
lenovo-ideapad-5-16iru9,Lenovo IdeaPad 5 16IRU9,redstore,Lenovo IdeaPad 5 16IRU9,512,,,335000,2026-09-17,https://redstore.am/en/product/lenovo-ideapad-5-16iru9
lenovo-ideapad-5-2in1-14ahp9-ryzen-7,Lenovo IdeaPad 5 2in1 14AHP9(Ryzen 7),redstore,Lenovo IdeaPad 5 2in1 14AHP9(Ryzen 7),1024,,,469000,2026-09-17,https://redstore.am/en/product/lenovo-ideapad-5-2in1-14ahp9ryzen-7
lenovo-ideapad-5-2in1-16,Lenovo IdeaPad 5 2-in-1 16IAL10,mobilecentre,Lenovo PC Notebook IdeaPad 5 2-in-1 16IAL10 / Ultra 7 255U / 16GB RAM / 512GB SSD / 16 inch WUXGA Touch / WIN11 (Grey),512,Gray,,499900,2026-09-17,https://mobilecentre.am/product/lenovo-pc-notebook-ideapad-5-2-in-1-16ial10-_-ultra-7-255u-_-16gb-ram-_-512gb-ssd-_-16-inch-wuxga-touch-_-win11-_grey_/34345/
lenovo-ideapad-5-2in1-16ahp9-ryzen-7,Lenovo IdeaPad 5 2in1 16AHP9(Ryzen 7),redstore,Lenovo IdeaPad 5 2in1 16AHP9(Ryzen 7),1024,,,399000,2026-09-17,https://redstore.am/en/product/lenovo-ideapad-5-2in1-16ahp9ryzen-7
lenovo-ideapad-5-2in1-16ial10-ultra-7,Lenovo IdeaPad 5 2in1 16IAL10(Ultra 7),redstore,Lenovo IdeaPad 5 2in1 16IAL10(Ultra 7),1024,,,479000,2026-09-17,https://redstore.am/en/product/lenovo-ideapad-5-2in1-16ial10ultra-7
lenovo-ideapad-flex-5-14iau7-i3,Lenovo IdeaPad Flex 5 14IAU7(I3),redstore,Lenovo IdeaPad Flex 5 14IAU7(I3),256,,,239000,2026-09-17,https://redstore.am/en/product/lenovo-ideapad-flex-5-14iau7i3
lenovo-ideapad-slim-3-15,Lenovo IdeaPad Slim 3 15IRH8,ibolit,Lenovo IdeaPad Slim 3 15IRH8 83EM008WIN,512,Gray,,297000,2026-09-17,https://ibolit.mobi/product/lenovo-ideapad-slim-3-15irh8-83em008win/
lenovo-ideapad-slim-3-15,Lenovo IdeaPad Slim 3 15IRH8,mobilecentre,Lenovo PC Notebook IdeaPad Slim 3 15IRH8 / Core i5-13420H / 8GB RAM / 512GB SSD / 15.6 inch FHD / DOS (Arctic Grey),512,Gray,,274900,2026-09-17,https://mobilecentre.am/product/lenovo-pc-notebook-ideapad-slim-3-15irh8-_-core-i5-13420h-_-8gb-ram-_-512gb-ssd-_-15.6-inch-fhd-_-dos-_arctic-grey_/34346/
lenovo-ideapad-slim-3-15,Lenovo IdeaPad Slim 3 15IRH8,planet3d,Lenovo IdeaPad Slim 3 15IRH8,512,Gray,,299000,2026-09-17,https://3dplanet.am/en/store/product/lenovo-ideapad-slim-3-15irh8
lenovo-ideapad-slim-3-15ahp10,Lenovo IdeaPad Slim 3 15AHP10,redstore,Lenovo IdeaPad Slim 3 15AHP10,256,,,249000,2026-09-17,https://redstore.am/en/product/lenovo-ideapad-slim-3-15ahp10
lenovo-ideapad-slim-3-15ian8-128gb,Lenovo IdeaPad Slim 3 15IAN8(128GB),redstore,Lenovo IdeaPad Slim 3 15IAN8(128GB),128,,,179000,2026-09-17,https://redstore.am/en/product/lenovo-ideapad-slim-3-15ian8128gb
lenovo-ideapad-slim-3-15ian8-256gb,Lenovo IdeaPad Slim 3 15IAN8(256GB),redstore,Lenovo IdeaPad Slim 3 15IAN8(256GB),256,,,199000,2026-09-17,https://redstore.am/en/product/lenovo-ideapad-slim-3-15ian8256gb
lenovo-ideapad-slim-3-15ian8-n100,Lenovo IdeaPad Slim 3 15IAN8(N100),redstore,Lenovo IdeaPad Slim 3 15IAN8(N100),128,,,145000,2026-09-17,https://redstore.am/en/product/lenovo-ideapad-slim-3-15ian8n100
lenovo-ideapad-slim-3-15irh10-i5,Lenovo IdeaPad Slim 3 15IRH10(I5),allsell,Lenovo IdeaPad Slim 3 15IRH10 i5-13420H 8GB I 512GB (83K1002CRK),512,,,265400,2026-09-17,https://allsell.am/en/lenovo-ideapad-slim-3-15irh10-i5-13420h-8gb-i-512gb-83k1002crk
lenovo-ideapad-slim-3-15irh10-i5,Lenovo IdeaPad Slim 3 15IRH10(I5),redstore,Lenovo IdeaPad Slim 3 15IRH10(I5),512,,,265000,2026-09-17,https://redstore.am/en/product/lenovo-ideapad-slim-3-15irh10i5
lenovo-ideapad-slim-3-15iru8-256gb,Lenovo IdeaPad Slim 3 15IRU8(256GB),redstore,Lenovo IdeaPad Slim 3 15IRU8(256GB),256,,,219000,2026-09-17,https://redstore.am/en/product/lenovo-ideapad-slim-3-15iru8256gb
lenovo-ideapad-slim-3-15q8x10,Lenovo IdeaPad Slim 3 15Q8X10,allsell,Lenovo IdeaPad Slim 3 15Q8X10 Snapdragon X X1-26-100 16GB I 256GB (83N30000US),256,,,316400,2026-09-17,https://allsell.am/en/lenovo-ideapad-slim-3-15q8x10-snapdragon-x-x1-26-100-16gb-i-256gb-83n30000us
lenovo-ideapad-slim-3-15q8x10,Lenovo IdeaPad Slim 3 15Q8X10,redstore,Lenovo IdeaPad Slim 3 15Q8X10,256,,,449000,2026-09-17,https://redstore.am/en/product/lenovo-ideapad-slim-3-15q8x10
lenovo-legion-5-15iax10,Lenovo Legion 5 15IAX10,planet3d,Lenovo LEGION 5 15IAX10 Ultra 7 16/1TB RTX5060,1024,,,749000,2026-09-17,https://3dplanet.am/en/store/product/lenovo-legion-5-15iax10-ultra-7-161tb-rtx5060
lenovo-legion-5-15iax10,Lenovo Legion 5 15IAX10,redstore,Lenovo Legion 5 15IAX10,512,,,729000,2026-09-17,https://redstore.am/en/product/lenovo-legion-5-15iax10
lenovo-legion-5-15irx10-i9-rtx-5070,Lenovo Legion 5 15IRX10(I9/RTX 5070),redstore,Lenovo Legion 5 15IRX10(I9/RTX 5070),512,,,799000,2026-09-17,https://redstore.am/en/product/lenovo-legion-5-15irx10i9rtx-5070
lenovo-legion-pro-5-16,Lenovo Legion Pro 5 16IAX10,planet3d,Lenovo Legion Pro 5 16IAX10 16/1TB RTX5060,1024,Eclipse Black,,759000,2026-09-17,https://3dplanet.am/en/store/product/lenovo-legion-pro-5-16iax10-161tb-rtx5060
lenovo-legion-pro-5-16,Lenovo Legion Pro 5 16IAX10,redstore,Lenovo Legion Pro 5 16IAX10,1024,Eclipse Black,,799000,2026-09-17,https://redstore.am/en/product/lenovo-legion-pro-5-16iax10
lenovo-loq-15,Lenovo LOQ 15IRX9,allsell,Lenovo LOQ 15IRX9 Core i5 16GB I 512GB (83DV00FMRK),512,Luna Grey,,449000,2026-09-17,https://allsell.am/en/lenovo-loq-15irx9-core-i5-16gb-i-512gb-83dv00fmrk
lenovo-loq-15,Lenovo LOQ 15IRX9,allsell,Lenovo LOQ 15IRX9 i7-13645HX 16GB I 1TB (83DV01GBRK),1024,Luna Grey,,733400,2026-09-17,https://allsell.am/en/lenovo-loq-15irx9-i7-13645hx-16gb-i-1tb-83dv01gbrk
lenovo-loq-15,Lenovo LOQ 15IRX9,eldorado,Laptop Lenovo LOQ 15IRX9 (83DV00FMRK) Luna Grey,1024,Luna Grey,,535900,2026-09-17,https://eldorado.am/en/laptop-lenovo-loq-15irx9-83dv00fmrk-luna-grey
lenovo-loq-15,Lenovo LOQ 15IRX9,notebookcentre,Lenovo LOQ 15IRX9 (83DV00FMRK),512,,,449000,,
lenovo-loq-15,Lenovo LOQ 15IRX9,vlv,LENOVO LOQ 15IRX9 i5-13450HX 16GB 1TB RTX3050 15.6" (83DV01CJRK),1024,Luna Grey,,459900,2026-09-17,https://vlv.am/en/Product/47815
lenovo-loq-15ahp10-rtx-5050,Lenovo LOQ 15AHP10(RTX 5050),redstore,Lenovo LOQ 15AHP10(RTX 5050),512,,,495000,2026-09-17,https://redstore.am/en/product/lenovo-loq-15ahp10rtx-5050
lenovo-loq-15ahp10-rtx-5060,Lenovo LOQ 15AHP10(RTX 5060),redstore,Lenovo LOQ 15AHP10(RTX 5060),512,,,549000,2026-09-17,https://redstore.am/en/product/lenovo-loq-15ahp10rtx-5060
lenovo-loq-15arp9,Lenovo LOQ 15ARP9,allsell,Lenovo LOQ 15ARP9 Ryzen 5 7235HS 16GB I 512GB (83JC00N7PB),512,,,406400,2026-09-17,https://allsell.am/en/lenovo-loq-15arp9-ryzen-5-7235hs-16gb-i-512gb-83jc00n7pb
lenovo-loq-15arp9,Lenovo LOQ 15ARP9,eldorado,Laptop Lenovo LOQ 15ARP9 16GB/512GB (83JC009CUS) Luna Grey,512,,,609900,2026-09-17,https://eldorado.am/en/lenovo-loq-15-gaming
lenovo-loq-15arp9,Lenovo LOQ 15ARP9,planet3d,Lenovo LOQ 15ARP9 16/512GB RTX4050,512,,,489000,2026-09-17,https://3dplanet.am/en/store/product/lenovo-loq-15arp9-16512gb-rtx4050
lenovo-loq-15arp9,Lenovo LOQ 15ARP9,redstore,Lenovo LOQ 15ARP9,512,,,379000,2026-09-17,https://redstore.am/en/product/lenovo-loq-15arp9
lenovo-loq-15irx10-i7-13gen-rtx-5060,Lenovo LOQ 15IRX10(I7 13Gen/RTX 5060),redstore,Lenovo LOQ 15IRX10(I7 13Gen/RTX 5060),512,,,529000,2026-09-17,https://redstore.am/en/product/lenovo-loq-15irx10i7-13genrtx-5060
lenovo-v14-g4-iru,Lenovo V14 G4 IRU,allsell,Lenovo V14 G4 IRU i7-13620H 8GB I 256GB (83A000PDUS),256,,,298400,2026-09-17,https://allsell.am/en/lenovo-v14-g4-iru-i7-13620h-8gb-i-256gb-83a000pdus
lenovo-v14-g4-iru,Lenovo V14 G4 IRU,redstore,Lenovo V14 G4 IRU,256,,,289000,2026-09-17,https://redstore.am/en/product/lenovo-v14-g4-iru
lenovo-v15-g4-iru,Lenovo V15 G4 IRU,allsell,Lenovo V15 G4 IRU i3-1315U 16GB I 512GB (83A100PBUS),512,,,271400,2026-09-17,https://allsell.am/en/lenovo-v15-g4-iru-i3-1315u-16gb-i-512gb-83a100pbus
lenovo-v15-g4-iru,Lenovo V15 G4 IRU,ibolit,Lenovo V15 G4 IRU,256,,,198000,2026-09-17,https://ibolit.mobi/product/lenovo-v15-g4-iru/
lenovo-v15-g4-iru,Lenovo V15 G4 IRU,ibolit,Lenovo V15 G4 IRU (83A1008URU)8/512,512,,,236000,2026-09-17,https://ibolit.mobi/product/lenovo-v15-g4-iru-83a1008uru8-512/
lenovo-v15-g4-iru,Lenovo V15 G4 IRU,redstore,Lenovo V15 G4 IRU,256,,,219000,2026-09-17,https://redstore.am/en/product/lenovo-v15-g4-iru
lenovo-yoga-7-16iml9,Lenovo Yoga 7 16IML9,planet3d,Lenovo YOGA 7 16IML9 2-IN-1,1024,,,439000,2026-09-17,https://3dplanet.am/en/store/product/lenovo-yoga-7-16iml9-2-in-1
lenovo-yoga-7-16iml9,Lenovo Yoga 7 16IML9,redstore,Lenovo Yoga 7 16IML9,1024,,,435000,2026-09-17,https://redstore.am/en/product/lenovo-yoga-7-16iml9
lenovo-yoga-7-2-in-1-16akp10,Lenovo Yoga 7 2 in 1 16AKP10,redstore,Lenovo Yoga 7 2 in 1 16AKP10,1024,,,489000,2026-09-17,https://redstore.am/en/product/lenovo-yoga-7-2-in-1-16akp10
lenovo-yoga-9-13imu9,Lenovo Yoga 9 13IMU9,redstore,Lenovo Yoga 9 13IMU9,1024,,,899000,2026-09-17,https://redstore.am/en/product/lenovo-yoga-9-13imu9
lenovo-yoga-9-14ill10,Lenovo Yoga 9 14ILL10,redstore,Lenovo Yoga 9 14ILL10,1024,,,899000,2026-09-17,https://redstore.am/en/product/lenovo-yoga-9-14ill10
lenovo-yoga-slim-7-14q8x9,Lenovo Yoga Slim 7 14Q8X9,redstore,Lenovo Yoga Slim 7 14Q8X9,512,,,659000,2026-09-17,https://redstore.am/en/product/lenovo-yoga-slim-7-14q8x9
lenovo-yoga-slim-7-15ill9,Lenovo Yoga Slim 7 15ILL9,redstore,Lenovo Yoga Slim 7 15ILL9,1024,,,499000,2026-09-17,https://redstore.am/en/product/lenovo-yoga-slim-7-15ill9-1
lg-43nano80a6b,LG 43NANO80A6B,eldorado,Սմարթ հեռուստացույց LG 43NANO80A6B,,,,219900,,
lg-43nu850b6la,LG 43NU850B6LA,eldorado,Սմարթ հեռուստացույց LG 43NU850B6LA,,,,178900,,
lg-43qned70b6c,LG 43QNED70B6C,eldorado,Սմարթ հեռուստացույց LG 43QNED70B6C,,,,215900,,
lg-43ua75009la,LG 43UA75009LA,eldorado,Սմարթ հեռուստացույց LG (43UA75009LA),,,,177900,,
lg-50nu850b6la,LG 50NU850B6LA,eldorado,Սմարթ հեռուստացույց LG 50NU850B6LA,,,,247900,,
lg-50qned70b6c,LG 50QNED70B6C,eldorado,Սմարթ հեռուստացույց LG 50QNED70B6C,,,,278900,,
lg-50qned80a6a,LG 50QNED80A6A,eldorado,Սմարթ հեռուստացույց LG 50QNED80A6A,,,,289900,,
lg-55nu850b6la,LG 55NU850B6LA,eldorado,Սմարթ հեռուստացույց LG 55NU850B6LA,,,,287900,,
lg-55qned70a6a,LG 55QNED70A6A,eldorado,Սմարթ հեռուստացույց LG 55QNED70A6A,,,,298900,,
lg-55qned80a6a,LG 55QNED80A6A,eldorado,Սմարթ հեռուստացույց LG 55QNED80A6A,,,,359900,,
lg-55qned80b6b,LG 55QNED80B6B,eldorado,Սմարթ հեռուստացույց LG 55QNED80B6B,,,,372900,,
lg-55qned80t6a,LG 55QNED80T6A,eldorado,Հեռուստացույց LG 55QNED80T6A Smart,,,,449100,,
lg-55qned82a6b,LG 55QNED82A6B,eldorado,Սմարթ հեռուստացույց LG 55QNED82A6B,,,,399900,,
lg-55qned86a6a,LG 55QNED86A6A,eldorado,Սմարթ հեռուստացույց LG 55QNED86A6A,,,,566900,,
lg-55qned86t6a,LG 55QNED86T6A,eldorado,Հեռուստացույց LG 55QNED86T6A Smart,,,,429900,,
lg-65nu850b6la,LG 65NU850B6LA,eldorado,Սմարթ հեռուստացույց LG 65NU850B6LA,,,,367900,,
lg-65qned70a6a,LG 65QNED70A6A,eldorado,Սմարթ հեռուստացույց LG 65QNED70A6A,,,,339900,,
lg-65qned80a6a,LG 65QNED80A6A,eldorado,Սմարթ հեռուստացույց LG 65QNED80A6A,,,,611900,,
lg-65qned80b6b,LG 65QNED80B6B,eldorado,Սմարթ հեռուստացույց LG 65QNED80B6B,,,,494900,,
lg-65qned86t6a,LG 65QNED86T6A,eldorado,Հեռուստացույց LG 65QNED86T6A Smart,,,,549900,,
lg-65ua75009la,LG 65UA75009LA,eldorado,Սմարթ հեռուստացույց LG 65UA75009LA,,,,329900,,
lg-75nu850b6la,LG 75NU850B6LA,eldorado,Սմարթ հեռուստացույց LG 75NU850B6LA,,,,469900,,
lg-75qned70b6a,LG 75QNED70B6A,eldorado,Սմարթ հեռուստացույց LG 75QNED70B6A,,,,569900,,
lg-75qned85b6b,LG 75QNED85B6B,eldorado,Սմարթ հեռուստացույց LG 75QNED85B6B,,,,1097900,,
lg-75qned86a6a,LG 75QNED86A6A,eldorado,Սմարթ հեռուստացույց LG 75QNED86A6A,,,,1079900,,
lg-85qned70b6a,LG 85QNED70B6A,eldorado,Սմարթ հեռուստացույց LG 85QNED70B6A,,,,773900,,
lg-oled55c6rla,LG OLED55C6RLA,eldorado,Սմարթ հեռուստացույց LG OLED55C6RLA,,,,1016900,,
lg-oled65b5rla,LG OLED65B5RLA,eldorado,Սմարթ հեռուստացույց LG OLED65B5RLA,,,,899900,,
lg-oled65c5rla,LG OLED65C5RLA,eldorado,Սմարթ հեռուստացույց LG OLED65C5RLA,,,,1249900,,
lg-oled65g5rla,LG OLED65G5RLA,eldorado,Սմարթ հեռուստացույց LG OLED65G5RLA,,,,1399900,,
lg-oled83c4rla,LG OLED83C4RLA,eldorado,Հեռուստացույց LG OLED83C4RLA Smart,,,,2549900,,
marshall-kilburn-2,Marshall Kilburn II,allsell,Marshall Kilburn II Bluetooth,,,,119900,2026-09-17,https://allsell.am/en/marshall-kilburn-ii-bluetooth
marshall-kilburn-2,Marshall Kilburn II,mobilecentre,Marshall Kilburn II,,,,199900,,https://www.mobilecentre.am/product/marshall-speaker-kilburn-ii-wireless-stereo-black/
marshall-major-iv,Marshall Major IV,eldorado,Marshall Major IV,,,,53900,,https://eldorado.am/en/marshall-major-iv
marshall-major-iv,Marshall Major IV,ibolit,Marshall Major IV,,,,39000,2026-09-17,https://ibolit.mobi/product/marshall-major-iv/
marshall-major-iv,Marshall Major IV,notebookcentre,Marshall Major IV,,,,45900,,
marshall-major-iv,Marshall Major IV,vlv,MARSHALL Major IV (1005773) Black,,,,53900,2026-09-17,https://vlv.am/en/Product/33643
marshall-major-v,Marshall Major V,allsell,Ականջակալ Marshall Major V Wireless On-Ear Headphone,,Black,,46900,2026-09-17,https://allsell.am/en/marshall-major-v-wireless-on-ear-headphone
marshall-major-v,Marshall Major V,eldorado,Marshall Major V,,Black,,46900,,https://eldorado.am/en/shop-by-brand/marshall
marshall-major-v,Marshall Major V,ibolit,Marshall Major V Black,,Black,,47000,2026-09-17,https://ibolit.mobi/product/marshall-major-v-black/
marshall-major-v,Marshall Major V,ibolit,Marshall Major V Cream,,Cream,,47000,2026-09-17,https://ibolit.mobi/product/marshall-major-v-cream/
marshall-major-v,Marshall Major V,notebookcentre,Apple AirPods Max (Type-C) Midnight,,Midnight,,,,https://notebookcentre.am/en/category/headphones?brand=19&brand=16&brand=24&brand=21&brand=20&brand=57&product_status=in_stock&page=2
marshall-major-v,Marshall Major V,notebookcentre,Marshall Major V Cream,,Cream,,55000,,
marshall-major-v,Marshall Major V,notebookcentre,Marshall Major V,,,,55000,,
marshall-major-v,Marshall Major V,planet3d,Marshall Major V,,,,47000,2026-09-17,https://3dplanet.am/en/store/product/marshall-major-v
marshall-major-v,Marshall Major V,redstore,Marshall Major V Black,,Black,,47000,2026-09-17,https://redstore.am/en/product/marshall-major-v-black
marshall-major-v,Marshall Major V,redstore,Marshall Major V Cream,,Cream,,47000,2026-09-17,https://redstore.am/en/product/marshall-major-v-cream
marshall-major-v,Marshall Major V,redstore,Marshall Major V Brown,,Brown,,47000,2026-09-17,https://redstore.am/en/product/marshall-major-v-brown
marshall-major-v,Marshall Major V,redstore,Marshall Major V Blue,,Blue,,47000,2026-09-17,https://redstore.am/en/product/marshall-major-v-blue
marshall-major-v,Marshall Major V,telecom,Marshall Major V,,,,64900,,https://www.telecomarmenia.am/eshop/en/accessories/headphones-marshall-major-v-black/2251/
marshall-major-v,Marshall Major V,vlv,MARSHALL Major V (1006832) Black,,Black,,73900,2026-09-17,https://vlv.am/en/Product/36425
marshall-major-v,Marshall Major V,vlv,MARSHALL Major V (1006834) Brown,,Brown,,73900,2026-09-17,https://vlv.am/en/Product/36426
marshall-major-v,Marshall Major V,vlv,MARSHALL Major V (1006833) Cream,,Cream,,73900,2026-09-17,https://vlv.am/en/Product/40438
marshall-major-v,Marshall Major V,vlv,MARSHALL Major V (1008144) Blue,,,,73900,2026-09-17,https://vlv.am/en/Product/43641
marshall-stanmore-3,Marshall Stanmore III,allsell,Marshall Stanmore III,,Black,,144900,2026-09-17,https://allsell.am/en/marshall-stanmore-iii
marshall-stanmore-3,Marshall Stanmore III,ibolit,Marshall Stanmore III Black,,Black,,139000,2026-09-17,https://ibolit.mobi/product/marshall-stanmore-iii-black/
marshall-stanmore-3,Marshall Stanmore III,redstore,Marshall Stanmore III Black,,Black,,139000,2026-09-17,https://redstore.am/en/product/marshall-stanmore-iii-black
marshall-stanmore-3,Marshall Stanmore III,redstore,Marshall Stanmore III Cream,,Cream,,139000,2026-09-17,https://redstore.am/en/product/marshall-stanmore-iii-cream
marshall-stanmore-3,Marshall Stanmore III,vlv,MARSHALL Stanmore III (1006010) Black,,Black,,168900,2026-09-17,https://vlv.am/en/Product/36421
marshall-stanmore-3,Marshall Stanmore III,vlv,MARSHALL Stanmore III (1006011) Cream,,Cream,,168900,2026-09-17,https://vlv.am/en/Product/40433
marshall-stanmore-3,Marshall Stanmore III,vlv,MARSHALL Stanmore III (1006080) (Brown),,,,168900,2026-09-17,https://vlv.am/en/Product/41195
marshall-stockwell-2,Marshall Stockwell II,mobilecentre,Marshall Stockwell II,,,,179900,,https://www.mobilecentre.am/product/marshall-speaker-stockwell-2-wireless-black/
marshall-stockwell-2,Marshall Stockwell II,redstore,Marshall Stockwell II Black/Brass,,,,129000,2026-09-17,https://redstore.am/en/product/marshall-stockwell-ii-blackbrass
microsoft-surface-laptop-7-13,Microsoft Surface Laptop 7 13.8,redstore,Microsoft Surface Laptop 7,512,Platinum,,699000,2026-09-17,https://redstore.am/en/product/microsoft-surface-laptop-7
msi-katana-15-b13vek-1675us,MSI Katana 15 B13VEK-1675US,redstore,MSI Katana 15 B13VEK-1675US,512,,,459000,2026-09-17,https://redstore.am/en/product/msi-katana-15-b13vek-1675us
msi-katana-15-hk-b14vek-001us,MSI Katana 15 HK B14VEK-001US,redstore,MSI Katana 15 HK B14VEK-001US,512,,,459000,2026-09-17,https://redstore.am/en/product/msi-katana-15-hk-b14vek-001us
msi-katana-15-hx-b14wek,MSI Katana 15 HX B14WEK,redstore,MSI Katana 15 HX B14WEK,512,,,599000,2026-09-17,https://redstore.am/en/product/msi-katana-15-hx-b14wek
msi-katana-15-hx-b14wgk-016us,MSI Katana 15 HX B14WGK-016US,redstore,MSI Katana 15 HX B14WGK-016US,1024,,,849000,2026-09-17,https://redstore.am/en/product/msi-katana-15-hx-b14wgk-016us
msi-katana-15-hx-b14wgk-293us,MSI Katana 15 HX B14WGK-293US,ibolit,MSI Katana 15 HX B14WGK-293US,1024,,,735000,2026-09-17,https://ibolit.mobi/product/msi-katana-15-hx-b14wgk-293us/
msi-katana-15-hx-b14wgk-293us,MSI Katana 15 HX B14WGK-293US,redstore,MSI Katana 15 HX B14WGK-293US,1024,,,739000,2026-09-17,https://redstore.am/en/product/msi-katana-15-hx-b14wgk-293us
msi-raider-16-max-hx-b2wh-rtx-5070ti,MSI Raider 16 Max HX B2WH(RTX 5070Ti),redstore,MSI Raider 16 Max HX B2WH(RTX 5070Ti),1024,,,1599000,2026-09-17,https://redstore.am/en/product/msi-raider-16-max-hx-b2whrtx-5070ti
msi-raider-16-max-hx-b2wi-rtx-5080,MSI Raider 16 Max HX B2WI(RTX 5080),redstore,MSI Raider 16 Max HX B2WI(RTX 5080),1024,,,1699000,2026-09-17,https://redstore.am/en/product/msi-raider-16-max-hx-b2wirtx-5080
msi-raider-18-hx-ai-a2xwig-rtx-5080,MSI Raider 18 HX AI A2XWIG(RTX 5080),redstore,MSI Raider 18 HX AI A2XWIG(RTX 5080),1024,,,1859000,2026-09-17,https://redstore.am/en/product/msi-raider-18-hx-ai-a2xwigrtx-5080
msi-thin-a15-b7uc-653xae,MSI Thin A15 B7UC-653XAE,redstore,MSI Thin A15 B7UC-653XAE,512,,,399000,2026-09-17,https://redstore.am/en/product/msi-thin-a15-b7uc-653xae
nothing-ear-a,Nothing Ear (a),eldorado,Nothing Ear (A) B162,,,,51900,,https://eldorado.am/en/nothing-ear-a-b162-white
nothing-phone-3,Nothing Phone (3),pixel,Nothing Phone 3,256,White,,399000,2026-09-18,https://www.pixel.am/am/product/nothng-phone-3
nothing-phone-3,Nothing Phone (3),pixel,Nothing Phone 3,256,,,399000,,https://www.pixel.am/en/brand/nothing
nothing-phone-3,Nothing Phone (3),zigzag,Nothing Phone 3,512,Black,,379000,,https://www.zigzag.am/en/nothing-phone-3-16-512-black-6974434226173.html
oneplus-13,OnePlus OnePlus 13,,,,,,,,
oneplus-nord-6,OnePlus Nord 6,allsell,OnePlus Nord 6,256,,,,,https://allsell.am/en/phones
oneplus-nord-6,OnePlus Nord 6,allsell,OnePlus Nord 6,256,Black,,216700,2026-09-17,https://allsell.am/en/oneplus-nord-6
oneplus-nord-6,OnePlus Nord 6,allsell,OnePlus Nord 6,256,,,216700,,
oneplus-nord-6,OnePlus Nord 6,redstore,OnePlus Nord 6 8GB/256GB Fresh Mint,256,Mint,,219000,2026-09-17,https://redstore.am/en/product/oneplus-nord-6-8gb256gb-fresh-mint
oneplus-nord-6,OnePlus Nord 6,redstore,OnePlus Nord 6,256,Quick Silver,,219000,,https://redstore.am/en/product/oneplus-nord-6-8gb256gb-quick-silver
oneplus-nord-6,OnePlus Nord 6,yerevanmobile,OnePlus Nord 6,256,,,219000,,
philips-271v8,Philips 271V8,redstore,Philips 271V8,,,,79000,2026-09-17,https://redstore.am/en/product/philips-271v8
philips-271v8w,Philips 271V8W,allsell,Philips 27" 271V8W/89,,,,63000,2026-09-17,https://allsell.am/en/philips-27-271v8w-89
philips-271v8w,Philips 271V8W,redstore,Philips 271V8W,,,,62000,2026-09-17,https://redstore.am/en/product/philips-271v8w
poco-c75,POCO C75,eldorado,Smartphone Xiaomi Poco C75 8GB/256GB Black,256,Black,,60900,2026-09-17,https://eldorado.am/en/xiaomi-poco-c75-8gb-256gb-black
poco-c75,POCO C75,ibolit,Xiaomi Poco C75 8GB / 256GB Green,256,Green,,57000,2026-09-17,https://ibolit.mobi/product/xiaomi-poco-c75-8gb-256gb-green/
poco-c75,POCO C75,ibolit,Xiaomi Poco C75 8GB / 256GB Black,256,Black,,57000,2026-09-17,https://ibolit.mobi/product/xiaomi-poco-c75-8gb-256gb-black/
poco-c85,POCO POCO C85,eldorado,Smartphone POCO C85 6GB/128GB RU (25078PC3EG) Black,128,Black,,60900,2026-09-17,https://eldorado.am/en/smartphone-poco-c85-6gb-128gb-ru-25078pc3eg-black
poco-c85,POCO POCO C85,eldorado,Smartphone POCO C85 8GB/256GB,256,Black,,74900,2026-09-17,https://eldorado.am/en/poco-c85-8gb-256gb-black
poco-c85,POCO POCO C85,eldorado,Smartphone POCO C85 8GB/256GB (25078PC3EG) Green,256,Green,,74900,2026-09-17,https://eldorado.am/en/poco-c85-8gb-256gb-25078pc3eg-green
poco-c85,POCO POCO C85,ibolit,Poco C85 6GB/128GB Purple,128,Purple,,69000,2026-09-17,https://ibolit.mobi/product/poco-c85-6gb-128gb-purple/
poco-c85,POCO POCO C85,mobilecentre,Xiaomi Poco C85 6GB/128GB (Green),128,Green,,60900,2026-09-17,https://mobilecentre.am/product/xiaomi-poco-c85/32818/
poco-c85,POCO POCO C85,notebookcentre,Samsung Galaxy A17 Light Blue,256,Blue,,,,https://notebookcentre.am/en/category/smartphones?brand=19&brand=20&brand=24&brand=40&brand=243&sort=low&product_status=in_stock
poco-c85,POCO POCO C85,notebookcentre,Xiaomi Poco C85 Black / 6 GB / 128 GB,128,Black,,57000,,
poco-c85,POCO POCO C85,notebookcentre,Xiaomi Poco C85,128,,,58000,,
poco-c85,POCO POCO C85,notebookcentre,Xiaomi Poco C85 Power Black / 8 GB / 256 GB,256,Black,,69000,,
poco-c85,POCO POCO C85,pixel,Poco C85,128,Black,,62000,2026-09-18,https://www.pixel.am/am/product/xiaomi-poco-c85
poco-c85,POCO POCO C85,redstore,Poco C85 8GB/256GB Black,256,Black,,82000,2026-09-17,https://redstore.am/en/product/xiaomi-poco-c85-8gb256gb-black
poco-c85,POCO POCO C85,redstore,Poco C85 8GB/256GB Green,256,Green,,82000,2026-09-17,https://redstore.am/en/product/xiaomi-poco-c85-8gb256gb-green
poco-c85,POCO POCO C85,redstore,Poco C85 8GB/256GB Purple,256,Purple,,82000,2026-09-17,https://redstore.am/en/product/xiaomi-poco-c85-8gb256gb-purple
poco-c85,POCO POCO C85,vega,Սմարթ հեռախոս XIAOMI POCO C85 8GB 256GB (Black) (25078PC3EG),256,Black,,74900,2026-09-17,https://vega.am/home-appliances/phones-and-gadgets/smart-phones/smart-phone-xiaomi-poco-c85-8gb-256gb-black-25078pc3eg.html
poco-c85,POCO POCO C85,vega,Սմարթ հեռախոս XIAOMI POCO C85 8GB 256GB (Green) (25078PC3EG),256,Green,,74900,2026-09-17,https://vega.am/home-appliances/phones-and-gadgets/smart-phones/smart-phone-xiaomi-poco-c85-8gb-256gb-green-25078pc3eg.html
poco-c85,POCO POCO C85,vlv,XIAOMI POCO C85 6/128GB Black,128,Black,,67900,2026-09-17,https://vlv.am/en/Product/41205
poco-c85,POCO POCO C85,vlv,XIAOMI POCO C85 8/256GB Black,256,Black,,82900,2026-09-17,https://vlv.am/en/Product/41207
poco-f7-ultra,POCO POCO F7 Ultra,allsell,Գնել Poco F7 Ultra Լավագույն Գնով - Կանխիկ/Ապառիկ - AllSell,512,Yellow,,289800,2026-09-17,https://allsell.am/en/poco-f7-ultra
poco-f7-ultra,POCO POCO F7 Ultra,pixel,Poco F7 Ultra,,Black,,289000,2026-09-18,https://www.pixel.am/am/product/xiaomi-poco-f7-ultra
poco-f7-ultra,POCO POCO F7 Ultra,planet3d,POCO F7 Ultra Black,512,Black,,289000,2026-09-17,https://3dplanet.am/en/store/product/poco-f7-ultra-black
poco-f7-ultra,POCO POCO F7 Ultra,redstore,Poco F7 Ultra 16GB/512GB Yellow,512,Yellow,,289000,2026-09-17,https://redstore.am/en/product/xiaomi-poco-f7-ultra-16gb512gb-yellow
poco-m7-pro,POCO POCO M7 Pro 5G,pixel,Poco M7 Pro,256,,,92000,2026-09-18,https://www.pixel.am/am/product/xiaomi-poco-m7-pro
poco-x7-pro,POCO POCO X7 Pro,allsell,Xiaomi Poco X7 Pro,256,,,138800,2026-09-17,https://allsell.am/en/xiaomi-poco-x7-pro
poco-x7-pro,POCO POCO X7 Pro,eldorado,Smartphone XIAOMI POCO X7 Pro 8GB/256GB EU (2412DPC0AG) Black,256,Black,,154900,2026-09-17,https://eldorado.am/en/smartphone-xiaomi-poco-x7-pro-8gb-256gb-eu-2412dpc0ag-black
poco-x7-pro,POCO POCO X7 Pro,ibolit,Xiaomi Poco X7 Pro 8GB / 256GB BlackGB / Yellow,256,Yellow,,133000,2026-09-17,https://ibolit.mobi/product/xiaomi-poco-x7-pro-8gb-256gb-blackgb-yellow/
poco-x7-pro,POCO POCO X7 Pro,ibolit,Xiaomi Poco X7 Pro 8GB / 256GB Black,256,Black,,133000,2026-09-17,https://ibolit.mobi/product/xiaomi-poco-x7-pro-8gb-256gb-black/
poco-x7-pro,POCO POCO X7 Pro,ibolit,Xiaomi Poco X7 Pro 8GB / 256GB Green,256,Green,,133000,2026-09-17,https://ibolit.mobi/product/xiaomi-poco-x7-pro-8gb-256gb-green/
poco-x7-pro,POCO POCO X7 Pro,ibolit,Xiaomi Poco X7 Pro 12GB / 512GB BlackGB / Yellow,512,Yellow,,139000,2026-09-17,https://ibolit.mobi/product/xiaomi-poco-x7-pro-12gb-512gb-blackgb-yellow/
poco-x7-pro,POCO POCO X7 Pro,ibolit,Xiaomi Poco X7 Pro 12GB / 512GB Black,512,Black,,139000,2026-09-17,https://ibolit.mobi/product/xiaomi-poco-x7-pro-12gb-512gb-black/
poco-x7-pro,POCO POCO X7 Pro,ibolit,Xiaomi Poco X7 Pro 12GB / 512GB Green,512,Green,,139000,2026-09-17,https://ibolit.mobi/product/xiaomi-poco-x7-pro-12gb-512gb-green/
poco-x7-pro,POCO POCO X7 Pro,pixel,Poco X7 Pro,,Poco Yellow,,159000,2026-09-18,https://www.pixel.am/am/product/xiaomi-poco-x7-pro
realme-16,Realme Realme 16 5G Air,mobilecentre,Realme 16 5G Air 8GB/256GB (White),256,Black,,169900,2026-09-17,https://mobilecentre.am/product/realme-16/34229/
realme-c75,Realme C75,mobilecentre,Realme C75 8GB/128GB (Black),128,,,69900,2026-09-17,https://mobilecentre.am/product/realme-c75/32153/
realme-gt-7t,Realme Realme GT 7T,mobilecentre,Realme GT 7T 12GB/256GB (Black),256,Black,,212900,2026-09-17,https://mobilecentre.am/product/realme-gt-7t/32333/
samsung-galaxy-a06,Samsung Galaxy A06,eldorado,Smartphone Samsung Galaxy A06 6+128GB Gold,128,Gold,,45900,2026-09-17,https://eldorado.am/en/smartphone-samsung-galaxy-a06-4-128gb-gold
samsung-galaxy-a07,Samsung Galaxy A07,allsell,Samsung Galaxy A07 Smartphone - Buy In Armenia - AllSell,128,Green,,56600,2026-09-17,https://allsell.am/en/samsung-galaxy-a07
samsung-galaxy-a07,Samsung Galaxy A07,ibolit,Samsung Galaxy A07 4/128GB(Gray),128,,,44000,2026-09-17,https://ibolit.mobi/product/samsung-galaxy-a07-4-128gbgray/
samsung-galaxy-a07,Samsung Galaxy A07,ibolit,Samsung Galaxy A07 4/128GB Silver,128,Silver,,45000,2026-09-17,https://ibolit.mobi/product/samsung-galaxy-a07-4-128gb-silver/
samsung-galaxy-a07,Samsung Galaxy A07,ibolit,Samsung Galaxy A07 4/128GB Green,128,Green,,45000,2026-09-17,https://ibolit.mobi/product/samsung-galaxy-a07-4-128gb-green/
samsung-galaxy-a07,Samsung Galaxy A07,mobilecentre,Samsung Galaxy A07 4GB/64GB (Black),64,Black,,45900,2026-09-17,https://mobilecentre.am/product/samsung-galaxy-a07/32370/
samsung-galaxy-a07,Samsung Galaxy A07,mobilecentre,Samsung Galaxy A07 6GB/128GB (Green),128,Green,,54900,2026-09-17,https://mobilecentre.am/product/samsung-galaxy-a07-_6gb_128gb_/32374/
samsung-galaxy-a07,Samsung Galaxy A07,notebookcentre,Samsung Galaxy A07,,,,52000,,
samsung-galaxy-a07,Samsung Galaxy A07,notebookcentre,Samsung Galaxy A07 Light Violet / 64 GB,64,Light Violet,,52000,,
samsung-galaxy-a07,Samsung Galaxy A07,notebookcentre,Samsung Galaxy A07 Light Violet / 128 GB,128,Light Violet,,58000,,
samsung-galaxy-a07,Samsung Galaxy A07,pixel,Samsung Galaxy A07,64,,,42900,,https://www.pixel.am/en/product/samsung-galaxy-a07
samsung-galaxy-a07,Samsung Galaxy A07,pixel,Samsung Galaxy A07,,Black,,48900,2026-09-18,https://www.pixel.am/am/product/samsung-galaxy-a07
samsung-galaxy-a07,Samsung Galaxy A07,planet3d,Samsung Galaxy A07,128,,,58000,2026-09-17,https://3dplanet.am/en/store/product/samsung-galaxy-a07
samsung-galaxy-a07,Samsung Galaxy A07,redstore,Samsung Galaxy A07 4GB/64GB Black,64,Black,,52000,2026-09-17,https://redstore.am/en/product/samsung-galaxy-a07-4gb64gb-black
samsung-galaxy-a07,Samsung Galaxy A07,redstore,Samsung Galaxy A07 4GB/64GB Light Violet,64,Light Violet,,52000,2026-09-17,https://redstore.am/en/product/samsung-galaxy-a07-4gb64gb-light-violet
samsung-galaxy-a07,Samsung Galaxy A07,redstore,Samsung Galaxy A07 4GB/64GB Dark Green,64,Green,,52000,2026-09-17,https://redstore.am/en/product/samsung-galaxy-a07-4gb64gb-dark-green
samsung-galaxy-a07,Samsung Galaxy A07,redstore,Samsung Galaxy A07 4GB/128GB Black,128,Black,,58000,2026-09-17,https://redstore.am/en/product/samsung-galaxy-a07-4gb128gb-black
samsung-galaxy-a07,Samsung Galaxy A07,redstore,Samsung Galaxy A07 4GB/128GB Dark Green,128,Green,,58000,2026-09-17,https://redstore.am/en/product/samsung-galaxy-a07-4gb128gb-dark-green
samsung-galaxy-a07,Samsung Galaxy A07,redstore,Samsung Galaxy A07 4GB/128GB Light Violet,128,Light Violet,,58000,2026-09-17,https://redstore.am/en/product/samsung-galaxy-a07-4gb128gb-light-violet
samsung-galaxy-a07,Samsung Galaxy A07,ucom,Samsung Galaxy A07,64,,,49900,,https://shop.ucom.am/en/samsung-galaxy-a07.html
samsung-galaxy-a07,Samsung Galaxy A07,yerevanmobile,Samsung Galaxy A07 4G,64,,,52000,,
samsung-galaxy-a16,Samsung Galaxy A16 5G,pixel,Samsung Galaxy A16,,Blue Black,,56900,2026-09-18,https://www.pixel.am/am/product/samsung-galaxy-a16
samsung-galaxy-a16,Samsung Galaxy A16 5G,pixel,Samsung Galaxy A16,128,,,56900,,https://www.pixel.am/en/product/samsung-galaxy-a16
samsung-galaxy-a16,Samsung Galaxy A16 5G,ucom,Samsung Galaxy A16,128,,,74900,,https://shop.ucom.am/en/samsung-galaxy-a16.html
samsung-galaxy-a17,Samsung Galaxy A17 5G,allsell,Samsung Galaxy A17,256,Black,,99600,2026-09-17,https://allsell.am/en/samsung-galaxy-a17
samsung-galaxy-a17,Samsung Galaxy A17 5G,ibolit,Samsung Galaxy A17 4/128(Black),128,Black,,65000,2026-09-17,https://ibolit.mobi/product/samsung-galaxy-a17-4-128black/
samsung-galaxy-a17,Samsung Galaxy A17 5G,ibolit,Samsung Galaxy A17 4/128(Gray),128,,,65000,2026-09-17,https://ibolit.mobi/product/samsung-galaxy-a17-4-128gray/
samsung-galaxy-a17,Samsung Galaxy A17 5G,ibolit,Galaxy A17 (4 /128GB Blue,128,Blue,,65000,2026-09-17,https://ibolit.mobi/product/galaxy-a17-4-128gb-blue/
samsung-galaxy-a17,Samsung Galaxy A17 5G,mobilecentre,Samsung Galaxy A17 4GB/128GB (Gray),128,,,76900,2026-09-17,https://mobilecentre.am/product/samsung-galaxy-a17-_4gb_128gb_/32484/
samsung-galaxy-a17,Samsung Galaxy A17 5G,notebookcentre,Samsung Galaxy A17,128,,,72000,,
samsung-galaxy-a17,Samsung Galaxy A17 5G,pixel,Samsung Galaxy A17,128,,,68900,,https://www.pixel.am/en/product/samsung-galaxy-a17
samsung-galaxy-a17,Samsung Galaxy A17 5G,pixel,Samsung Galaxy A17,128,Black,,72900,2026-09-18,https://www.pixel.am/am/product/samsung-galaxy-a17
samsung-galaxy-a17,Samsung Galaxy A17 5G,planet3d,Samsung Galaxy A17,256,Black,,95000,2026-09-17,https://3dplanet.am/en/store/product/samsung-galaxy-a17
samsung-galaxy-a17,Samsung Galaxy A17 5G,redstore,Samsung Galaxy A17 4GB/128GB Black,128,Black,,72000,2026-09-17,https://redstore.am/en/product/samsung-galaxy-a17-4gb128gb-black
samsung-galaxy-a17,Samsung Galaxy A17 5G,redstore,Samsung Galaxy A17 4GB/128GB Gray,128,Gray,,72000,2026-09-17,https://redstore.am/en/product/samsung-galaxy-a17-4gb128gb-gray
samsung-galaxy-a17,Samsung Galaxy A17 5G,redstore,Samsung Galaxy A17 4GB/128GB Light Blue,128,Blue,,72000,2026-09-17,https://redstore.am/en/product/samsung-galaxy-a17-4gb128gb-light-blue
samsung-galaxy-a17,Samsung Galaxy A17 5G,vlv,SAMSUNG A17 (A175) 4/128GB Light Blue,128,Blue,,65900,2026-09-17,https://vlv.am/en/Product/41310
samsung-galaxy-a17,Samsung Galaxy A17 5G,vlv,SAMSUNG A17 (A175) 4/128GB Gray,128,,,65900,2026-09-17,https://vlv.am/en/Product/42356
samsung-galaxy-a17,Samsung Galaxy A17 5G,vlv,SAMSUNG A17 (A175) 8/256GB Black,256,Black,,100900,2026-09-17,https://vlv.am/en/Product/41311
samsung-galaxy-a17,Samsung Galaxy A17 5G,yerevanmobile,Samsung Galaxy A17,128,,,72000,,
samsung-galaxy-a26,Samsung Galaxy A26 5G,notebookcentre,Samsung Galaxy A26,256,,,109000,,
samsung-galaxy-a26,Samsung Galaxy A26 5G,redstore,Samsung Galaxy A26 6GB/128GB Black,128,Black,,85000,2026-09-17,https://redstore.am/en/product/samsung-galaxy-a26-6gb128gb-black
samsung-galaxy-a26,Samsung Galaxy A26 5G,redstore,Samsung Galaxy A26 6GB/128GB Peach Pink,128,Peach Pink,,85000,2026-09-17,https://redstore.am/en/product/samsung-galaxy-a26-6gb128gb-peach-pink
samsung-galaxy-a26,Samsung Galaxy A26 5G,redstore,Samsung Galaxy A26 6GB/128GB White,128,White,,85000,2026-09-17,https://redstore.am/en/product/samsung-galaxy-a26-6gb128gb-white
samsung-galaxy-a26,Samsung Galaxy A26 5G,redstore,Samsung Galaxy A26 8GB/256GB Peach Pink,256,Peach Pink,,99000,,https://redstore.am/en/product/samsung-galaxy-a26-8gb256gb-peach-pink
samsung-galaxy-a26,Samsung Galaxy A26 5G,redstore,Samsung Galaxy A26 8GB/256GB Mint,256,Mint,,109000,2026-09-17,https://redstore.am/en/product/samsung-galaxy-a26-8gb256gb-mint
samsung-galaxy-a26,Samsung Galaxy A26 5G,redstore,Samsung Galaxy A26 8GB/256GB Black,256,Black,,109000,2026-09-17,https://redstore.am/en/product/samsung-galaxy-a26-8gb256gb-black
samsung-galaxy-a26,Samsung Galaxy A26 5G,redstore,Samsung Galaxy A26 8GB/256GB White,256,White,,109000,2026-09-17,https://redstore.am/en/product/samsung-galaxy-a26-8gb256gb-white
samsung-galaxy-a27,Samsung Galaxy A27 5G,allsell,Samsung Galaxy A27 Armenia - Price & Specifications,256,Black,,125600,2026-09-17,https://allsell.am/en/samsung-galaxy-a27
samsung-galaxy-a27,Samsung Galaxy A27 5G,ibolit,Samsung Galaxy A27 128GB 5G,128,,,109000,2026-09-17,https://ibolit.mobi/product/samsung-galaxy-a27-5g/
samsung-galaxy-a27,Samsung Galaxy A27 5G,ibolit,Samsung Galaxy A27 256GB PINK,256,Pink,,124000,2026-09-17,https://ibolit.mobi/product/samsung-galaxy-a27-256gb-pink/
samsung-galaxy-a27,Samsung Galaxy A27 5G,ibolit,Samsung Galaxy A27 256GB Black,256,Black,,124000,2026-09-17,https://ibolit.mobi/product/samsung-galaxy-a27-256gb-black/
samsung-galaxy-a27,Samsung Galaxy A27 5G,ibolit,Samsung Galaxy A27 256GB Blue,256,Blue,,124000,2026-09-17,https://ibolit.mobi/product/samsung-galaxy-a27-256gb-blue/
samsung-galaxy-a27,Samsung Galaxy A27 5G,mobilecentre,Samsung Galaxy A27 128GB (Blue),128,Blue,,122900,2026-09-17,https://mobilecentre.am/product/samsung-galaxy-a27/33851/
samsung-galaxy-a27,Samsung Galaxy A27 5G,mobilecentre,Samsung Galaxy A27 128GB Light Pink,128,Light Pink,,122900,,https://www.mobilecentre.am/product/samsung-galaxy-a27-128gb-_light-pink_/34425/
samsung-galaxy-a27,Samsung Galaxy A27 5G,mobilecentre,Samsung Galaxy A27 128GB Blue,128,Blue,,122900,,https://www.mobilecentre.am/product/samsung-galaxy-a27-128gb-_blue_/34426/
samsung-galaxy-a27,Samsung Galaxy A27 5G,mobilecentre,Samsung Galaxy A27 128GB Black,128,Black,,122900,,https://www.mobilecentre.am/product/samsung-galaxy-a27-128gb-_black_/34427/
samsung-galaxy-a27,Samsung Galaxy A27 5G,mobilecentre,Samsung Galaxy A27 256GB Light Pink,256,Light Pink,,141900,,https://www.mobilecentre.am/product/samsung-galaxy-a27-256gb-_light-pink_/34422/
samsung-galaxy-a27,Samsung Galaxy A27 5G,mobilecentre,Samsung Galaxy A27 256GB Black,256,Black,,141900,,https://www.mobilecentre.am/product/samsung-galaxy-a27-256gb-_black_/34423/
samsung-galaxy-a27,Samsung Galaxy A27 5G,mobilecentre,Samsung Galaxy A27 256GB Blue,256,Blue,,141900,,https://www.mobilecentre.am/product/samsung-galaxy-a27-256gb-_blue_/34424/
samsung-galaxy-a27,Samsung Galaxy A27 5G,pixel,Samsung Galaxy A27,128,Black,,109000,2026-09-18,https://www.pixel.am/am/product/samsung-galaxy-a27
samsung-galaxy-a27,Samsung Galaxy A27 5G,pixel,Samsung Galaxy A27,128,,,109000,,https://www.pixel.am/en/product/samsung-galaxy-a27
samsung-galaxy-a27,Samsung Galaxy A27 5G,planet3d,Samsung Galaxy A27,256,Black,,125000,2026-09-17,https://3dplanet.am/en/store/product/samsung-galaxy-a27
samsung-galaxy-a27,Samsung Galaxy A27 5G,redstore,Samsung Galaxy A27 6GB/128GB Black,128,Black,,109000,2026-09-17,https://redstore.am/en/product/samsung-galaxy-a27-6gb128gb-black
samsung-galaxy-a27,Samsung Galaxy A27 5G,redstore,Samsung Galaxy A27 6GB/128GB Light Green,128,Light Green,,109000,2026-09-17,https://redstore.am/en/product/samsung-galaxy-a27-6gb128gb-light-green
samsung-galaxy-a27,Samsung Galaxy A27 5G,redstore,Samsung Galaxy A27 6GB/128GB Blue,128,Blue,,109000,2026-09-17,https://redstore.am/en/product/samsung-galaxy-a27-6gb128gb-blue
samsung-galaxy-a27,Samsung Galaxy A27 5G,redstore,Samsung Galaxy A27 6GB/128GB Light Pink,128,Pink,,109000,2026-09-17,https://redstore.am/en/product/samsung-galaxy-a27-6gb128gb-light-pink
samsung-galaxy-a27,Samsung Galaxy A27 5G,redstore,Samsung Galaxy A27 8GB/256GB Black,256,Black,,125000,2026-09-17,https://redstore.am/en/product/samsung-galaxy-a27-8gb256gb-black
samsung-galaxy-a27,Samsung Galaxy A27 5G,redstore,Samsung Galaxy A27 8GB/256GB Blue,256,Blue,,125000,2026-09-17,https://redstore.am/en/product/samsung-galaxy-a27-8gb256gb-blue
samsung-galaxy-a27,Samsung Galaxy A27 5G,telecom,Samsung A27,128,Black,,122900,2026-09-17,https://www.telecomarmenia.am/eshop/hy/smartphones/samsung-a27-6-128-black/2714/
samsung-galaxy-a27,Samsung Galaxy A27 5G,telecom,Samsung A27,256,Black,,141900,2026-09-17,https://www.telecomarmenia.am/eshop/hy/smartphones/samsung-a27-8-256-black/2717/
samsung-galaxy-a27,Samsung Galaxy A27 5G,ucom,Samsung Galaxy A27,128,Blue,,122900,2026-09-17,https://shop.ucom.am/am/samsung-galaxy-a27.html
samsung-galaxy-a27,Samsung Galaxy A27 5G,vlv,SAMSUNG A27 (A276) 128GB Black,128,Black,,122900,2026-09-17,https://vlv.am/en/Product/47452
samsung-galaxy-a27,Samsung Galaxy A27 5G,vlv,SAMSUNG A27 (A276) 128GB Blue,128,Blue,,122900,2026-09-17,https://vlv.am/en/Product/47453
samsung-galaxy-a27,Samsung Galaxy A27 5G,vlv,SAMSUNG A27 (A276) 128GB Light Pink,128,Pink,,122900,2026-09-17,https://vlv.am/en/Product/47454
samsung-galaxy-a27,Samsung Galaxy A27 5G,vlv,SAMSUNG A27 (A276) 256GB Black,256,Black,,141900,2026-09-17,https://vlv.am/en/Product/47455
samsung-galaxy-a27,Samsung Galaxy A27 5G,yerevanmobile,Samsung Galaxy A27,128,,,109000,,
samsung-galaxy-a36,Samsung Galaxy A36 5G,ibolit,Samsung Galaxy A36 5G 8/128GB Lavander,128,,,109000,2026-09-17,https://ibolit.mobi/product/samsung-galaxy-a36-5g-8-128gb-lavander/
samsung-galaxy-a36,Samsung Galaxy A36 5G,ibolit,Samsung Galaxy A36 5G 8/128GB Lime,128,Awesome Lime,,109000,2026-09-17,https://ibolit.mobi/product/samsung-galaxy-a36-5g-8-128gb-lime/
samsung-galaxy-a36,Samsung Galaxy A36 5G,ibolit,Samsung Galaxy A36 5G 8/256GB Lime,256,Awesome Lime,,124000,2026-09-17,https://ibolit.mobi/product/samsung-galaxy-a36-5g-8-256gb-lime/
samsung-galaxy-a36,Samsung Galaxy A36 5G,ibolit,Samsung Galaxy A36 5G 8/256GB Lavander,256,,,124000,2026-09-17,https://ibolit.mobi/product/samsung-galaxy-a36-5g-8-256gb-lavander/
samsung-galaxy-a36,Samsung Galaxy A36 5G,ibolit,Samsung Galaxy A36 5G 8/256GB White,256,White,,124000,2026-09-17,https://ibolit.mobi/product/samsung-galaxy-a36-5g-8-256gb-white/
samsung-galaxy-a36,Samsung Galaxy A36 5G,ibolit,Samsung Galaxy A36 5G 8/256GB Black,256,Black,,124000,2026-09-17,https://ibolit.mobi/product/samsung-galaxy-a36-5g-8-256gb-black/
samsung-galaxy-a36,Samsung Galaxy A36 5G,mobilecentre,Samsung Galaxy A36 128GB (Awesome Lime),128,Awesome Lime,,116900,2026-09-17,https://mobilecentre.am/product/samsung-galaxy-a36/31733/
samsung-galaxy-a36,Samsung Galaxy A36 5G,pixel,Samsung Galaxy A36,128,Awesome Black,,129900,2026-09-18,https://www.pixel.am/am/product/samsung-galaxy-a36
samsung-galaxy-a36,Samsung Galaxy A36 5G,pixel,Samsung Galaxy A36,128,,,129900,,https://www.pixel.am/en/product/samsung-galaxy-a36
samsung-galaxy-a36,Samsung Galaxy A36 5G,planet3d,Samsung Galaxy A36,256,,,123000,2026-09-17,https://3dplanet.am/en/store/product/samsung-galaxy-a36
samsung-galaxy-a36,Samsung Galaxy A36 5G,redstore,Samsung Galaxy A36 8GB/128GB Lavender,128,Lavender,,109000,,https://redstore.am/en/product/samsung-galaxy-a36-8gb128gb-lavender
samsung-galaxy-a36,Samsung Galaxy A36 5G,redstore,Samsung Galaxy A36 8GB/128GB Lime,128,Lime,,109000,,https://redstore.am/en/product/samsung-galaxy-a36-8gb128gb-lime
samsung-galaxy-a36,Samsung Galaxy A36 5G,redstore,Samsung Galaxy A36 8GB/128GB White,128,White,,109000,,https://redstore.am/en/product/samsung-galaxy-a36-8gb128gb-white
samsung-galaxy-a36,Samsung Galaxy A36 5G,redstore,Samsung Galaxy A36 8GB/256GB Lime,256,Lime,,124000,,https://redstore.am/en/product/samsung-galaxy-a36-8gb256gb-lime
samsung-galaxy-a36,Samsung Galaxy A36 5G,redstore,Samsung Galaxy A36 8GB/256GB White,256,White,,124000,,https://redstore.am/en/product/samsung-galaxy-a36-8gb256gb-white
samsung-galaxy-a37,Samsung Galaxy A37 5G,allsell,Samsung Galaxy A37,256,Purple,,164600,2026-09-17,https://allsell.am/en/samsung-galaxy-a37
samsung-galaxy-a37,Samsung Galaxy A37 5G,eldorado,Smartphone Samsung A376 Galaxy A37 5G 6/128GB DS Awesome Graygreen,128,,,129900,2026-09-17,https://eldorado.am/en/samsung-a376-galaxy-a37-5g-6-128gb-ds-awesome-graygreen
samsung-galaxy-a37,Samsung Galaxy A37 5G,eldorado,Smartphone Samsung A376 Galaxy A37 5G 6/128GB DS Awesome Charcoal,128,Awesome Charcoal,,129900,2026-09-17,https://eldorado.am/en/samsung-a376-galaxy-a37-5g-6-128gb-ds-awesome-charcoal
samsung-galaxy-a37,Samsung Galaxy A37 5G,eldorado,Smartphone Samsung A376 Galaxy A37 5G 8/256GB DS Awesome Charcoal,256,Awesome Charcoal,,159900,2026-09-17,https://eldorado.am/en/samsung-a376-galaxy-a37-5g-8-256gb-ds-awesome-charcoal
samsung-galaxy-a37,Samsung Galaxy A37 5G,ibolit,Samsung Galaxy A37 8GB/128GB White,128,White,,134000,2026-09-17,https://ibolit.mobi/product/samsung-galaxy-a37-8gb-128gb-white/
samsung-galaxy-a37,Samsung Galaxy A37 5G,ibolit,Samsung Galaxy A37 8GB/128GB lavander,128,,,134000,2026-09-17,https://ibolit.mobi/product/samsung-galaxy-a37-8gb-128gb-lavander/
samsung-galaxy-a37,Samsung Galaxy A37 5G,ibolit,Samsung Galaxy A37 8/128GB (Awesome Charcoal),128,Awesome Charcoal,,134000,2026-09-17,https://ibolit.mobi/product/samsung-galaxy-a37-8-128gb-awesome-charcoal/
samsung-galaxy-a37,Samsung Galaxy A37 5G,ibolit,Samsung Galaxy A37 8/256GB (Awesome GrayGreen),256,,,143000,2026-09-17,https://ibolit.mobi/product/samsung-galaxy-a37-8-256gb-awesome-graygreen/
samsung-galaxy-a37,Samsung Galaxy A37 5G,ibolit,Samsung Galaxy A37 8/256GB (Awesome Charcoal),256,Awesome Charcoal,,143000,2026-09-17,https://ibolit.mobi/product/samsung-galaxy-a37-8-256gb-awesome-charcoal/
samsung-galaxy-a37,Samsung Galaxy A37 5G,mobilecentre,Samsung Galaxy A37 128GB (Awesome White),128,White,,149900,2026-09-17,https://mobilecentre.am/product/samsung-galaxy-a37/33683/
samsung-galaxy-a37,Samsung Galaxy A37 5G,notebookcentre,Samsung Galaxy A57 Awesome Lilac / 256 GB / 8 GB,256,Awesome Lilac,,,,https://notebookcentre.am/en/category/smartphones?brand=19&brand=20&brand=24&brand=40&brand=243&sort=low&product_status=in_stock&page=4
samsung-galaxy-a37,Samsung Galaxy A37 5G,notebookcentre,Samsung Galaxy A37 Awesome Lavender / 8 GB / 128 GB,128,,,149000,,
samsung-galaxy-a37,Samsung Galaxy A37 5G,notebookcentre,Samsung Galaxy A37,,,,149000,,
samsung-galaxy-a37,Samsung Galaxy A37 5G,notebookcentre,Samsung Galaxy A37 Awesome Lavender / 8 GB / 256 GB,256,,,165000,,
samsung-galaxy-a37,Samsung Galaxy A37 5G,notebookcentre,Samsung Galaxy A37 Awesome Charcoal / 8 GB / 256 GB,256,Awesome Charcoal,,179000,,
samsung-galaxy-a37,Samsung Galaxy A37 5G,pixel,Samsung Galaxy A37,,Black,,119000,2026-09-18,https://www.pixel.am/am/product/samsung-galaxy-a37
samsung-galaxy-a37,Samsung Galaxy A37 5G,pixel,Samsung Galaxy A37,128,,,124000,,https://www.pixel.am/en/product/samsung-galaxy-a37
samsung-galaxy-a37,Samsung Galaxy A37 5G,planet3d,Samsung Galaxy A37,256,Black,,144000,2026-09-17,https://3dplanet.am/en/store/product/samsung-galaxy-a37
samsung-galaxy-a37,Samsung Galaxy A37 5G,redstore,Samsung Galaxy A37 8GB/128GB White,128,White,,127000,2026-09-17,https://redstore.am/en/product/samsung-galaxy-a37-8gb128gb-white
samsung-galaxy-a37,Samsung Galaxy A37 5G,redstore,Samsung Galaxy A37 8GB/128GB Charkoal,128,,,127000,2026-09-17,https://redstore.am/en/product/samsung-galaxy-a37-8gb128gb-charkoal
samsung-galaxy-a37,Samsung Galaxy A37 5G,redstore,Samsung Galaxy A37 8GB/128GB Lavender,128,Lavender,,127000,2026-09-17,https://redstore.am/en/product/samsung-galaxy-a37-8gb128gb-lavender
samsung-galaxy-a37,Samsung Galaxy A37 5G,redstore,Samsung Galaxy A37 8GB/256GB Charkoal,256,,,144000,2026-09-17,https://redstore.am/en/product/samsung-galaxy-a37-8gb256gb-charkoal
samsung-galaxy-a37,Samsung Galaxy A37 5G,redstore,Samsung Galaxy A37 8GB/256GB White,256,White,,144000,2026-09-17,https://redstore.am/en/product/samsung-galaxy-a37-8gb256gb-white
samsung-galaxy-a37,Samsung Galaxy A37 5G,redstore,Samsung Galaxy A37 8GB/256GB Lavender,256,Lavender,,144000,2026-09-17,https://redstore.am/en/product/samsung-galaxy-a37-8gb256gb-lavender
samsung-galaxy-a37,Samsung Galaxy A37 5G,telecom,Samsung A37,128,,,134900,2026-09-17,https://www.telecomarmenia.am/eshop/hy/smartphones/samsung-a37-6-128-graygreen/2720/
samsung-galaxy-a37,Samsung Galaxy A37 5G,telecom,Samsung Galaxy A37,128,,,134900,,https://www.telecomarmenia.am/eshop/en/smartphones/samsung-a37-6-128-graygreen/2720/
samsung-galaxy-a37,Samsung Galaxy A37 5G,telecom,Samsung A37,256,,,159900,2026-09-17,https://www.telecomarmenia.am/eshop/hy/smartphones/samsung-a37-8-256gb-graygreen/2639/
samsung-galaxy-a37,Samsung Galaxy A37 5G,vega,Սմարթ հեռախոս SAMSUNG Galaxy A37 5G SM-A376B/DS 6GB 128GB (Awesome Charcoal),128,Awesome Charcoal,,146900,2026-09-17,https://vega.am/home-appliances/phones-and-gadgets/smart-phones/smart-phone-samsung-galaxy-a37-5g-sm-a376bds-6gb-128gb-awesome-charcoal.html
samsung-galaxy-a37,Samsung Galaxy A37 5G,vega,Սմարթ հեռախոս SAMSUNG Galaxy A37 5G SM-A376B/DS 6GB 128GB (Awesome Graygreen),128,,,146900,2026-09-17,https://vega.am/home-appliances/phones-and-gadgets/smart-phones/smart-phone-samsung-galaxy-a37-5g-sm-a376bds-6gb-128gb-awesome-graygreen.html
samsung-galaxy-a37,Samsung Galaxy A37 5G,vega,Սմարթ հեռախոս SAMSUNG Galaxy A37 5G SM-A376B/DS 6GB 128GB (Awesome Lavender),128,Awesome Lavender,,146900,2026-09-17,https://vega.am/home-appliances/phones-and-gadgets/smart-phones/smart-phone-samsung-galaxy-a37-5g-sm-a376bds-6gb-128gb-awesome-lavender.html
samsung-galaxy-a37,Samsung Galaxy A37 5G,vega,Սմարթ հեռախոս SAMSUNG Galaxy A37 5G SM-A376E/DS 8GB 128GB (Awesome White),128,White,,149900,2026-09-17,https://vega.am/home-appliances/phones-and-gadgets/smart-phones/smart-phone-samsung-galaxy-a37-5g-sm-a376eds-8gb-128gb-awesome-white.html
samsung-galaxy-a37,Samsung Galaxy A37 5G,vega,Սմարթ հեռախոս SAMSUNG Galaxy A37 5G SM-A376E/DS 8GB 256GB (Awesome Graygreen),256,,,159900,2026-09-17,https://vega.am/home-appliances/phones-and-gadgets/smart-phones/smart-phone-samsung-galaxy-a37-5g-sm-a376eds-8gb-256gb-awesome-graygreen.html
samsung-galaxy-a37,Samsung Galaxy A37 5G,vega,Սմարթ հեռախոս SAMSUNG Galaxy A37 5G SM-A376E/DS 8GB 256GB (Awesome Lavender),256,Awesome Lavender,,159900,2026-09-17,https://vega.am/home-appliances/phones-and-gadgets/smart-phones/smart-phone-samsung-galaxy-a37-5g-sm-a376eds-8gb-256gb-awesome-lavender.html
samsung-galaxy-a37,Samsung Galaxy A37 5G,vega,Սմարթ հեռախոս SAMSUNG Galaxy A37 5G SM-A376E/DS 8GB 256GB (Awesome White),256,White,,159900,2026-09-17,https://vega.am/home-appliances/phones-and-gadgets/smart-phones/smart-phone-samsung-galaxy-a37-5g-sm-a376eds-8gb-256gb-awesome-white.html
samsung-galaxy-a37,Samsung Galaxy A37 5G,vlv,SAMSUNG A37 (A376) 128GB Charcoal (Black),128,Black,,149900,2026-09-17,https://vlv.am/en/Product/45162
samsung-galaxy-a37,Samsung Galaxy A37 5G,vlv,SAMSUNG A37 (A376) 128GB GrayGreen,128,,,149900,2026-09-17,https://vlv.am/en/Product/45163
samsung-galaxy-a37,Samsung Galaxy A37 5G,vlv,SAMSUNG A37 (A376) 256GB Charcoal (Black),256,Black,,159900,2026-09-17,https://vlv.am/en/Product/48664
samsung-galaxy-a37,Samsung Galaxy A37 5G,yerevanmobile,Samsung Galaxy A37,128,,,127000,,
samsung-galaxy-a55,Samsung Galaxy A55 5G,ucom,Samsung Galaxy A55,128,,,134900,,https://shop.ucom.am/en/samsung-galaxy-a55.html
samsung-galaxy-a56,Samsung Galaxy A56 5G,allsell,Buy Samsung Galaxy A56 Smartphone In Armenia - AllSell,256,,,149600,2026-09-17,https://allsell.am/en/samsung-galaxy-a56
samsung-galaxy-a56,Samsung Galaxy A56 5G,ibolit,Samsung Galaxy A56 5G 8/128GB Lightgray,128,,,129000,2026-09-17,https://ibolit.mobi/product/samsung-galaxy-a56-5g-8-128gb-lightgray/
samsung-galaxy-a56,Samsung Galaxy A56 5G,ibolit,Samsung Galaxy A56 5G 8/128GB Pink,128,Pink,,129000,2026-09-17,https://ibolit.mobi/product/samsung-galaxy-a56-5g-8-128gb-pink-2/
samsung-galaxy-a56,Samsung Galaxy A56 5G,ibolit,Samsung Galaxy A56 5G 8/128GB Graphite,128,Graphite,,129000,2026-09-17,https://ibolit.mobi/product/samsung-galaxy-a56-5g-8-128gb-graphite/
samsung-galaxy-a56,Samsung Galaxy A56 5G,ibolit,Samsung Galaxy A56 5G 8/128GB Olive,128,Olive,,129000,2026-09-17,https://ibolit.mobi/product/samsung-galaxy-a56-5g-8-128gb-olive-2/
samsung-galaxy-a56,Samsung Galaxy A56 5G,ibolit,Samsung Galaxy A56 5G 8/256GB Pink,256,Awesome Pink,,144000,2026-09-17,https://ibolit.mobi/product/samsung-galaxy-a56-5g-8-256gb-pink/
samsung-galaxy-a56,Samsung Galaxy A56 5G,ibolit,Samsung Galaxy A56 12/256,256,,,169000,2026-09-17,https://ibolit.mobi/product/samsung-galaxy-a56-3/
samsung-galaxy-a56,Samsung Galaxy A56 5G,mobilecentre,Samsung Galaxy A56 128GB (Awesome Pink),128,Awesome Pink,,143900,2026-09-17,https://mobilecentre.am/product/samsung-galaxy-a56/31747/
samsung-galaxy-a56,Samsung Galaxy A56 5G,notebookcentre,Samsung Galaxy A56 Graphite / 8 GB / 128 GB,128,,,149000,,
samsung-galaxy-a56,Samsung Galaxy A56 5G,notebookcentre,Samsung Galaxy A56,,,,159000,,
samsung-galaxy-a56,Samsung Galaxy A56 5G,notebookcentre,Samsung Galaxy A56 Pink / 8 GB / 256 GB,256,,,169000,,
samsung-galaxy-a56,Samsung Galaxy A56 5G,pixel,Samsung Galaxy A56,128,Awesome Graphite,,139000,2026-09-18,https://www.pixel.am/am/product/samsung-galaxy-a56
samsung-galaxy-a56,Samsung Galaxy A56 5G,pixel,Samsung Galaxy A56,128,,,159900,,https://www.pixel.am/en/product/samsung-galaxy-a56
samsung-galaxy-a56,Samsung Galaxy A56 5G,planet3d,Samsung Galaxy A56,256,,,159000,2026-09-17,https://3dplanet.am/en/store/product/samsung-galaxy-a56
samsung-galaxy-a56,Samsung Galaxy A56 5G,redstore,Samsung Galaxy A56 8GB/128GB Light Gray,128,Light Gray,,142000,2026-09-17,https://redstore.am/en/product/samsung-galaxy-a56-8gb128gb-light-gray
samsung-galaxy-a56,Samsung Galaxy A56 5G,redstore,Samsung Galaxy A56 8GB/128GB Pink,128,Pink,,142000,2026-09-17,https://redstore.am/en/product/samsung-galaxy-a56-8gb128gb-pink
samsung-galaxy-a56,Samsung Galaxy A56 5G,redstore,Samsung Galaxy A56 8GB/128GB Graphite,128,Graphite,,142000,,https://redstore.am/en/product/samsung-galaxy-a56-8gb128gb-graphite
samsung-galaxy-a56,Samsung Galaxy A56 5G,redstore,Samsung Galaxy A56 8GB/256GB Light Gray,256,Light Gray,,144000,2026-09-17,https://redstore.am/en/product/samsung-galaxy-a56-8gb256gb-light-gray
samsung-galaxy-a56,Samsung Galaxy A56 5G,redstore,Samsung Galaxy A56 8GB/256GB Graphite,256,Graphite,,144000,2026-09-17,https://redstore.am/en/product/samsung-galaxy-a56-8gb256gb-graphite
samsung-galaxy-a56,Samsung Galaxy A56 5G,redstore,Samsung Galaxy A56 8GB/256GB Olive,256,Olive,,144000,2026-09-17,https://redstore.am/en/product/samsung-galaxy-a56-8gb256gb-olive
samsung-galaxy-a56,Samsung Galaxy A56 5G,redstore,Samsung Galaxy A56 8GB/256GB Pink,256,Pink,,144000,2026-09-17,https://redstore.am/en/product/samsung-galaxy-a56-8gb256gb-pink
samsung-galaxy-a56,Samsung Galaxy A56 5G,redstore,Samsung Galaxy A56 12GB/256GB Light Gray,256,Light Gray,,169000,,https://redstore.am/en/product/samsung-galaxy-a56-12gb256gb-light-gray
samsung-galaxy-a56,Samsung Galaxy A56 5G,redstore,Samsung Galaxy A56 12GB/256GB Olive,256,Olive,,169000,,https://redstore.am/en/product/samsung-galaxy-a56-12gb256gb-olive
samsung-galaxy-a56,Samsung Galaxy A56 5G,vlv,SAMSUNG A56 (A566) 128GB Black //,128,,,143900,2026-09-17,https://vlv.am/en/Product/37976
samsung-galaxy-a57,Samsung Galaxy A57 5G,allsell,Samsung Galaxy A57 Price In Armenia - Warranty - AllSell,512,,,194600,2026-09-17,https://allsell.am/en/samsung-galaxy-a57
samsung-galaxy-a57,Samsung Galaxy A57 5G,eldorado,Smartphone Samsung A576 Galaxy A57 5G 8/128GB DS Awesome Icyblue,128,Awesome Icyblue,,166900,2026-09-17,https://eldorado.am/en/samsung-a576-galaxy-a57-5g-8-128gb-ds-awesome-icyblue
samsung-galaxy-a57,Samsung Galaxy A57 5G,eldorado,Smartphone Samsung A576 Galaxy A57 5G 8/128GB DS Awesome Navy,128,Awesome Navy,,166900,2026-09-17,https://eldorado.am/en/samsung-a576-galaxy-a57-5g-8-128gb-ds-awesome-navy
samsung-galaxy-a57,Samsung Galaxy A57 5G,ibolit,Samsung Galaxy A57 8/128GB (Awesome Gray),128,Awesome Gray,,145000,2026-09-17,https://ibolit.mobi/product/samsung-galaxy-a57-128gb-awesome-gray/
samsung-galaxy-a57,Samsung Galaxy A57 5G,ibolit,Samsung Galaxy A57 8/128GB (Awesome Icyblue),128,Awesome Icyblue,,145000,2026-09-17,https://ibolit.mobi/product/samsung-galaxy-a57-128gb-awesome-icyblue/
samsung-galaxy-a57,Samsung Galaxy A57 5G,ibolit,Samsung Galaxy A57 8/128GB (Awesome Lilac),128,Awesome Lilac,,145000,2026-09-17,https://ibolit.mobi/product/samsung-galaxy-a57-128gb-awesome-lilac/
samsung-galaxy-a57,Samsung Galaxy A57 5G,ibolit,Samsung Galaxy A57 8/128GB (Awesome Navy),128,Awesome Navy,,145000,2026-09-17,https://ibolit.mobi/product/samsung-galaxy-a57-128gb-awesome-navy/
samsung-galaxy-a57,Samsung Galaxy A57 5G,ibolit,Samsung Galaxy A57 8/256GB (Awesome Navy),256,Awesome Navy,,160000,2026-09-17,https://ibolit.mobi/product/samsung-galaxy-a57-256gb-awesome-navy/
samsung-galaxy-a57,Samsung Galaxy A57 5G,ibolit,Samsung Galaxy A57 8/256GB (Awesome Lilac),256,Awesome Lilac,,160000,2026-09-17,https://ibolit.mobi/product/samsung-galaxy-a57-256gb-awesome-lilac/
samsung-galaxy-a57,Samsung Galaxy A57 5G,mobilecentre,Samsung Galaxy A57 128GB (Awesome Navy),128,Awesome Navy,,166900,2026-09-17,https://mobilecentre.am/product/samsung-galaxy-a57/33691/
samsung-galaxy-a57,Samsung Galaxy A57 5G,notebookcentre,Samsung Galaxy A57 Awesome Navy / 128 GB / 8 GB,128,Awesome Navy,,169000,,
samsung-galaxy-a57,Samsung Galaxy A57 5G,notebookcentre,Samsung Galaxy A57,,,,169000,,
samsung-galaxy-a57,Samsung Galaxy A57 5G,notebookcentre,Samsung Galaxy A57 Awesome Lilac / 256 GB / 8 GB,256,Awesome Lilac,,189000,,
samsung-galaxy-a57,Samsung Galaxy A57 5G,pixel,Samsung Galaxy A57,128,,,144000,2026-09-18,https://www.pixel.am/am/product/samsung-galaxy-a57
samsung-galaxy-a57,Samsung Galaxy A57 5G,pixel,Samsung Galaxy A57,128,,,149000,,https://www.pixel.am/en/product/samsung-galaxy-a57
samsung-galaxy-a57,Samsung Galaxy A57 5G,planet3d,Samsung Galaxy A57,256,,,167000,2026-09-17,https://3dplanet.am/en/store/product/samsung-galaxy-a57
samsung-galaxy-a57,Samsung Galaxy A57 5G,redstore,Samsung Galaxy A57 8GB/128GB Gray,128,Gray,,144000,2026-09-17,https://redstore.am/en/product/samsung-galaxy-a57-8gb128gb-gray
samsung-galaxy-a57,Samsung Galaxy A57 5G,redstore,Samsung Galaxy A57 8GB/128GB Navy,128,Navy,,144000,2026-09-17,https://redstore.am/en/product/samsung-galaxy-a57-8gb128gb-navy
samsung-galaxy-a57,Samsung Galaxy A57 5G,redstore,Samsung Galaxy A57 8GB/128GB Lilac,128,Lilac,,144000,2026-09-17,https://redstore.am/en/product/samsung-galaxy-a57-8gb128gb-lilac
samsung-galaxy-a57,Samsung Galaxy A57 5G,redstore,Samsung Galaxy A57 8GB/128GB Icyblue,128,Icyblue,,149000,,https://redstore.am/en/product/samsung-galaxy-a57-8gb128gb-icyblue
samsung-galaxy-a57,Samsung Galaxy A57 5G,redstore,Samsung Galaxy A57 8GB/256GB Gray,256,Gray,,167000,2026-09-17,https://redstore.am/en/product/samsung-galaxy-a57-8gb256gb-gray
samsung-galaxy-a57,Samsung Galaxy A57 5G,redstore,Samsung Galaxy A57 8GB/256GB Navy,256,Navy,,167000,2026-09-17,https://redstore.am/en/product/samsung-galaxy-a57-8gb256gb-navy
samsung-galaxy-a57,Samsung Galaxy A57 5G,redstore,Samsung Galaxy A57 8GB/256GB Icyblue,256,Icyblue,,167000,,https://redstore.am/en/product/samsung-galaxy-a57-8gb256gb-icyblue
samsung-galaxy-a57,Samsung Galaxy A57 5G,redstore,Samsung Galaxy A57 8GB/256GB Lilac,256,Lilac,,167000,,https://redstore.am/en/product/samsung-galaxy-a57-8gb256gb-lilac
samsung-galaxy-a57,Samsung Galaxy A57 5G,redstore,Samsung Galaxy A57 12GB/256GB Gray,256,Gray,,189000,,https://redstore.am/en/product/samsung-galaxy-a57-12gb256gb-gray
samsung-galaxy-a57,Samsung Galaxy A57 5G,redstore,Samsung Galaxy A57 12GB/256GB Navy,256,Navy,,189000,,https://redstore.am/en/product/samsung-galaxy-a57-12gb256gb-navy
samsung-galaxy-a57,Samsung Galaxy A57 5G,redstore,Samsung Galaxy A57 12GB/256GB Icyblue,256,Icyblue,,189000,,https://redstore.am/en/product/samsung-galaxy-a57-12gb256gb-icyblue
samsung-galaxy-a57,Samsung Galaxy A57 5G,redstore,Samsung Galaxy A57 12GB/256GB Lilac,256,Lilac,,189000,,https://redstore.am/en/product/samsung-galaxy-a57-12gb256gb-lilac
samsung-galaxy-a57,Samsung Galaxy A57 5G,telecom,Samsung A57,128,Navy,,166900,2026-09-17,https://www.telecomarmenia.am/eshop/hy/smartphones/samsung-a57-8-128gb-navy/2643/
samsung-galaxy-a57,Samsung Galaxy A57 5G,ucom,Samsung Galaxy A57,256,,,166900,,https://shop.ucom.am/en/samsung-galaxy-57.html
samsung-galaxy-a57,Samsung Galaxy A57 5G,vlv,SAMSUNG A57 (A576) 128GB Gray,128,,,166900,2026-09-17,https://vlv.am/en/Product/45164
samsung-galaxy-a57,Samsung Galaxy A57 5G,vlv,SAMSUNG A57 (A576) 256GB Gray,256,,,185900,2026-09-17,https://vlv.am/en/Product/45166
samsung-galaxy-a57,Samsung Galaxy A57 5G,vlv,SAMSUNG A57 (A576) 512GB Navy,512,,,238900,2026-09-17,https://vlv.am/en/Product/48666
samsung-galaxy-a57,Samsung Galaxy A57 5G,yerevanmobile,Samsung Galaxy A57,128,,,144000,,
samsung-galaxy-a57,Samsung Galaxy A57 5G,zigzag,Samsung Galaxy A57 5G,128,Awesome Navy,,165000,,https://www.zigzag.am/am/samsung-galaxy-a57-8gb-128gb-awesome-navy.html
samsung-galaxy-book-6-np760xjg,Samsung Galaxy Book 6(NP760XJG),redstore,Samsung Galaxy Book 6(NP760XJG),512,,,529000,2026-09-17,https://redstore.am/en/product/samsung-galaxy-book-6np760xjg
samsung-galaxy-buds-3-pro,Samsung Galaxy Buds3 Pro,mobilecentre,Samsung Galaxy Buds 3 Pro R630 (White),,White,,74900,2026-09-17,https://mobilecentre.am/product/samsung-galaxy-buds-3-pro-r630-_white_/30687/
samsung-galaxy-buds-3-pro,Samsung Galaxy Buds3 Pro,notebookcentre,Samsung Galaxy Buds 3 Pro,,,,69000,,
samsung-galaxy-buds-3-pro,Samsung Galaxy Buds3 Pro,pixel,Samsung Galaxy Buds 3 Pro,,,,67000,2026-09-18,https://www.pixel.am/am/product/samsung-galaxy-buds-3-pro
samsung-galaxy-buds-3-pro,Samsung Galaxy Buds3 Pro,planet3d,Apple AirPods 4,,,,,,https://3dplanet.am/en/store/headset
samsung-galaxy-buds-3-pro,Samsung Galaxy Buds3 Pro,planet3d,Samsung Galaxy Buds 3 Pro,,,,62000,2026-09-17,https://3dplanet.am/en/store/product/samsung-galaxy-buds-3-pro
samsung-galaxy-buds-3-pro,Samsung Galaxy Buds3 Pro,planet3d,Samsung Galaxy Buds 3 Pro,,,,62000,,
samsung-galaxy-buds-3-pro,Samsung Galaxy Buds3 Pro,redstore,Samsung Galaxy Buds 3 Pro White,,White,,62000,2026-09-17,https://redstore.am/en/product/samsung-galaxy-buds-3-pro-white
samsung-galaxy-buds-3-pro,Samsung Galaxy Buds3 Pro,redstore,Samsung Galaxy Buds 3 Pro Silver,,Silver,,62000,2026-09-17,https://redstore.am/en/product/samsung-galaxy-buds-3-pro-silver
samsung-galaxy-buds-3-pro,Samsung Galaxy Buds3 Pro,ucom,Samsung Galaxy Buds3 Pro,,,,69900,2026-09-17,https://shop.ucom.am/am/samsung-galaxy-buds3-pro.html
samsung-galaxy-buds-3-pro,Samsung Galaxy Buds3 Pro,ucom,Samsung Galaxy Buds3 Pro,,,,69900,,https://shop.ucom.am/en/samsung-galaxy-buds3-pro.html
samsung-galaxy-buds-3-pro,Samsung Galaxy Buds3 Pro,yerevanmobile,Apple MacBook Pro 16''/M5 Max/36GB RAM/2TB/MGE74/Silver,2048,Silver,,,,https://www.yerevanmobile.am/en/electronics.html
samsung-galaxy-buds-3-pro,Samsung Galaxy Buds3 Pro,yerevanmobile,Samsung Galaxy Buds 3 Pro,,,,62000,,
samsung-galaxy-buds-4,Samsung Galaxy Buds 4,ibolit,Samsung Galaxy Buds 4,,,,52000,2026-09-17,https://ibolit.mobi/product/samsung-galaxy-buds-4/
samsung-galaxy-buds-4,Samsung Galaxy Buds 4,mobilecentre,Samsung Galaxy Buds 4 Headphone (White),,White,,52900,2026-09-17,https://mobilecentre.am/product/samsung-galaxy-buds-4-headphone-_white_/33520/
samsung-galaxy-buds-4,Samsung Galaxy Buds 4,mobilecentre,Samsung Galaxy Buds 4 Headphone (Black),,Black,,52900,2026-09-17,https://mobilecentre.am/product/samsung-galaxy-buds-4-headphone-_black_/33519/
samsung-galaxy-buds-4,Samsung Galaxy Buds 4,pixel,Samsung Galaxy Buds 4,,Black,,55000,2026-09-18,https://www.pixel.am/am/product/samsung-galaxy-buds-4
samsung-galaxy-buds-4,Samsung Galaxy Buds 4,planet3d,Samsung Galaxy Buds 4,,Black,,62000,2026-09-17,https://3dplanet.am/en/store/product/samsung-galaxy-buds-4
samsung-galaxy-buds-4,Samsung Galaxy Buds 4,redstore,Samsung Galaxy Buds 4 Black,,Black,,52000,2026-09-17,https://redstore.am/en/product/samsung-galaxy-buds-4-black
samsung-galaxy-buds-4,Samsung Galaxy Buds 4,yerevanmobile,Samsung Galaxy Buds 4,,,,52000,,
samsung-galaxy-buds-4-pro,Samsung Galaxy Buds 4 Pro,ibolit,Samsung Galaxy Buds 4 Pro,,,,89000,2026-09-17,https://ibolit.mobi/product/samsung-galaxy-buds-4-pro/
samsung-galaxy-buds-4-pro,Samsung Galaxy Buds 4 Pro,mobilecentre,Samsung Galaxy Buds 4 Pro Headphone (White),,White,,72900,2026-09-17,https://mobilecentre.am/product/samsung-galaxy-buds-4-pro-headphone-_white_/33518/
samsung-galaxy-buds-4-pro,Samsung Galaxy Buds 4 Pro,mobilecentre,Samsung Galaxy Buds 4 Pro Headphone (Black),,Black,,72900,2026-09-17,https://mobilecentre.am/product/samsung-galaxy-buds-4-pro-headphone-_black_/33516/
samsung-galaxy-buds-4-pro,Samsung Galaxy Buds 4 Pro,pixel,Samsung Galaxy Buds 4 Pro,,Black,,75000,2026-09-18,https://www.pixel.am/am/product/samsung-galaxy-buds-4-pro
samsung-galaxy-buds-4-pro,Samsung Galaxy Buds 4 Pro,planet3d,Samsung Galaxy Buds 4 Pro,,Black,,72000,2026-09-17,https://3dplanet.am/en/store/product/samsung-galaxy-buds-4-pro
samsung-galaxy-buds-4-pro,Samsung Galaxy Buds 4 Pro,redstore,Samsung Galaxy Buds 4 Pro White,,White,,72000,2026-09-17,https://redstore.am/en/product/samsung-galaxy-buds-4-pro-white
samsung-galaxy-buds-4-pro,Samsung Galaxy Buds 4 Pro,redstore,Samsung Galaxy Buds 4 Pro Black,,Black,,72000,2026-09-17,https://redstore.am/en/product/samsung-galaxy-buds-4-pro-black
samsung-galaxy-buds-4-pro,Samsung Galaxy Buds 4 Pro,ucom,Samsung Galaxy Buds 4 Pro,,Black,,68900,2026-09-17,https://shop.ucom.am/am/galaxy-buds4-pro.html
samsung-galaxy-buds-4-pro,Samsung Galaxy Buds 4 Pro,vlv,SAMSUNG Galaxy Buds 4 Pro (R640) Black,,Black,,72900,2026-09-17,https://vlv.am/en/Product/46988
samsung-galaxy-buds-4-pro,Samsung Galaxy Buds 4 Pro,yerevanmobile,Samsung Galaxy Buds 4 Pro,,,,72000,,
samsung-galaxy-buds-core,Samsung Galaxy Buds Core,mobilecentre,Samsung Galaxy Buds Core Headphone R410 (White),,White,,20900,2026-09-17,https://mobilecentre.am/product/samsung-galaxy-buds-core-headphone-r410-_white_/32234/
samsung-galaxy-buds-core,Samsung Galaxy Buds Core,mobilecentre,Samsung Galaxy Buds Core Headphone R410 (Black),,Black,,20900,2026-09-17,https://mobilecentre.am/product/samsung-galaxy-buds-core-headphone-r410-_black_/32233/
samsung-galaxy-buds-core,Samsung Galaxy Buds Core,pixel,Samsung Galaxy Buds Core,,,,19000,2026-09-18,https://www.pixel.am/am/product/samsung-galaxy-buds-core
samsung-galaxy-buds-core,Samsung Galaxy Buds Core,redstore,Samsung Galaxy Buds Core Black,,Black,,20500,2026-09-17,https://redstore.am/en/product/samsung-galaxy-buds-core-black
samsung-galaxy-buds-core,Samsung Galaxy Buds Core,redstore,Samsung Galaxy Buds Core White,,White,,20500,2026-09-17,https://redstore.am/en/product/samsung-galaxy-buds-core-white
samsung-galaxy-buds-core,Samsung Galaxy Buds Core,ucom,Samsung Galaxy Buds Core,,,,20900,,https://shop.ucom.am/en/samsung-galaxy-buds-core.html
samsung-galaxy-buds-core,Samsung Galaxy Buds Core,vlv,SAMSUNG Galaxy Buds Core (R410) Black,,Black,,20900,2026-09-17,https://vlv.am/en/Product/42026
samsung-galaxy-buds-core,Samsung Galaxy Buds Core,vlv,SAMSUNG Galaxy Buds Core (R410) White,,White,,20900,2026-09-17,https://vlv.am/en/Product/42027
samsung-galaxy-buds-fe,Samsung Galaxy Buds FE,ibolit,Samsung Galaxy Buds FE,,,,34900,2026-09-17,https://ibolit.mobi/product/samsung-galaxy-buds-fe/
samsung-galaxy-buds-fe,Samsung Galaxy Buds FE,mobilecentre,Samsung Headphone Galaxy Buds FE R400 (White),,White,,29900,2026-09-17,https://mobilecentre.am/product/samsung-headphone-galaxy-buds-fe-r400-_white_/29433/
samsung-galaxy-buds-fe,Samsung Galaxy Buds FE,mobilecentre,Samsung Headphone Galaxy Buds FE R400 (Graphite),,Graphite,,29900,2026-09-17,https://mobilecentre.am/product/samsung-headphone-galaxy-buds-fe-r400-_graphite_/29432/
samsung-galaxy-buds-fe,Samsung Galaxy Buds FE,notebookcentre,Samsung Galaxy Buds FE,,,,36000,,
samsung-galaxy-buds-fe,Samsung Galaxy Buds FE,ucom,Samsung Galaxy Buds FE,,,,35900,,https://shop.ucom.am/en/samsung-galaxy-buds-fe.html
samsung-galaxy-buds-fe,Samsung Galaxy Buds FE,vlv,SAMSUNG Buds FE (R400) Graphite //,,,,29900,2026-09-17,https://vlv.am/en/Product/34831
samsung-galaxy-buds-pro-r190,Samsung Galaxy Buds Pro,eldorado,Samsung Galaxy Buds Pro R190,,,,67200,,https://eldorado.am/en/original-samsung-headphone-galaxy-buds-pro-r190-black
samsung-galaxy-buds-pro-r190,Samsung Galaxy Buds Pro,ibolit,Samsung Galaxy Buds Pro,,,,51800,2026-09-17,https://ibolit.mobi/product/samsung-galaxy-buds-pro/
samsung-galaxy-buds-pro-r190,Samsung Galaxy Buds Pro,ibolit,samsung Galaxy Buds Pro 3 (White),,White,,59000,2026-09-17,https://ibolit.mobi/product/amsung-galaxy-buds-pro-3-white/
samsung-galaxy-s25,Samsung Galaxy S25,mobilecentre,Samsung Galaxy S25 128GB (Blue),128,,,273900,2026-09-17,https://mobilecentre.am/product/samsung-galaxy-s25/31473/
samsung-galaxy-s25,Samsung Galaxy S25,pixel,Samsung Galaxy S25,,Silver Shadow,,273000,2026-09-18,https://www.pixel.am/am/product/samsung-galaxy-s25
samsung-galaxy-s25,Samsung Galaxy S25,pixel,Samsung Galaxy S25,128,,,273000,,https://www.pixel.am/en/product/samsung-galaxy-s25
samsung-galaxy-s25,Samsung Galaxy S25,redstore,Samsung Galaxy S25 12GB/128GB Icy Blue,128,Icy Blue,,239000,,https://redstore.am/en/product/samsung-galaxy-s25-12gb128gb-icy-blue
samsung-galaxy-s25,Samsung Galaxy S25,redstore,Samsung Galaxy S25 12GB/128GB Mint,128,Mint,,259000,2026-09-17,https://redstore.am/en/product/samsung-galaxy-s25-12gb128gb-mint
samsung-galaxy-s25,Samsung Galaxy S25,redstore,Samsung Galaxy S25 12GB/256GB Silver Shadow,256,Silver Shadow,,259000,,https://redstore.am/en/product/samsung-galaxy-s25-12gb256gb-silver-shadow
samsung-galaxy-s25,Samsung Galaxy S25,redstore,Samsung Galaxy S25 12GB/256GB Navy,256,Navy,,279000,2026-09-17,https://redstore.am/en/product/samsung-galaxy-s25-12gb256gb-navy
samsung-galaxy-s25,Samsung Galaxy S25,redstore,Samsung Galaxy S25 12GB/256GB Mint,256,Mint,,279000,2026-09-17,https://redstore.am/en/product/samsung-galaxy-s25-12gb256gb-mint
samsung-galaxy-s25,Samsung Galaxy S25,ucom,Samsung Galaxy S25,128,,,319900,,https://shop.ucom.am/en/samsung-galaxy-s25.html
samsung-galaxy-s25,Samsung Galaxy S25,yerevanmobile,Samsung Galaxy S25,128,,,279000,,
samsung-galaxy-s25-edge,Samsung Galaxy S25 Edge,allsell,Buy Samsung Galaxy S25 Edge Armenia - Best Price - AllSell,256,,,289600,2026-09-17,https://allsell.am/en/samsung-galaxy-s25-edge
samsung-galaxy-s25-edge,Samsung Galaxy S25 Edge,notebookcentre,Samsung Galaxy S25 Edge,256,,,319000,,
samsung-galaxy-s25-edge,Samsung Galaxy S25 Edge,notebookcentre,Samsung Galaxy S25 Edge Titanium Jetblack / 512 GB,512,Titanium Jetblack,,389000,,
samsung-galaxy-s25-edge,Samsung Galaxy S25 Edge,redstore,Samsung Galaxy S25 Edge 12GB/256GB Titanium Icyblue,256,Titanium Icyblue,,329000,,https://redstore.am/en/product/samsung-galaxy-s25-edge-12gb256gb-titanium-icyblue
samsung-galaxy-s25-edge,Samsung Galaxy S25 Edge,redstore,Samsung Galaxy S25 Edge 12GB/512GB Titanium Jetblack,512,Titanium Jetblack,,409000,2026-09-17,https://redstore.am/en/product/samsung-galaxy-s25-edge-12gb512gb-titanium-jetblack
samsung-galaxy-s25-edge,Samsung Galaxy S25 Edge,yerevanmobile,Samsung Galaxy S25 Edge,256,,,319000,,
samsung-galaxy-s25-fe,Samsung Galaxy S25 FE,allsell,Samsung Galaxy S25FE in Armenia - Buy Now - Price - AllSell,256,,,215600,2026-09-17,https://allsell.am/en/samsung-galaxy-s25fe
samsung-galaxy-s25-fe,Samsung Galaxy S25 FE,ibolit,Samsung Galaxy S25 FE 256GB (Navy),256,Navy,,220000,2026-09-17,https://ibolit.mobi/product/samsung-galaxy-s25-fe-256gb-navy/
samsung-galaxy-s25-fe,Samsung Galaxy S25 FE,ibolit,Samsung Galaxy S25 FE 256GB (White),256,White,,220000,2026-09-17,https://ibolit.mobi/product/samsung-galaxy-s25-fe-256gb-white/
samsung-galaxy-s25-fe,Samsung Galaxy S25 FE,ibolit,Samsung Galaxy S25 FE 256GB (Icyblue),256,Icyblue,,220000,2026-09-17,https://ibolit.mobi/product/samsung-galaxy-s25-fe-256gb-icyblue/
samsung-galaxy-s25-fe,Samsung Galaxy S25 FE,ibolit,Samsung Galaxy S25 FE 256GB (Jetblack),256,Jetblack,,220000,2026-09-17,https://ibolit.mobi/product/samsung-galaxy-s25-fe-256gb-jetblack/
samsung-galaxy-s25-fe,Samsung Galaxy S25 FE,mobilecentre,Samsung Galaxy S25 FE 256GB (White),256,White,,283900,2026-09-17,https://mobilecentre.am/product/samsung-galaxy-s25-fe/32449/
samsung-galaxy-s25-fe,Samsung Galaxy S25 FE,pixel,Samsung Galaxy S25 FE,,,,199000,2026-09-18,https://www.pixel.am/am/product/samsung-galaxy-s25-fe
samsung-galaxy-s25-fe,Samsung Galaxy S25 FE,pixel,Samsung Galaxy S25 FE,128,,,226000,,https://www.pixel.am/en/product/samsung-galaxy-s25-fe
samsung-galaxy-s25-fe,Samsung Galaxy S25 FE,planet3d,Samsung Galaxy S25 FE,256,White,,229000,2026-09-17,https://3dplanet.am/en/store/product/samsung-galaxy-s25-fe
samsung-galaxy-s25-fe,Samsung Galaxy S25 FE,redstore,Samsung Galaxy S25 FE 8GB/128GB Jetblack,128,Jetblack,,219000,2026-09-17,https://redstore.am/en/product/samsung-galaxy-s25-fe-8gb128gb-jetblack
samsung-galaxy-s25-fe,Samsung Galaxy S25 FE,redstore,Samsung Galaxy S25 FE 8GB/128GB Navy,128,Navy,,219000,2026-09-17,https://redstore.am/en/product/samsung-galaxy-s25-fe-8gb128gb-navy
samsung-galaxy-s25-fe,Samsung Galaxy S25 FE,redstore,Samsung Galaxy S25 FE 8GB/256GB Jetblack,256,Jetblack,,229000,2026-09-17,https://redstore.am/en/product/samsung-galaxy-s25-fe-8gb256gb-jetblack
samsung-galaxy-s25-fe,Samsung Galaxy S25 FE,redstore,Samsung Galaxy S25 FE 8GB/256GB White,256,White,,229000,2026-09-17,https://redstore.am/en/product/samsung-galaxy-s25-fe-8gb256gb-white
samsung-galaxy-s25-fe,Samsung Galaxy S25 FE,redstore,Samsung Galaxy S25 FE 8GB/256GB Navy,256,Navy,,229000,2026-09-17,https://redstore.am/en/product/samsung-galaxy-s25-fe-8gb256gb-navy
samsung-galaxy-s25-fe,Samsung Galaxy S25 FE,redstore,Samsung Galaxy S25 FE 8GB/256GB Icyblue,256,Icyblue,,229000,2026-09-17,https://redstore.am/en/product/samsung-galaxy-s25-fe-8gb256gb-icyblue
samsung-galaxy-s25-fe,Samsung Galaxy S25 FE,yerevanmobile,Samsung Galaxy S25 FE,128,,,229000,,
samsung-galaxy-s25-plus,Samsung Galaxy S25+,allsell,Samsung Galaxy S25 Plus,256,Navy,,328600,2026-09-17,https://allsell.am/en/samsung-galaxy-s25-plus
samsung-galaxy-s25-plus,Samsung Galaxy S25+,ibolit,Samsung Galaxy S25+ 256GB Mint,256,Mint,,309000,2026-09-17,https://ibolit.mobi/product/samsung-galaxy-s25-256gb-mint/
samsung-galaxy-s25-plus,Samsung Galaxy S25+,ibolit,Samsung Galaxy S25+ 256GB Navy,256,Navy,,309000,2026-09-17,https://ibolit.mobi/product/samsung-galaxy-s25-256gb-navy/
samsung-galaxy-s25-plus,Samsung Galaxy S25+,ibolit,Samsung Galaxy S25+ 512GB Mint,512,Mint,,429000,2026-09-17,https://ibolit.mobi/product/samsung-galaxy-s25-512gb-mint/
samsung-galaxy-s25-plus,Samsung Galaxy S25+,ibolit,Samsung Galaxy S25+ 512GB Silver Shadow,512,Silver Shadow,,429000,2026-09-17,https://ibolit.mobi/product/samsung-galaxy-s25-512gb-silver-shadow/
samsung-galaxy-s25-plus,Samsung Galaxy S25+,ibolit,Samsung Galaxy S25+ 512GB Navy,512,Navy,,429000,2026-09-17,https://ibolit.mobi/product/samsung-galaxy-s25-512gb-navy/
samsung-galaxy-s25-plus,Samsung Galaxy S25+,ibolit,Samsung Galaxy S25+ 512GB Icy Blue,512,Icy Blue,,429000,2026-09-17,https://ibolit.mobi/product/samsung-galaxy-s25-512gb-icy-blue/
samsung-galaxy-s25-plus,Samsung Galaxy S25+,mobilecentre,Samsung Galaxy S25+ 256GB (Silver Shadow),256,Silver Shadow,,330900,2026-09-17,https://mobilecentre.am/product/samsung-galaxy-s25+/31495/
samsung-galaxy-s25-plus,Samsung Galaxy S25+,pixel,Samsung Galaxy S25 Plus,,Silver Shadow,,299000,2026-09-18,https://www.pixel.am/am/product/samsung-galaxy-s25-plus
samsung-galaxy-s25-plus,Samsung Galaxy S25+,pixel,Samsung Galaxy S25 Plus,256,,,349000,,https://www.pixel.am/en/product/samsung-galaxy-s25-plus
samsung-galaxy-s25-plus,Samsung Galaxy S25+,ucom,Samsung Galaxy S25 Plus,256,,,374900,,https://shop.ucom.am/en/samsung-galaxy-s25-plus.html
samsung-galaxy-s25-ultra,Samsung Galaxy S25 Ultra,allsell,Samsung S25 Ultra Price In Armenia - Buy - Warranty -AllSell,1024,,,598600,2026-09-17,https://allsell.am/en/samsung-galaxy-s25-ultra
samsung-galaxy-s25-ultra,Samsung Galaxy S25 Ultra,ibolit,Samsung Galaxy S25 Ultra 512GB Titanium Gray,512,Titanium Gray,,399000,2026-09-17,https://ibolit.mobi/product/samsung-galaxy-s25-ultra-512gb-titanium-gray/
samsung-galaxy-s25-ultra,Samsung Galaxy S25 Ultra,ibolit,Samsung Galaxy S25 Ultra 512GB Titanium White Silver,512,Titanium White Silver,,399000,2026-09-17,https://ibolit.mobi/product/samsung-galaxy-s25-ultra-512gb-titanium-white-silver/
samsung-galaxy-s25-ultra,Samsung Galaxy S25 Ultra,ibolit,Samsung Galaxy S25 Ultra 256GB Titanium White Silver,256,Titanium White Silver,,400000,,https://ibolit.mobi/product/samsung-galaxy-s25-ultra-256gb-titanium-white-silver/
samsung-galaxy-s25-ultra,Samsung Galaxy S25 Ultra,ibolit,Samsung Galaxy S25 Ultra 12GB / 1TB Titanium Gray,1024,Titanium Gray,,590000,2026-09-17,https://ibolit.mobi/product/samsung-galaxy-s25-ultra-12gb-1tb-titanium-gray/
samsung-galaxy-s25-ultra,Samsung Galaxy S25 Ultra,ibolit,Samsung Galaxy S25 Ultra 12GB / 1TB Titanium White Silver,1024,Titanium White Silver,,590000,2026-09-17,https://ibolit.mobi/product/samsung-galaxy-s25-ultra-12gb-1tb-titanium-white-silver/
samsung-galaxy-s25-ultra,Samsung Galaxy S25 Ultra,ibolit,Samsung Galaxy S25 Ultra 12GB / 1TB Titanium Black,1024,Titanium Black,,590000,2026-09-17,https://ibolit.mobi/product/samsung-galaxy-s25-ultra-12gb-1tb-titanium-black/
samsung-galaxy-s25-ultra,Samsung Galaxy S25 Ultra,ibolit,Samsung Galaxy S25 Ultra 12GB / 1TB Titanium Silver Blue,1024,Titanium Silver Blue,,590000,2026-09-17,https://ibolit.mobi/product/samsung-galaxy-s25-ultra-12gb-1tb-titanium-silver-blue/
samsung-galaxy-s25-ultra,Samsung Galaxy S25 Ultra,pixel,Samsung Galaxy S25 Ultra,256,Titanium Black,,349000,2026-09-18,https://www.pixel.am/am/product/samsung-galaxy-s25-ultra
samsung-galaxy-s25-ultra,Samsung Galaxy S25 Ultra,pixel,Samsung Galaxy S25 Ultra,256,,,409000,,https://www.pixel.am/en/product/samsung-galaxy-s25-ultra
samsung-galaxy-s25-ultra,Samsung Galaxy S25 Ultra,planet3d,Samsung Galaxy S25 Ultra,512,Titanium Gray,,399000,2026-09-17,https://3dplanet.am/en/store/product/samsung-galaxy-s25-ultra
samsung-galaxy-s25-ultra,Samsung Galaxy S25 Ultra,redstore,Samsung Galaxy S25 Ultra 12GB/256GB Titanium Black,256,Titanium Black,,379000,2026-09-17,https://redstore.am/en/product/samsung-galaxy-s25-ultra-12gb256gb-titanium-black
samsung-galaxy-s25-ultra,Samsung Galaxy S25 Ultra,redstore,Samsung Galaxy S25 Ultra 12GB/512GB Titanium Gray,512,Titanium Gray,,439000,2026-09-17,https://redstore.am/en/product/samsung-galaxy-s25-ultra-12gb512gb-titanium-gray
samsung-galaxy-s25-ultra,Samsung Galaxy S25 Ultra,redstore,Samsung Galaxy S25 Ultra 12GB/512GB Titanium Black,512,Titanium Black,,439000,2026-09-17,https://redstore.am/en/product/samsung-galaxy-s25-ultra-12gb512gb-titanium-black
samsung-galaxy-s25-ultra,Samsung Galaxy S25 Ultra,redstore,Samsung Galaxy S25 Ultra 12GB/512GB Titanium White Silver,512,Titanium White Silver,,439000,2026-09-17,https://redstore.am/en/product/samsung-galaxy-s25-ultra-12gb512gb-titanium-white-silver
samsung-galaxy-s25-ultra,Samsung Galaxy S25 Ultra,redstore,Samsung Galaxy S25 Ultra 12GB/512GB Titanium Silver Blue,512,Titanium Silver Blue,,439000,2026-09-17,https://redstore.am/en/product/samsung-galaxy-s25-ultra-12gb512gb-titanium-silver-blue-1
samsung-galaxy-s25-ultra,Samsung Galaxy S25 Ultra,yerevanmobile,Samsung Galaxy S25 Ultra,256,,,339000,,https://www.yerevanmobile.am/en/samsung-galaxy-s25-ultra.html
samsung-galaxy-s26,Samsung Galaxy S26,allsell,Samsung Galaxy S26 Price In Armenia - Buy Now - AllSell,512,Black,,339600,2026-09-17,https://allsell.am/en/samsung-galaxy-s26
samsung-galaxy-s26,Samsung Galaxy S26,ibolit,Samsung Galaxy S26 12GB/256GB Cobalt Violet,256,Cobalt Violet,,279000,2026-09-17,https://ibolit.mobi/product/samsung-galaxy-s26-12gb-256gb-cobalt-violet/
samsung-galaxy-s26,Samsung Galaxy S26,ibolit,Samsung Galaxy S26 512gb White,512,White,,339000,2026-09-17,https://ibolit.mobi/product/samsung-galaxy-s26-512gb-white/
samsung-galaxy-s26,Samsung Galaxy S26,ibolit,Samsung Galaxy S26 12GB/512GB Sky Blue,512,Sky Blue,,339000,2026-09-17,https://ibolit.mobi/product/samsung-galaxy-s26-12gb-512gb-sky-blue/
samsung-galaxy-s26,Samsung Galaxy S26,mobilecentre,Samsung Galaxy S26 256GB (White),256,White,,348900,2026-09-17,https://mobilecentre.am/product/samsung-galaxy-s26/33482/
samsung-galaxy-s26,Samsung Galaxy S26,mobilecentre,Samsung Galaxy S26,256,Black,,348900,,https://www.mobilecentre.am/product/samsung-galaxy-s26-256gb-_black_/33476/
samsung-galaxy-s26,Samsung Galaxy S26,mobilecentre,Samsung Galaxy S26,256,White,,348900,,https://www.mobilecentre.am/product/samsung-galaxy-s26-256gb-_white_/33482/
samsung-galaxy-s26,Samsung Galaxy S26,notebookcentre,Samsung Galaxy S26,256,,,329000,,
samsung-galaxy-s26,Samsung Galaxy S26,notebookcentre,Samsung Galaxy S26 Pink Gold / 512 GB,512,,,359000,,
samsung-galaxy-s26,Samsung Galaxy S26,pixel,Samsung Galaxy S26,256,Black,,315000,2026-09-18,https://www.pixel.am/am/product/samsung-galaxy-s26
samsung-galaxy-s26,Samsung Galaxy S26,pixel,Samsung Galaxy S26,256,,,399000,,https://www.pixel.am/en/product/samsung-galaxy-s26
samsung-galaxy-s26,Samsung Galaxy S26,planet3d,Samsung Galaxy S26,512,Black,,359000,2026-09-17,https://3dplanet.am/en/store/product/samsung-galaxy-s26
samsung-galaxy-s26,Samsung Galaxy S26,redstore,Samsung Galaxy S26 12GB/256GB Black,256,Black,,339000,2026-09-17,https://redstore.am/en/product/samsung-galaxy-s26-12gb256gb-black
samsung-galaxy-s26,Samsung Galaxy S26,redstore,Samsung Galaxy S26 12GB/256GB Sky Blue,256,Sky Blue,,339000,2026-09-17,https://redstore.am/en/product/samsung-galaxy-s26-12gb256gb-sky-blue
samsung-galaxy-s26,Samsung Galaxy S26,redstore,Samsung Galaxy S26 12GB/256GB Cobalt Violet,256,Cobalt Violet,,339000,2026-09-17,https://redstore.am/en/product/samsung-galaxy-s26-12gb256gb-cobalt-violet
samsung-galaxy-s26,Samsung Galaxy S26,redstore,Samsung Galaxy S26 12GB/256GB White,256,White,,339000,2026-09-17,https://redstore.am/en/product/samsung-galaxy-s26-12gb256gb-white
samsung-galaxy-s26,Samsung Galaxy S26,redstore,Samsung Galaxy S26 12GB/512GB Black,512,Black,,339000,,https://redstore.am/en/product/samsung-galaxy-s26-12gb512gb-black
samsung-galaxy-s26,Samsung Galaxy S26,redstore,Samsung Galaxy S26 12GB/512GB Cobalt Violet,512,Cobalt Violet,,339000,,https://redstore.am/product/samsung-galaxy-s26-12gb512gb-cobalt-violet
samsung-galaxy-s26,Samsung Galaxy S26,ucom,Samsung Galaxy S26,256,,,348900,,https://shop.ucom.am/en/samsung-galaxy-s26.html
samsung-galaxy-s26,Samsung Galaxy S26,vlv,SAMSUNG S26 (S942) 256GB Black,256,Black,,348900,2026-09-17,https://vlv.am/en/Product/44454
samsung-galaxy-s26,Samsung Galaxy S26,vlv,SAMSUNG S26 (S942) 256GB White,256,White,,348900,2026-09-17,https://vlv.am/en/Product/45169
samsung-galaxy-s26,Samsung Galaxy S26,yerevanmobile,Samsung Galaxy S26,256,,,319000,,
samsung-galaxy-s26-fe,Samsung Galaxy S26 FE,allsell,Buy Samsung Galaxy S26 FE In Armenia - Warranty - AllSell,256,Pistachio,,294600,2026-09-17,https://allsell.am/en/samsung-galaxy-s26-fe
samsung-galaxy-s26-fe,Samsung Galaxy S26 FE,ibolit,Samsung Galaxy S26 FE 8/256GB Graphite,256,Graphite,,289000,2026-09-17,https://ibolit.mobi/product/samsung-galaxy-s26-fe-8-256gb/
samsung-galaxy-s26-fe,Samsung Galaxy S26 FE,ibolit,Samsung Galaxy S26 FE 8/256 GB Pistacho,256,,,289000,2026-09-17,https://ibolit.mobi/product/samsung-galaxy-s26-fe-8-256-gb-pistacho/
samsung-galaxy-s26-fe,Samsung Galaxy S26 FE,mobilecentre,Samsung Galaxy S26 FE 128GB (Light Green),128,,,336900,2026-09-17,https://mobilecentre.am/product/samsung-galaxy-s26-fe/34412/
samsung-galaxy-s26-fe,Samsung Galaxy S26 FE,mobilecentre,Samsung Galaxy S26 FE,128,Black,,336900,,https://www.mobilecentre.am/product/samsung-galaxy-s26-fe-128gb-_black_/34413/
samsung-galaxy-s26-fe,Samsung Galaxy S26 FE,mobilecentre,Samsung Galaxy S26 FE,128,Light Green,,336900,,https://www.mobilecentre.am/product/samsung-galaxy-s26-fe/34412/
samsung-galaxy-s26-fe,Samsung Galaxy S26 FE,mobilecentre,Samsung Galaxy S26 FE,128,Violet,,336900,,https://www.mobilecentre.am/product/samsung-galaxy-s26-fe-128gb-_violet_/34414/
samsung-galaxy-s26-fe,Samsung Galaxy S26 FE,mobilecentre,Samsung Galaxy S26 FE,256,Black,,383900,,https://www.mobilecentre.am/product/samsung-galaxy-s26-fe-256gb-_black_/34418/
samsung-galaxy-s26-fe,Samsung Galaxy S26 FE,mobilecentre,Samsung Galaxy S26 FE,256,Light Green,,383900,,https://www.mobilecentre.am/product/samsung-galaxy-s26-fe-256gb-_light-green_/34420/
samsung-galaxy-s26-fe,Samsung Galaxy S26 FE,mobilecentre,Samsung Galaxy S26 FE,256,Violet,,383900,,https://www.mobilecentre.am/product/samsung-galaxy-s26-fe-256gb-_violet_/34419/
samsung-galaxy-s26-fe,Samsung Galaxy S26 FE,mobilecentre,Samsung Galaxy S26 FE,512,Black,,454900,,https://www.mobilecentre.am/product/samsung-galaxy-s26-fe-512gb-_black_/34415/
samsung-galaxy-s26-fe,Samsung Galaxy S26 FE,mobilecentre,Samsung Galaxy S26 FE,512,Light Green,,454900,,https://www.mobilecentre.am/product/samsung-galaxy-s26-fe-512gb-_light-green_/34417/
samsung-galaxy-s26-fe,Samsung Galaxy S26 FE,mobilecentre,Samsung Galaxy S26 FE,512,Violet,,454900,,https://www.mobilecentre.am/product/samsung-galaxy-s26-fe-512gb-_violet_/34416/
samsung-galaxy-s26-fe,Samsung Galaxy S26 FE,redstore,Samsung Galaxy S26 FE 8GB/128GB Graphite,128,Graphite,,289000,2026-09-17,https://redstore.am/en/product/samsung-galaxy-s26-fe-8gb128gb-graphite
samsung-galaxy-s26-fe,Samsung Galaxy S26 FE,redstore,Samsung Galaxy S26 FE 8GB/128GB Blueberry,128,,,289000,2026-09-17,https://redstore.am/en/product/samsung-galaxy-s26-fe-8gb128gb-blueberry
samsung-galaxy-s26-fe,Samsung Galaxy S26 FE,redstore,Samsung Galaxy S26 FE 8GB/128GB Pistachio,128,Pistachio,,289000,2026-09-17,https://redstore.am/en/product/samsung-galaxy-s26-fe-8gb128gb-pistachio
samsung-galaxy-s26-fe,Samsung Galaxy S26 FE,redstore,Samsung Galaxy S26 FE 8GB/256GB Graphite,256,Graphite,,319000,2026-09-17,https://redstore.am/en/product/samsung-galaxy-s26-fe-8gb256gb-graphite
samsung-galaxy-s26-fe,Samsung Galaxy S26 FE,redstore,Samsung Galaxy S26 FE 8GB/256GB Blueberry,256,,,319000,2026-09-17,https://redstore.am/en/product/samsung-galaxy-s26-fe-8gb256gb-blueberry
samsung-galaxy-s26-fe,Samsung Galaxy S26 FE,redstore,Samsung Galaxy S26 FE 8GB/256GB Pistachio,256,Pistachio,,319000,2026-09-17,https://redstore.am/en/product/samsung-galaxy-s26-fe-8gb256gb-pistachio
samsung-galaxy-s26-fe,Samsung Galaxy S26 FE,ucom,Samsung Galaxy S26 FE,,Pistachio,,336900,2026-09-17,https://shop.ucom.am/am/samsung-galaxy-s26-fe.html
samsung-galaxy-s26-fe,Samsung Galaxy S26 FE,ucom,Samsung Galaxy S26 FE,128,,,336900,,https://shop.ucom.am/en/smartphones.html
samsung-galaxy-s26-fe,Samsung Galaxy S26 FE,yerevanmobile,Samsung Galaxy S26 FE,256,,,289000,,
samsung-galaxy-s26-plus,Samsung Galaxy S26+,allsell,Samsung Galaxy S26 Plus,512,Black,,389600,2026-09-17,https://allsell.am/en/samsung-galaxy-s26-plus
samsung-galaxy-s26-plus,Samsung Galaxy S26+,ibolit,Samsung Galaxy S26+ 12GB/256GB Sky Blue,256,Sky Blue,,349000,2026-09-17,https://ibolit.mobi/product/samsung-galaxy-s26-12gb-256gb-sky-blue/
samsung-galaxy-s26-plus,Samsung Galaxy S26+,ibolit,Samsung Galaxy S26+ 12GB/256GB Black,256,Black,,349000,2026-09-17,https://ibolit.mobi/product/samsung-galaxy-s26-12gb-256gb-black/
samsung-galaxy-s26-plus,Samsung Galaxy S26+,mobilecentre,Samsung Galaxy S26+ 256GB (White),256,White,,418900,2026-09-17,https://mobilecentre.am/product/samsung-galaxy-s26+/33494/
samsung-galaxy-s26-plus,Samsung Galaxy S26+,notebookcentre,Samsung Galaxy S26+,256,,,349000,,
samsung-galaxy-s26-plus,Samsung Galaxy S26+,notebookcentre,Samsung Galaxy S26+ Sky Blue / 512 GB,512,Sky Blue,,389000,,
samsung-galaxy-s26-plus,Samsung Galaxy S26+,notebookcentre,Samsung Galaxy S26+ Cobalt Violet / 512 GB,512,Cobalt Violet,,389000,,
samsung-galaxy-s26-plus,Samsung Galaxy S26+,pixel,Samsung Galaxy S26 Plus,,Black,,329000,2026-09-18,https://www.pixel.am/am/product/samsung-galaxy-s26-plus
samsung-galaxy-s26-plus,Samsung Galaxy S26+,pixel,Samsung Galaxy S26 Plus,256,,,456000,,https://www.pixel.am/en/product/samsung-galaxy-s26-plus
samsung-galaxy-s26-plus,Samsung Galaxy S26+,planet3d,Samsung Galaxy S26+,512,Black,,409000,2026-09-17,https://3dplanet.am/en/store/product/samsung-galaxy-s26plus
samsung-galaxy-s26-plus,Samsung Galaxy S26+,redstore,Samsung Galaxy S26+ 12GB/256GB Black,256,Black,,369000,2026-09-17,https://redstore.am/en/product/samsung-galaxy-s26-12gb256gb-black-1
samsung-galaxy-s26-plus,Samsung Galaxy S26+,redstore,Samsung Galaxy S26+ 12GB/256GB Sky Blue,256,Sky Blue,,369000,2026-09-17,https://redstore.am/en/product/samsung-galaxy-s26-12gb256gb-sky-blue-1
samsung-galaxy-s26-plus,Samsung Galaxy S26+,vega,Սմարթ հեռախոս SAMSUNG Galaxy S26+ SM-S947B/DS 12GB 256GB (Sky Blue),256,Sky Blue,,418900,2026-09-17,https://vega.am/home-appliances/phones-and-gadgets/smart-phones/smart-phone-samsung-galaxy-s26-plus-sm-s947bds-12gb-256gb-sky-blue.html
samsung-galaxy-s26-plus,Samsung Galaxy S26+,vega,Սմարթ հեռախոս SAMSUNG Galaxy S26+ SM-S947B/DS 12GB 256GB (White),256,White,,418900,2026-09-17,https://vega.am/home-appliances/phones-and-gadgets/smart-phones/smart-phone-samsung-galaxy-s26-plus-sm-s947bds-12gb-256gb-white.html
samsung-galaxy-s26-plus,Samsung Galaxy S26+,vlv,SAMSUNG S26+ (S947) 256GB Black,256,Black,,418900,2026-09-17,https://vlv.am/en/Product/44432
samsung-galaxy-s26-plus,Samsung Galaxy S26+,yerevanmobile,Samsung Galaxy S26 Plus,256,,,349000,,
samsung-galaxy-s26-ultra,Samsung Galaxy S26 Ultra,allsell,Samsung Galaxy S26 Ultra In Armenia - Best Price - AllSell,1024,Black,,629000,2026-09-17,https://allsell.am/en/samsung-galaxy-s26-ultra
samsung-galaxy-s26-ultra,Samsung Galaxy S26 Ultra,ibolit,Samsung Galaxy S26 Ultra 256 Pink Gold,256,Pink Gold,,399000,2026-09-17,https://ibolit.mobi/product/samsung-galaxy-s26-ultra-256-pink-gold/
samsung-galaxy-s26-ultra,Samsung Galaxy S26 Ultra,ibolit,Samsung Galaxy S26 Ultra 256 Silver Shadow,256,Silver Shadow,,399000,2026-09-17,https://ibolit.mobi/product/samsung-galaxy-s26-ultra-256-silver-shadow/
samsung-galaxy-s26-ultra,Samsung Galaxy S26 Ultra,ibolit,Samsung Galaxy S26 Ultra 256 Sky Blue,256,Blue,,399000,2026-09-17,https://ibolit.mobi/product/samsung-galaxy-s26-256-ultra-sky-blue/
samsung-galaxy-s26-ultra,Samsung Galaxy S26 Ultra,ibolit,Samsung Galaxy S26 Ultra 256 Cobalt Violet,256,Cobalt Violet,,399000,2026-09-17,https://ibolit.mobi/product/galaxy-s26-ultra-256-cobalt-violet/
samsung-galaxy-s26-ultra,Samsung Galaxy S26 Ultra,ibolit,Galaxy S26 Ultra 256 White,256,White,,399000,2026-09-17,https://ibolit.mobi/product/galaxy-s26-ultra-256-white/
samsung-galaxy-s26-ultra,Samsung Galaxy S26 Ultra,ibolit,Samsung Galaxy S26 Ultra 256 Black,256,Black,,399000,2026-09-17,https://ibolit.mobi/product/galaxy-s26-ultra-256-black/
samsung-galaxy-s26-ultra,Samsung Galaxy S26 Ultra,ibolit,Samsung Galaxy S26 Ultra 512 Pink Gold,512,Pink Gold,,469000,2026-09-17,https://ibolit.mobi/product/galaxy-s26-ultra-512-pink-gold/
samsung-galaxy-s26-ultra,Samsung Galaxy S26 Ultra,mobilecentre,Samsung Galaxy S26 Ultra 256GB (Sky Blue),256,Blue,,479900,2026-09-17,https://mobilecentre.am/product/samsung-galaxy-s26-ultra/33508/
samsung-galaxy-s26-ultra,Samsung Galaxy S26 Ultra,mobilecentre,Samsung Galaxy S26 Ultra,256,Sky Blue,,479900,,https://www.mobilecentre.am/product/samsung-galaxy-s26-ultra-256gb-_sky-blue_/33508/
samsung-galaxy-s26-ultra,Samsung Galaxy S26 Ultra,mobilecentre,Samsung Galaxy S26 Ultra,256,White,,479900,,https://www.mobilecentre.am/product/samsung-galaxy-s26-ultra-256gb-_white_/33510/
samsung-galaxy-s26-ultra,Samsung Galaxy S26 Ultra,mobilecentre,Samsung Galaxy S26 Ultra,512,Black,,569900,,https://www.mobilecentre.am/product/samsung-galaxy-s26-ultra-512gb-_black_/33512/
samsung-galaxy-s26-ultra,Samsung Galaxy S26 Ultra,mobilecentre,Samsung Galaxy S26 Ultra,1024,Sky Blue,,799900,,https://www.mobilecentre.am/product/samsung-galaxy-s26-ultra-1tb-_sky-blue_/33502/
samsung-galaxy-s26-ultra,Samsung Galaxy S26 Ultra,notebookcentre,Samsung Galaxy S26 Ultra,256,,,379000,,
samsung-galaxy-s26-ultra,Samsung Galaxy S26 Ultra,notebookcentre,Samsung Galaxy S26 Ultra Pink Gold / 12 GB / 512 GB,512,,,469000,,
samsung-galaxy-s26-ultra,Samsung Galaxy S26 Ultra,notebookcentre,Samsung Galaxy S26 Ultra Black / 12 GB / 512 GB,512,Black,,469000,,
samsung-galaxy-s26-ultra,Samsung Galaxy S26 Ultra,notebookcentre,Samsung Galaxy S26 Ultra Sky Blue / 16 GB / 1 TB,1024,Blue,,629000,,
samsung-galaxy-s26-ultra,Samsung Galaxy S26 Ultra,pixel,Samsung Galaxy S26 Ultra,256,,,379000,2026-09-18,https://www.pixel.am/am/product/samsung-galaxy-s26-ultra
samsung-galaxy-s26-ultra,Samsung Galaxy S26 Ultra,pixel,Samsung Galaxy S26 Ultra,256,,,399000,,https://www.pixel.am/en/product/samsung-galaxy-s26-ultra
samsung-galaxy-s26-ultra,Samsung Galaxy S26 Ultra,planet3d,Samsung Galaxy S26 Ultra,512,Black,,479000,2026-09-17,https://3dplanet.am/en/store/product/samsung-galaxy-s26-ultra
samsung-galaxy-s26-ultra,Samsung Galaxy S26 Ultra,redstore,Samsung Galaxy S26 Ultra 12GB/256GB Black,256,Black,,419000,2026-09-17,https://redstore.am/en/product/samsung-galaxy-s26-ultra-12gb256gb-black
samsung-galaxy-s26-ultra,Samsung Galaxy S26 Ultra,redstore,Samsung Galaxy S26 Ultra 12GB/256GB Cobalt Violet,256,Cobalt Violet,,419000,2026-09-17,https://redstore.am/en/product/samsung-galaxy-s26-ultra-12gb256gb-cobalt-violet
samsung-galaxy-s26-ultra,Samsung Galaxy S26 Ultra,redstore,Samsung Galaxy S26 Ultra 12GB/256GB White,256,White,,419000,2026-09-17,https://redstore.am/en/product/samsung-galaxy-s26-ultra-12gb256gb-white
samsung-galaxy-s26-ultra,Samsung Galaxy S26 Ultra,redstore,Samsung Galaxy S26 Ultra 12GB/256GB Blue,256,Blue,,419000,2026-09-17,https://redstore.am/en/product/samsung-galaxy-s26-ultra-12gb256gb-blue
samsung-galaxy-s26-ultra,Samsung Galaxy S26 Ultra,redstore,Samsung Galaxy S26 Ultra 12GB/512GB Cobalt Violet,512,Cobalt Violet,,469000,,https://redstore.am/en/product/samsung-galaxy-s26-ultra-12gb512gb-cobalt-violet
samsung-galaxy-s26-ultra,Samsung Galaxy S26 Ultra,redstore,Samsung Galaxy S26 Ultra 12GB/512GB Black,512,Black,,499000,2026-09-17,https://redstore.am/en/product/samsung-galaxy-s26-ultra-12gb512gb-black
samsung-galaxy-s26-ultra,Samsung Galaxy S26 Ultra,redstore,Samsung Galaxy S26 Ultra 12GB/512GB Blue,512,Blue,,499000,2026-09-17,https://redstore.am/en/product/samsung-galaxy-s26-ultra-12gb512gb-blue
samsung-galaxy-s26-ultra,Samsung Galaxy S26 Ultra,redstore,Samsung Galaxy S26 Ultra 16GB/1TB Black,1024,Black,,629000,,https://redstore.am/en/product/samsung-galaxy-s26-ultra-16gb1tb-black
samsung-galaxy-s26-ultra,Samsung Galaxy S26 Ultra,telecom,Samsung S26 Ultra,256,White,,479900,2026-09-17,https://www.telecomarmenia.am/eshop/hy/smartphones/samsung-s26ultra-12-256gb-white/2599/
samsung-galaxy-s26-ultra,Samsung Galaxy S26 Ultra,telecom,Samsung S26 Ultra,512,Blue,,569900,2026-09-17,https://www.telecomarmenia.am/eshop/hy/smartphones/samsung-s26ultra-12-512gb-skyblue/2613/
samsung-galaxy-s26-ultra,Samsung Galaxy S26 Ultra,vega,Սմարթ հեռախոս SAMSUNG Galaxy S26 Ultra SM-S948B/DS 12GB 256GB (Cobalt Violet),256,Cobalt Violet,,479900,2026-09-17,https://vega.am/home-appliances/phones-and-gadgets/smart-phones/smart-phone-samsung-galaxy-s26-ultra-sm-s948bds-12gb-256gb-cobalt-violet.html
samsung-galaxy-s26-ultra,Samsung Galaxy S26 Ultra,vega,Սմարթ հեռախոս SAMSUNG Galaxy S26 Ultra SM-S948B/DS 12GB 256GB (Sky Blue),256,Blue,,479900,2026-09-17,https://vega.am/home-appliances/phones-and-gadgets/smart-phones/smart-phone-samsung-galaxy-s26-ultra-sm-s948bds-12gb-256gb-sky-blue.html
samsung-galaxy-s26-ultra,Samsung Galaxy S26 Ultra,vega,Սմարթ հեռախոս SAMSUNG Galaxy S26 Ultra SM-S948B/DS 12GB 256GB (White),256,White,,479900,2026-09-17,https://vega.am/home-appliances/phones-and-gadgets/smart-phones/smart-phone-samsung-galaxy-s26-ultra-sm-s948bds-12gb-256gb-white.html
samsung-galaxy-s26-ultra,Samsung Galaxy S26 Ultra,vega,Սմարթ հեռախոս SAMSUNG Galaxy S26 Ultra SM-S948B/DS 12GB 512GB (Sky Blue),512,Blue,,569900,2026-09-17,https://vega.am/home-appliances/phones-and-gadgets/smart-phones/smart-phone-samsung-galaxy-s26-ultra-sm-s948bds-12gb-512gb-sky-blue.html
samsung-galaxy-s26-ultra,Samsung Galaxy S26 Ultra,vega,Սմարթ հեռախոս SAMSUNG Galaxy S26 Ultra SM-S948B/DS 12GB 512GB (White),512,White,,569900,2026-09-17,https://vega.am/home-appliances/phones-and-gadgets/smart-phones/smart-phone-samsung-galaxy-s26-ultra-sm-s948bds-12gb-512gb-white.html
samsung-galaxy-s26-ultra,Samsung Galaxy S26 Ultra,vlv,SAMSUNG S26 Ultra (S948) 256GB Black,256,Black,,479900,2026-09-17,https://vlv.am/en/Product/44455
samsung-galaxy-s26-ultra,Samsung Galaxy S26 Ultra,yerevanmobile,Samsung Galaxy S26 Ultra,256,,,399000,,
samsung-galaxy-s26-ultra,Samsung Galaxy S26 Ultra,zigzag,Samsung Galaxy S26 Ultra Violet,256,Cobalt Violet,,499000,,https://www.zigzag.am/am/samsung-galaxy-s26-ultra-12gb-256gb-cobalt-violet.html
samsung-galaxy-s26-ultra,Samsung Galaxy S26 Ultra,zigzag,Samsung Galaxy S26 Ultra Black,256,Black,,499000,,https://www.zigzag.am/am/samsung-galaxy-s26-ultra-12gb-256gb-black.html
samsung-galaxy-s26-ultra,Samsung Galaxy S26 Ultra,zigzag,Samsung Galaxy S26 Ultra 512GB,512,Black,,569000,,https://www.zigzag.am/am/samsung-galaxy-s26-ultra-12gb-512gb-black.html
samsung-galaxy-tab-a11,Samsung Galaxy Tab A11,allsell,Samsung Galaxy Tab A11,128,,,72600,2026-09-17,https://allsell.am/en/samsung-galaxy-tab-a11
samsung-galaxy-tab-a11,Samsung Galaxy Tab A11,mobilecentre,Samsung Galaxy Tab A11 Wi-Fi 64GB (Silver),64,Silver,,55900,2026-09-17,https://mobilecentre.am/product/samsung-galaxy-tab-a11-wi-fi-64gb-_silver_/32812/
samsung-galaxy-tab-a11,Samsung Galaxy Tab A11,mobilecentre,Samsung Galaxy Tab A11 Wi-Fi 64GB (Gray),64,Gray,,55900,2026-09-17,https://mobilecentre.am/product/samsung-galaxy-tab-a11-wi-fi-64gb-_gray_/32811/
samsung-galaxy-tab-a11,Samsung Galaxy Tab A11,mobilecentre,Samsung Galaxy Tab A11 Wi-Fi 128GB (Silver),128,Silver,,77900,2026-09-17,https://mobilecentre.am/product/samsung-galaxy-tab-a11-wi-fi-128gb-_silver_/32810/
samsung-galaxy-tab-a11,Samsung Galaxy Tab A11,mobilecentre,Samsung Galaxy Tab A11 Wi-Fi 128GB (Gray),128,Gray,,77900,2026-09-17,https://mobilecentre.am/product/samsung-galaxy-tab-a11-wi-fi-128gb-_gray_/32809/
samsung-galaxy-tab-a11,Samsung Galaxy Tab A11,planet3d,Samsung Galaxy Tab A11,128,,,72000,2026-09-17,https://3dplanet.am/en/store/product/samsung-galaxy-tab-a11
samsung-galaxy-tab-a11,Samsung Galaxy Tab A11,redstore,Samsung Galaxy Tab A11 4GB/64GB WiFi X133 Gray,64,Gray,,54000,2026-09-17,https://redstore.am/en/product/samsung-galaxy-tab-a11-4gb64gb-wifi-x133-gray
samsung-galaxy-tab-a11,Samsung Galaxy Tab A11,redstore,Samsung Galaxy Tab A11 4GB/64GB WiFi X133 Silver,64,Silver,,54000,2026-09-17,https://redstore.am/en/product/samsung-galaxy-tab-a11-4gb64gb-wifi-x133-silver
samsung-galaxy-tab-a11,Samsung Galaxy Tab A11,redstore,Samsung Galaxy Tab A11 8GB/128GB WiFi X133 Gray,128,Gray,,75000,2026-09-17,https://redstore.am/en/product/samsung-galaxy-tab-a11-8gb128gb-wifi-x133-gray
samsung-galaxy-tab-a11,Samsung Galaxy Tab A11,redstore,Samsung Galaxy Tab A11 8GB/128GB WiFi X133 Silver,128,Silver,,75000,2026-09-17,https://redstore.am/en/product/samsung-galaxy-tab-a11-8gb128gb-wifi-x133-silver
samsung-galaxy-tab-a11,Samsung Galaxy Tab A11,ucom,Samsung Galaxy Tab A11 Wi-Fi,128,,,77900,2026-09-17,https://shop.ucom.am/am/samsung-galaxy-tab-a11-wi-fi.html
samsung-galaxy-tab-a11,Samsung Galaxy Tab A11,vlv,SAMSUNG Tab A11 (X130N) 64GB Gray,64,Gray,,58900,2026-09-17,https://vlv.am/en/Product/43092
samsung-galaxy-tab-a11,Samsung Galaxy Tab A11,vlv,SAMSUNG Tab A11 (X130N) 128GB Gray,128,Gray,,81900,2026-09-17,https://vlv.am/en/Product/43170
samsung-galaxy-tab-a11,Samsung Galaxy Tab A11,vlv,SAMSUNG Tab A11 (X130N) 128GB Silver,128,Silver,,81900,2026-09-17,https://vlv.am/en/Product/43171
samsung-galaxy-tab-a11,Samsung Galaxy Tab A11,yerevanmobile,Samsung Galaxy Tab A11 WiFi (X133),64,,,54000,,
samsung-galaxy-tab-a11,Samsung Galaxy Tab A11,yerevanmobile,Samsung Galaxy Tab A11 5G 64GB,64,Gray,,69000,,
samsung-galaxy-tab-a11,Samsung Galaxy Tab A11,yerevanmobile,Samsung Galaxy Tab A11 5G 128GB,128,Gray,,89000,,
samsung-galaxy-tab-a11-plus,Samsung Galaxy Tab A11+,allsell,Samsung Galaxy Tab A11 Plus X230 Wfii,256,,,108600,2026-09-17,https://allsell.am/en/samsung-galaxy-tab-a11-plus-x230-wfii
samsung-galaxy-tab-a11-plus,Samsung Galaxy Tab A11+,ibolit,Samsung galaxy Tab A11 +5G 6/128gb,128,,,119000,2026-09-17,https://ibolit.mobi/product/samsung-galaxy-tab-a11-5g-6-128gb/
samsung-galaxy-tab-a11-plus,Samsung Galaxy Tab A11+,mobilecentre,Samsung Galaxy Tab A11+ Wi-Fi 128GB (Silver),128,Silver,,114900,2026-09-17,https://mobilecentre.am/product/samsung-galaxy-tab-a11+-wi-fi-128gb-_silver_/33098/
samsung-galaxy-tab-a11-plus,Samsung Galaxy Tab A11+,mobilecentre,Samsung Galaxy Tab A11+ Wi-Fi 128GB (Gray),128,Gray,,114900,2026-09-17,https://mobilecentre.am/product/samsung-galaxy-tab-a11+-wi-fi-128gb-_gray_/33097/
samsung-galaxy-tab-a11-plus,Samsung Galaxy Tab A11+,mobilecentre,Samsung Galaxy Tab A11+ Wi-Fi 256GB (Silver),256,Silver,,134900,2026-09-17,https://mobilecentre.am/product/samsung-galaxy-tab-a11+-wi-fi-256gb-_silver_/33100/
samsung-galaxy-tab-a11-plus,Samsung Galaxy Tab A11+,mobilecentre,Samsung Galaxy Tab A11+ Wi-Fi 256GB (Gray),256,Gray,,134900,2026-09-17,https://mobilecentre.am/product/samsung-galaxy-tab-a11+-wi-fi-256gb-_gray_/33099/
samsung-galaxy-tab-a11-plus,Samsung Galaxy Tab A11+,planet3d,Samsung Galaxy Tab A11+,256,Silver,,108000,2026-09-17,https://3dplanet.am/en/store/product/samsung-galaxy-tab-a11plus
samsung-galaxy-tab-a11-plus,Samsung Galaxy Tab A11+,ucom,Samsung Galaxy Tab A11+ 5G,256,,,130900,2026-09-17,https://shop.ucom.am/am/samsung-galaxy-tab-a11-5g.html
samsung-galaxy-tab-a11-plus,Samsung Galaxy Tab A11+,vlv,SAMSUNG Tab A11+ (X230) 128GB Gray,128,Gray,,120900,2026-09-17,https://vlv.am/en/Product/43825
samsung-galaxy-tab-a11-plus,Samsung Galaxy Tab A11+,vlv,SAMSUNG Tab A11+ (X230) 128GB Silver,128,Silver,,120900,2026-09-17,https://vlv.am/en/Product/43826
samsung-galaxy-tab-a11-plus,Samsung Galaxy Tab A11+,yerevanmobile,Samsung Galaxy Tab A11 Plus WiFi (X230),,,,109000,,
samsung-galaxy-tab-s10-fe,Samsung Galaxy Tab S10 FE,allsell,Samsung Galaxy Tab S10 FE X520 Wifi,128,,,169600,2026-09-17,https://allsell.am/en/samsung-galaxy-tab-s10-fe-x520-wifi
samsung-galaxy-tab-s10-fe,Samsung Galaxy Tab S10 FE,allsell,Samsung Galaxy Tab S10 FE X626 Wifi+5G,256,,,319600,2026-09-17,https://allsell.am/en/samsung-galaxy-tab-s10-fe-x626-wifi-5g
samsung-galaxy-tab-s10-fe,Samsung Galaxy Tab S10 FE,ibolit,Samsung Galaxy Tab S10 FE 8GB/128GB(X520)(Gray),128,,,173000,2026-09-17,https://ibolit.mobi/product/samsung-galaxy-tab-s10-fe-8gb-128gbx520gray/
samsung-galaxy-tab-s10-fe,Samsung Galaxy Tab S10 FE,ibolit,Samsung Galaxy Tab S10 FE 12GB/256GB,256,,,209000,2026-09-17,https://ibolit.mobi/product/samsung-galaxy-tab-s10-fe-12gb-256gb/
samsung-galaxy-tab-s10-fe,Samsung Galaxy Tab S10 FE,mobilecentre,Samsung Galaxy Tab S10 FE Wi-Fi 128GB (Silver),128,Silver,,184900,2026-09-17,https://mobilecentre.am/product/samsung-galaxy-tab-s10-fe-wi-fi-128gb-_silver_/31812/
samsung-galaxy-tab-s10-fe,Samsung Galaxy Tab S10 FE,mobilecentre,Samsung Galaxy Tab S10 FE Wi-Fi 128GB (Light Blue),128,Light Blue,,184900,2026-09-17,https://mobilecentre.am/product/samsung-galaxy-tab-s10-fe-wi-fi-128gb-_light-blue_/31811/
samsung-galaxy-tab-s10-fe,Samsung Galaxy Tab S10 FE,mobilecentre,Samsung Galaxy Tab S10 FE Wi-Fi 128GB (Gray),128,Gray,,184900,2026-09-17,https://mobilecentre.am/product/samsung-galaxy-tab-s10-fe-wi-fi-128gb-_gray_/31810/
samsung-galaxy-tab-s10-fe,Samsung Galaxy Tab S10 FE,mobilecentre,Samsung Galaxy Tab S10 FE Wi-Fi 256GB (Silver),256,Silver,,221900,2026-09-17,https://mobilecentre.am/product/samsung-galaxy-tab-s10-fe-wi-fi-256gb-_silver_/31815/
samsung-galaxy-tab-s10-fe,Samsung Galaxy Tab S10 FE,mobilecentre,Samsung Galaxy Tab S10 FE Wi-Fi 256GB (Gray),256,Gray,,221900,2026-09-17,https://mobilecentre.am/product/samsung-galaxy-tab-s10-fe-wi-fi-256gb-_gray_/31813/
samsung-galaxy-tab-s10-fe,Samsung Galaxy Tab S10 FE,planet3d,Samsung Galaxy Tab S10 FE,256,,,209000,2026-09-17,https://3dplanet.am/en/store/product/samsung-galaxy-tab-s10-fe
samsung-galaxy-tab-s10-fe,Samsung Galaxy Tab S10 FE,redstore,Samsung Galaxy Tab S10 FE 8GB/128GB WiFi X520 Gray,128,Gray,,179000,2026-09-17,https://redstore.am/en/product/samsung-galaxy-tab-s10-fe-8gb128gb-wifi-x520-gray
samsung-galaxy-tab-s10-fe,Samsung Galaxy Tab S10 FE,redstore,Samsung Galaxy Tab S10 FE 8GB/128GB WiFi X520 Silver,128,Silver,,179000,2026-09-17,https://redstore.am/en/product/samsung-galaxy-tab-s10-fe-8gb128gb-wifi-x520-silver
samsung-galaxy-tab-s10-fe,Samsung Galaxy Tab S10 FE,redstore,Samsung Galaxy Tab S10 FE 8GB/128GB 5G X526 Blue,128,Blue,,219000,2026-09-17,https://redstore.am/en/product/samsung-galaxy-tab-s10-fe-8gb128gb-5g-x526-blue
samsung-galaxy-tab-s10-fe,Samsung Galaxy Tab S10 FE,redstore,Samsung Galaxy Tab S10 FE 12GB/256GB WiFi X520 Gray,256,Gray,,229000,2026-09-17,https://redstore.am/en/product/samsung-galaxy-tab-s10-fe-12gb256gb-wifi-x520-gray
samsung-galaxy-tab-s10-fe,Samsung Galaxy Tab S10 FE,redstore,Samsung Galaxy Tab S10 FE 12GB/256GB WiFi X520 Blue,256,Blue,,229000,2026-09-17,https://redstore.am/en/product/samsung-galaxy-tab-s10-fe-12gb256gb-wifi-x520-blue
samsung-galaxy-tab-s10-fe,Samsung Galaxy Tab S10 FE,ucom,Samsung Galaxy Tab S10 FE Wi-Fi,128,,,184900,2026-09-17,https://shop.ucom.am/am/samsung-galaxy-tab-s10-fe-wi-fi.html
samsung-galaxy-tab-s10-fe,Samsung Galaxy Tab S10 FE,yerevanmobile,Samsung Galaxy Tab S10 FE (X520),128,,,179000,,
samsung-galaxy-tab-s10-ultra,Samsung Galaxy Tab S10 Ultra,ibolit,Samsung Galaxy Tab S10 Ultra 12GB/256GB(X920)(Gray,256,,,435000,2026-09-17,https://ibolit.mobi/product/samsung-galaxy-tab-s10-ultra-12gb-256gbx920gray/
samsung-galaxy-tab-s11-ultra,Samsung Galaxy Tab S11 Ultra,mobilecentre,Samsung Galaxy Tab S11 Ultra Wi-Fi 256GB (Silver),256,Silver,,470900,2026-09-17,https://mobilecentre.am/product/samsung-galaxy-tab-s11-ultra-wi-fi-256gb-_silver_/32471/
samsung-galaxy-tab-s11-ultra,Samsung Galaxy Tab S11 Ultra,mobilecentre,Samsung Galaxy Tab S11 Ultra Wi-Fi 256GB (Gray),256,Gray,,470900,2026-09-17,https://mobilecentre.am/product/samsung-galaxy-tab-s11-ultra-wi-fi-256gb-_gray_/32470/
samsung-galaxy-tab-s11-ultra,Samsung Galaxy Tab S11 Ultra,planet3d,Samsung Galaxy Tab S11 Ultra Wi-Fi,256,,,399000,2026-09-17,https://3dplanet.am/en/store/product/samsung-galaxy-tab-s11-ultra-wi-fi
samsung-galaxy-tab-s11-ultra,Samsung Galaxy Tab S11 Ultra,redstore,Samsung Galaxy Tab S11 Ultra 12GB/256GB WiFi X930 Gray,256,Gray,,499000,2026-09-17,https://redstore.am/en/product/samsung-galaxy-tab-s11-ultra-12gb256gb-wifi-x930-gray
samsung-galaxy-tab-s11-ultra,Samsung Galaxy Tab S11 Ultra,redstore,Samsung Galaxy Tab S11 Ultra 12GB/256GB 5G X936 Silver,256,Silver,,579000,2026-09-17,https://redstore.am/en/product/samsung-galaxy-tab-s11-ultra-12gb256gb-5g-x936-silver
samsung-galaxy-tab-s11-ultra,Samsung Galaxy Tab S11 Ultra,yerevanmobile,Samsung Galaxy Tab S11 Ultra WiFi (X930),,,,399000,,
samsung-galaxy-tab-s8,Samsung Galaxy Tab S8,allsell,Samsung Galaxy Tab S8 SM-X700 Wi-Fi,128,,,349600,2026-09-17,https://allsell.am/en/samsung-galaxy-tab-s8-sm-x700-wi-fi
samsung-galaxy-tab-s8,Samsung Galaxy Tab S8,ibolit,Samsung Galaxy Tab S8 128GB X700 Pink Gold,128,Pink Gold,,352000,2026-09-17,https://ibolit.mobi/product/samsung-galaxy-tab-s8-128gb-x700-pink-gold/
samsung-galaxy-tab-s8,Samsung Galaxy Tab S8,ibolit,Samsung Galaxy Tab S8 128GB X700 Silver,128,Silver,,352000,2026-09-17,https://ibolit.mobi/product/samsung-galaxy-tab-s8-128gb-x700-silver/
samsung-galaxy-tab-s8,Samsung Galaxy Tab S8,planet3d,Samsung Galaxy Tab S8,256,,,289000,2026-09-17,https://3dplanet.am/en/store/product/samsung-galaxy-tab-s8
samsung-galaxy-tab-s8,Samsung Galaxy Tab S8,redstore,Samsung Galaxy Tab S8 8GB/128GB WiFi X700 Pink Gold,128,Pink Gold,,289000,2026-09-17,https://redstore.am/en/product/samsung-galaxy-tab-s8-8gb128gb-wifi-x700-pink-gold
samsung-galaxy-tab-s8-plus,Samsung Galaxy Tab S8+,allsell,Samsung Galaxy Tab S8 Plus SM-X800,128,,,399600,2026-09-17,https://allsell.am/en/samsung-galaxy-tab-s8-plus-sm-x800
samsung-galaxy-tab-s8-plus,Samsung Galaxy Tab S8+,ibolit,Samsung Galaxy Tab S8+ 128GB X800 Graphite,128,Graphite,,427000,2026-09-17,https://ibolit.mobi/product/samsung-galaxy-tab-s8-128gb-x800-graphite/
samsung-galaxy-tab-s8-plus,Samsung Galaxy Tab S8+,redstore,Samsung Galaxy Tab S8+ 8GB/128GB WiFi X800 Graphite,128,Graphite,,379000,2026-09-17,https://redstore.am/en/product/samsung-galaxy-tab-s8-8gb128gb-wifi-x800-graphite
samsung-galaxy-tab-s9,Samsung Galaxy Tab S9,ibolit,Samsung Galaxy Tab S9 12GB 256GB X710 Grey,256,Grey,,394000,2026-09-17,https://ibolit.mobi/product/samsung-galaxy-tab-s9-12gb-256gb-x710-grey/
samsung-galaxy-tab-s9,Samsung Galaxy Tab S9,pixel,Samsung Galaxy Tab S9,1024,,,245000,2026-09-18,https://www.pixel.am/am/product/samsung-galaxy-tab-s9
samsung-galaxy-tab-s9,Samsung Galaxy Tab S9,redstore,Samsung Galaxy Tab S9 12GB/256GB WiFi X710 Graphite,256,Graphite,,359000,2026-09-17,https://redstore.am/en/product/samsung-galaxy-tab-s9-12gb256gb-wifi-x710-graphite
samsung-galaxy-tab-s9-plus,Samsung Galaxy Tab S9+,ibolit,Samsung Galaxy Tab S9+ 12GB 512GB X810 Beige,512,Beige,,379900,2026-09-17,https://ibolit.mobi/product/samsung-galaxy-tab-s9-12gb-512gb-x810-beige/
samsung-galaxy-tab-s9-plus,Samsung Galaxy Tab S9+,ibolit,Samsung Galaxy Tab S9+ 12GB 256GB X810 Grey,256,Grey,,418000,2026-09-17,https://ibolit.mobi/product/samsung-galaxy-tab-s9-12gb-256gb-x810-grey/
samsung-galaxy-tab-s9-plus,Samsung Galaxy Tab S9+,mobilecentre,Samsung Galaxy Tab S9+ 5G 256GB (Beige),256,Beige,,359900,2026-09-17,https://mobilecentre.am/product/samsung-galaxy-tab-s9+-5g-256gb-_beige_/29187/
samsung-galaxy-tab-s9-plus,Samsung Galaxy Tab S9+,redstore,Samsung Galaxy Tab S9+ 12GB/512GB WiFi X810 Beige,512,Beige,,429000,2026-09-17,https://redstore.am/en/product/samsung-galaxy-tab-s9-12gb512gb-wifi-x810-beige
samsung-galaxy-watch-7,Samsung Galaxy Watch 7,allsell,Samsung Galaxy Watch7,44,,,108900,2026-09-17,https://allsell.am/en/samsung-galaxy-watch7
samsung-galaxy-watch-7,Samsung Galaxy Watch 7,planet3d,Samsung Galaxy Watch 7,44,,,88000,2026-09-17,https://3dplanet.am/en/store/product/samsung-galaxy-watch-7
samsung-galaxy-watch-7,Samsung Galaxy Watch 7,redstore,Samsung Galaxy Watch 7 40mm Cream,44,Cream,,88000,2026-09-17,https://redstore.am/en/product/samsung-galaxy-watch-7-40mm-cream
samsung-galaxy-watch-7,Samsung Galaxy Watch 7,redstore,Samsung Galaxy Watch 7,44,Cream,,129000,,
samsung-galaxy-watch-7,Samsung Galaxy Watch 7,vlv,SAMSUNG Galaxy Watch 7 (L315) 44mm LTE Silver (RDU) //,44,,,89900,2026-09-17,https://vlv.am/en/Product/34342
samsung-galaxy-watch-7,Samsung Galaxy Watch 7,vlv,SAMSUNG Galaxy Watch 7 (L315) 44mm LTE Green //,44,Green,,89900,2026-09-17,https://vlv.am/en/Product/35407
samsung-galaxy-watch-8,Samsung Galaxy Watch 8,allsell,Samsung Galaxy Watch 8,,Silver,,109600,2026-09-17,https://allsell.am/en/samsung-galaxy-watch-8
samsung-galaxy-watch-8,Samsung Galaxy Watch 8,notebookcentre,Samsung Galaxy Watch 8 40mm Silver,,Silver,,108000,,
samsung-galaxy-watch-8,Samsung Galaxy Watch 8,notebookcentre,Samsung Galaxy Watch 8 40mm,,,,108000,,
samsung-galaxy-watch-8,Samsung Galaxy Watch 8,pixel,Samsung Galaxy Watch 8,,,,93000,2026-09-18,https://www.pixel.am/am/product/samsung-galaxy-watch-8
samsung-galaxy-watch-8,Samsung Galaxy Watch 8,planet3d,Samsung Galaxy Watch 8,40,Silver,,84000,2026-09-17,https://3dplanet.am/en/store/product/samsung-galaxy-watch-8
samsung-galaxy-watch-8,Samsung Galaxy Watch 8,redstore,Samsung Galaxy Watch 8 44mm Silver,44,Silver,,99000,2026-09-17,https://redstore.am/en/product/samsung-galaxy-watch-8-44mm-silver
samsung-galaxy-watch-8,Samsung Galaxy Watch 8,redstore,Samsung Galaxy Watch 8 44mm Graphite,44,Graphite,,99000,2026-09-17,https://redstore.am/en/product/samsung-galaxy-watch-8-44mm-graphite
samsung-galaxy-watch-8,Samsung Galaxy Watch 8,yerevanmobile,Samsung Galaxy Watch 8 44mm,44,,,,,https://www.yerevanmobile.am/en/electronics/watches.html
samsung-galaxy-watch-8,Samsung Galaxy Watch 8,yerevanmobile,Samsung Galaxy Watch 8 40mm,40,,,84000,,
samsung-galaxy-watch-8,Samsung Galaxy Watch 8,yerevanmobile,Samsung Galaxy Watch 8 44mm,44,,,99000,,
samsung-galaxy-watch-8-classic,Samsung Galaxy Watch 8 Classic,allsell,Samsung Galaxy Watch 8 Classic 46mm,46,,,139600,2026-09-17,https://allsell.am/en/samsung-galaxy-watch-8-classic-46mm
samsung-galaxy-watch-8-classic,Samsung Galaxy Watch 8 Classic,notebookcentre,Samsung Galaxy Watch 8 40mm,,,,,,https://notebookcentre.am/en/category/watch-glasses?brand=19&brand=24&brand=20&brand=40
samsung-galaxy-watch-8-classic,Samsung Galaxy Watch 8 Classic,notebookcentre,Samsung Galaxy Watch 8 Classic 46mm,,,,148000,,
samsung-galaxy-watch-8-classic,Samsung Galaxy Watch 8 Classic,pixel,Samsung Galaxy Watch 8 Classic,46,Black,,139000,2026-09-18,https://www.pixel.am/am/product/samsung-galaxy-watch-8-classic
samsung-galaxy-watch-8-classic,Samsung Galaxy Watch 8 Classic,planet3d,Samsung Galaxy Watch 8 Classic,46,Black,,129000,2026-09-17,https://3dplanet.am/en/store/product/samsung-galaxy-watch-8-classic
samsung-galaxy-watch-8-classic,Samsung Galaxy Watch 8 Classic,redstore,Samsung Galaxy Watch 8 Classic 46mm White,46,White,,129000,2026-09-17,https://redstore.am/en/product/samsung-galaxy-watch-8-classic-46mm-white
samsung-galaxy-watch-8-classic,Samsung Galaxy Watch 8 Classic,ucom,Samsung Galaxy Watch 8 Classic 46mm LTE,46,,,136900,2026-09-17,https://shop.ucom.am/am/samsung-galaxy-watch-8-classic-46mm-lte.html
samsung-galaxy-watch-8-classic,Samsung Galaxy Watch 8 Classic,yerevanmobile,Samsung Galaxy Watch8 Classic 46mm,,,,129000,,
samsung-galaxy-watch-ultra-2,Samsung Galaxy Watch Ultra 2,pixel,Samsung Galaxy Watch Ultra 2 2026,47,,,239000,2026-09-18,https://www.pixel.am/am/product/samsung-galaxy-watch-ultra-2-2026
samsung-galaxy-watch-ultra-2,Samsung Galaxy Watch Ultra 2,planet3d,Samsung Galaxy Watch Ultra2,64,,,239000,2026-09-17,https://3dplanet.am/en/store/product/samsung-galaxy-watch-ultra2
samsung-galaxy-watch-ultra-2,Samsung Galaxy Watch Ultra 2,redstore,Samsung Galaxy Watch Ultra 2 47mm Titanium Gray,47,Titanium Gray,,239000,2026-09-17,https://redstore.am/en/product/samsung-galaxy-watch-ultra-2-47mm-titanium-gray
samsung-galaxy-watch-ultra-2,Samsung Galaxy Watch Ultra 2,ucom,Samsung Galaxy Watch Ultra 2,47,,,231900,2026-09-17,https://shop.ucom.am/am/samsung-galaxy-watch-ultra-2.html
samsung-galaxy-watch-ultra-2,Samsung Galaxy Watch Ultra 2,yerevanmobile,Samsung Galaxy Watch Ultra2,,,,239000,,
samsung-galaxy-z-flip-7,Samsung Galaxy Z Flip 7,allsell,Samsung Z Flip 7,256,,,335600,2026-09-17,https://allsell.am/en/samsung-z-flip-7
samsung-galaxy-z-flip-7,Samsung Galaxy Z Flip 7,ibolit,Samsung Galaxy Z Flip7 5G 12/256GB (Mint),256,Mint,,379000,2026-09-17,https://ibolit.mobi/product/samsung-galaxy-z-flip7-5g-12-256gb-mint/
samsung-galaxy-z-flip-7,Samsung Galaxy Z Flip 7,ibolit,Samsung Galaxy Z Flip7 5G 12/256GB BLUE,256,Blue,,379000,2026-09-17,https://ibolit.mobi/product/samsung-galaxy-z-flip7-5g-12-256gb-blue/
samsung-galaxy-z-flip-7,Samsung Galaxy Z Flip 7,ibolit,Samsung Galaxy Z Flip7 5G 12/512GB (Coral Red),512,Coral Red,,440000,2026-09-17,https://ibolit.mobi/product/samsung-galaxy-z-flip7-5g-12-512gb-coral-red/
samsung-galaxy-z-flip-7,Samsung Galaxy Z Flip 7,ibolit,Samsung Galaxy Z Flip7 5G 12/512GB (Mint),512,Mint,,440000,2026-09-17,https://ibolit.mobi/product/samsung-galaxy-z-flip7-5g-12-512gb-mint/
samsung-galaxy-z-flip-7,Samsung Galaxy Z Flip 7,ibolit,Samsung Galaxy Z Flip7 5G 12/512GB BLUE,512,Blue,,440000,2026-09-17,https://ibolit.mobi/product/samsung-galaxy-z-flip7-5g-12-512gb-blue/
samsung-galaxy-z-flip-7,Samsung Galaxy Z Flip 7,ibolit,Samsung Galaxy Z Flip7 5G 12/512GB (Jet Black),512,Jet Black,,440000,2026-09-17,https://ibolit.mobi/product/samsung-galaxy-z-flip7-5g-12-512gb-jet-black/
samsung-galaxy-z-flip-7,Samsung Galaxy Z Flip 7,mobilecentre,Samsung Galaxy Z Flip 7 256GB (Coralred),256,Coralred,,302900,2026-09-17,https://mobilecentre.am/product/samsung-galaxy-z-flip-7/32297/
samsung-galaxy-z-flip-7,Samsung Galaxy Z Flip 7,mobilecentre,Samsung Galaxy Z Flip 7,256,Jet Black,,302900,,https://www.mobilecentre.am/product/samsung-galaxy-z-flip-7-256gb-_jetblack_/33538/
samsung-galaxy-z-flip-7,Samsung Galaxy Z Flip 7,notebookcentre,Samsung Galaxy Z Flip 7,256,,,359000,,
samsung-galaxy-z-flip-7,Samsung Galaxy Z Flip 7,notebookcentre,Samsung Galaxy Z Flip 7 Jet Black / 512 GB,512,,,404000,,
samsung-galaxy-z-flip-7,Samsung Galaxy Z Flip 7,vlv,SAMSUNG Z Flip 7 (F766) 256GB Blue Shadow (RDU),256,Blue Shadow,,454900,2026-09-17,https://vlv.am/en/Product/40489
samsung-galaxy-z-flip-7-fe,Samsung Galaxy Z Flip7 FE,mobilecentre,Samsung Galaxy Z Flip 7 FE 128GB (White),128,White,,260900,2026-09-17,https://mobilecentre.am/product/samsung-galaxy-z-flip-7-fe/32291/
samsung-galaxy-z-flip-7-fe,Samsung Galaxy Z Flip7 FE,mobilecentre,Samsung Galaxy Z Flip 7 FE,128,White,,260900,,https://www.mobilecentre.am/product/samsung-galaxy-z-flip-7-fe-128gb-_white_/33552/
samsung-galaxy-z-flip-7-fe,Samsung Galaxy Z Flip7 FE,redstore,Samsung Galaxy Z Flip 7 FE 8GB/128GB White,128,White,,289000,2026-09-17,https://redstore.am/en/product/samsung-galaxy-z-flip-7-fe-8gb128gb-white
samsung-galaxy-z-flip-7-fe,Samsung Galaxy Z Flip7 FE,redstore,Samsung Galaxy Z Flip 7 FE 8GB/128GB Black,128,Black,,289000,2026-09-17,https://redstore.am/en/product/samsung-galaxy-z-flip-7-fe-8gb128gb-black
samsung-galaxy-z-flip-7-fe,Samsung Galaxy Z Flip7 FE,redstore,Samsung Galaxy Z Flip 7 FE 8GB/256GB Black,256,Black,,329000,2026-09-17,https://redstore.am/en/product/samsung-galaxy-z-flip-7-fe-8gb256gb-black
samsung-galaxy-z-flip-8,Samsung Galaxy Z Flip 8,ibolit,Samsung Galaxy Z Flip 8 256GB,256,,,425000,2026-09-17,https://ibolit.mobi/product/samsung-galaxy-z-flip8/
samsung-galaxy-z-flip-8,Samsung Galaxy Z Flip 8,ibolit,Samsung Galaxy Z Flip 8 12GB/512GB Graphite,512,Graphite,,500000,2026-09-17,https://ibolit.mobi/product/samsung-galaxy-z-flip-8-12gb-512gb-graphite/
samsung-galaxy-z-flip-8,Samsung Galaxy Z Flip 8,mobilecentre,Samsung Galaxy Z Flip 8 256GB (Graphite),256,Graphite,,544900,2026-09-17,https://mobilecentre.am/product/samsung-galaxy-z-flip-8/34147/
samsung-galaxy-z-flip-8,Samsung Galaxy Z Flip 8,mobilecentre,Samsung Galaxy Z Flip 8,256,Cream,,544900,,https://www.mobilecentre.am/product/samsung-galaxy-z-flip-8-256gb-_cream_/33544/
samsung-galaxy-z-flip-8,Samsung Galaxy Z Flip 8,mobilecentre,Samsung Galaxy Z Flip 8,256,Graphite,,544900,,https://www.mobilecentre.am/product/samsung-galaxy-z-flip-8-256gb-_graphite_/33542/
samsung-galaxy-z-flip-8,Samsung Galaxy Z Flip 8,mobilecentre,Samsung Galaxy Z Flip 8,256,Pink,,544900,,https://www.mobilecentre.am/product/samsung-galaxy-z-flip-8-256gb-_pink_/33540/
samsung-galaxy-z-flip-8,Samsung Galaxy Z Flip 8,mobilecentre,Samsung Galaxy Z Flip 8,512,Graphite,,639900,,https://www.mobilecentre.am/product/samsung-galaxy-z-flip-8-512gb-_graphite_/33548/
samsung-galaxy-z-flip-8,Samsung Galaxy Z Flip 8,mobilecentre,Samsung Galaxy Z Flip 8,512,Pink,,639900,,https://www.mobilecentre.am/product/samsung-galaxy-z-flip-8-512gb-_pink_/33546/
samsung-galaxy-z-flip-8,Samsung Galaxy Z Flip 8,pixel,Samsung Galaxy Z Flip 8,256,Graphite,,449000,2026-09-18,https://www.pixel.am/am/product/samsung-galaxy-z-flip-8
samsung-galaxy-z-flip-8,Samsung Galaxy Z Flip 8,pixel,Samsung Galaxy Z Flip 8,256,,,479000,,https://www.pixel.am/en/product/samsung-galaxy-z-flip-8
samsung-galaxy-z-flip-8,Samsung Galaxy Z Flip 8,planet3d,Samsung Galaxy Z Flip8,512,,,535000,2026-09-17,https://3dplanet.am/en/store/product/samsung-galaxy-z-flip8
samsung-galaxy-z-flip-8,Samsung Galaxy Z Flip 8,redstore,Samsung Galaxy Z Flip 8 12GB/256GB Graphite,256,Graphite,,469000,2026-09-17,https://redstore.am/en/product/samsung-galaxy-z-flip-8-12gb256gb-graphite
samsung-galaxy-z-flip-8,Samsung Galaxy Z Flip 8,redstore,Samsung Galaxy Z Flip 8 12GB/256GB Cream,256,Cream,,469000,2026-09-17,https://redstore.am/en/product/samsung-galaxy-z-flip-8-12gb256gb-cream
samsung-galaxy-z-flip-8,Samsung Galaxy Z Flip 8,redstore,Samsung Galaxy Z Flip 8 12GB/256GB Pink,256,Pink,,469000,2026-09-17,https://redstore.am/en/product/samsung-galaxy-z-flip-8-12gb256gb-pink
samsung-galaxy-z-flip-8,Samsung Galaxy Z Flip 8,redstore,Samsung Galaxy Z Flip 8 12GB/512GB Graphite,512,Graphite,,569000,2026-09-17,https://redstore.am/en/product/samsung-galaxy-z-flip-8-12gb512gb-graphite
samsung-galaxy-z-flip-8,Samsung Galaxy Z Flip 8,redstore,Samsung Galaxy Z Flip 8 12GB/512GB Cream,512,Cream,,569000,2026-09-17,https://redstore.am/en/product/samsung-galaxy-z-flip-8-12gb512gb-cream
samsung-galaxy-z-flip-8,Samsung Galaxy Z Flip 8,redstore,Samsung Galaxy Z Flip 8 12GB/512GB Pink,512,Pink,,569000,2026-09-17,https://redstore.am/en/product/samsung-galaxy-z-flip-8-12gb512gb-pink
samsung-galaxy-z-flip-8,Samsung Galaxy Z Flip 8,telecom,Samsung Z Flip8,256,Pink,,544900,2026-09-17,https://www.telecomarmenia.am/eshop/hy/smartphones/samsung-z-flip8-12-256gb-pink/2752/
samsung-galaxy-z-flip-8,Samsung Galaxy Z Flip 8,yerevanmobile,Samsung Galaxy Z Flip8,256,,,445000,,
samsung-galaxy-z-fold-7,Samsung Galaxy Z Fold 7,ibolit,Samsung Galaxy Z Fold7 5G 256GB (Mint),256,Mint,,649000,2026-09-17,https://ibolit.mobi/product/samsung-galaxy-z-fold7-5g-256gb-mint/
samsung-galaxy-z-fold-7,Samsung Galaxy Z Fold 7,ibolit,Samsung Galaxy Z Fold7 5G 256GB (BLUE),256,Blue,,649000,2026-09-17,https://ibolit.mobi/product/samsung-galaxy-z-fold7-5g-256gb-blue/
samsung-galaxy-z-fold-7,Samsung Galaxy Z Fold 7,ibolit,Samsung Galaxy Z Fold7 5G 512GB (Mint),512,Mint,,699000,2026-09-17,https://ibolit.mobi/product/samsung-galaxy-z-fold7-5g-512gb-mint/
samsung-galaxy-z-fold-7,Samsung Galaxy Z Fold 7,ibolit,Samsung Galaxy Z Fold7 5G 512GB (Jet Black),512,Jet Black,,699000,2026-09-17,https://ibolit.mobi/product/samsung-galaxy-z-fold7-5g-512gb-jet-black/
samsung-galaxy-z-fold-7,Samsung Galaxy Z Fold 7,ibolit,Samsung Galaxy Z Fold7 5G 512GB (Silver Shadow),512,Silver Shadow,,699000,2026-09-17,https://ibolit.mobi/product/samsung-galaxy-z-fold7-5g-512gb-silver-shadow/
samsung-galaxy-z-fold-7,Samsung Galaxy Z Fold 7,ibolit,Samsung Galaxy Z Fold7 5G 512GB (Blue Shadow),512,Blue Shadow,,699000,2026-09-17,https://ibolit.mobi/product/samsung-galaxy-z-fold7-5g-512gb-blue-shadow/
samsung-galaxy-z-fold-7,Samsung Galaxy Z Fold 7,mobilecentre,Samsung Galaxy Z Fold 7 256GB (Jetblack),256,Jetblack,,503900,2026-09-17,https://mobilecentre.am/product/samsung-galaxy-z-fold-7/32308/
samsung-galaxy-z-fold-7,Samsung Galaxy Z Fold 7,notebookcentre,iPhone 17 Pro Silver / Nano-SIM / 256 GB,256,Silver,nano,,,https://notebookcentre.am/en/category/smartphones?brand=19&brand=20&brand=24&brand=40&brand=243&sort=low&product_status=in_stock&page=8
samsung-galaxy-z-fold-7,Samsung Galaxy Z Fold 7,notebookcentre,Samsung Galaxy Z Fold 7,256,,,539000,,
samsung-galaxy-z-fold-7,Samsung Galaxy Z Fold 7,planet3d,Samsung Galaxy Z Fold7,512,,,629000,2026-09-17,https://3dplanet.am/en/store/product/samsung-galaxy-z-fold7
samsung-galaxy-z-fold-7,Samsung Galaxy Z Fold 7,redstore,Samsung Galaxy Z Fold 7 12GB/256GB Silver Shadow,256,Silver Shadow,,539000,2026-09-17,https://redstore.am/en/product/samsung-galaxy-z-fold-7-12gb256gb-silver-shadow
samsung-galaxy-z-fold-7,Samsung Galaxy Z Fold 7,redstore,Samsung Galaxy Z Fold 7 12GB/512GB Blue Shadow,512,Blue Shadow,,649000,2026-09-17,https://redstore.am/en/product/samsung-galaxy-z-fold-7-12gb512gb-blue-shadow
samsung-galaxy-z-fold-7,Samsung Galaxy Z Fold 7,yerevanmobile,Samsung Galaxy Z Fold7,256,,,539000,,
samsung-galaxy-z-fold-8,Samsung Galaxy Z Fold 8,allsell,Buy Samsung Galaxy Z Fold 8 In Armenia - Best Price,512,Graphite,,659600,2026-09-17,https://allsell.am/en/samsung-galaxy-z-fold-8
samsung-galaxy-z-fold-8,Samsung Galaxy Z Fold 8,ibolit,Samsung Galaxy Z Fold 8 256GB,256,,,599000,2026-09-17,https://ibolit.mobi/product/samsung-galaxy-z-fold-8/
samsung-galaxy-z-fold-8,Samsung Galaxy Z Fold 8,ibolit,Samsung Galaxy Z Fold 8 12GB/512GB Graphite,512,Graphite,,660000,2026-09-17,https://ibolit.mobi/product/samsung-galaxy-z-fold-8-12512gb/
samsung-galaxy-z-fold-8,Samsung Galaxy Z Fold 8,ibolit,Samsung Galaxy Z Fold 8 12GB/512GB Cream,512,Cream,,660000,2026-09-17,https://ibolit.mobi/product/samsung-galaxy-z-fold-8-12gb-512gb-cream/
samsung-galaxy-z-fold-8,Samsung Galaxy Z Fold 8,ibolit,Samsung Galaxy Z Fold 8 12GB/512GB Lavander,512,,,660000,2026-09-17,https://ibolit.mobi/product/samsung-galaxy-z-fold-8-12gb-512gb-lavander/
samsung-galaxy-z-fold-8,Samsung Galaxy Z Fold 8,mobilecentre,Samsung Galaxy Z Fold 8 256GB (Cream),256,Cream,,757900,2026-09-17,https://mobilecentre.am/product/samsung-galaxy-z-fold-8/34157/
samsung-galaxy-z-fold-8,Samsung Galaxy Z Fold 8,notebookcentre,Samsung Galaxy Z Fold 8,,,,669000,,
samsung-galaxy-z-fold-8,Samsung Galaxy Z Fold 8,pixel,Samsung Galaxy Z Fold 8,256,,,619000,2026-09-18,https://www.pixel.am/am/product/samsung-galaxy-z-fold-8
samsung-galaxy-z-fold-8,Samsung Galaxy Z Fold 8,pixel,Samsung Galaxy Z Fold 8,256,,,688000,,https://www.pixel.am/en/product/samsung-galaxy-z-fold-8
samsung-galaxy-z-fold-8,Samsung Galaxy Z Fold 8,planet3d,Samsung Galaxy Z Fold8,512,,,655000,2026-09-17,https://3dplanet.am/en/store/product/samsung-galaxy-z-fold8
samsung-galaxy-z-fold-8,Samsung Galaxy Z Fold 8,redstore,Samsung Galaxy Z Fold 8 12GB/256GB Lavander,256,,,639000,2026-09-17,https://redstore.am/en/product/samsung-galaxy-z-fold-8-12gb256gb-lavander
samsung-galaxy-z-fold-8,Samsung Galaxy Z Fold 8,redstore,Samsung Galaxy Z Fold 8 12GB/256GB Graphite,256,Graphite,,639000,2026-09-17,https://redstore.am/en/product/samsung-galaxy-z-fold-8-12gb256gb-graphite
samsung-galaxy-z-fold-8,Samsung Galaxy Z Fold 8,redstore,Samsung Galaxy Z Fold 8 12GB/256GB Cream,256,Cream,,639000,2026-09-17,https://redstore.am/en/product/samsung-galaxy-z-fold-8-12gb256gb-cream
samsung-galaxy-z-fold-8,Samsung Galaxy Z Fold 8,redstore,Samsung Galaxy Z Fold 8 12GB/512GB Lavander,512,,,679000,2026-09-17,https://redstore.am/en/product/samsung-galaxy-z-fold-8-12gb512gb-lavander
samsung-galaxy-z-fold-8,Samsung Galaxy Z Fold 8,redstore,Samsung Galaxy Z Fold 8 12GB/512GB Graphite,512,Graphite,,679000,2026-09-17,https://redstore.am/en/product/samsung-galaxy-z-fold-8-12gb512gb-graphite
samsung-galaxy-z-fold-8,Samsung Galaxy Z Fold 8,redstore,Samsung Galaxy Z Fold 8 12GB/1TB Cream,1024,Cream,,1069000,2026-09-17,https://redstore.am/en/product/samsung-galaxy-z-fold-8-12gb1tb-cream
samsung-galaxy-z-fold-8,Samsung Galaxy Z Fold 8,yerevanmobile,Samsung Galaxy Z Fold 8,256,,,619000,,
samsung-galaxy-z-fold-8-ultra,Samsung Galaxy Z Fold 8 Ultra,allsell,Samsung Galaxy Z Fold 8 Ultra Price in Armenia - AllSell,512,Graphite,,779600,2026-09-17,https://allsell.am/en/samsung-galaxy-z-fold-8-ultra
samsung-galaxy-z-fold-8-ultra,Samsung Galaxy Z Fold 8 Ultra,ibolit,Samsung Galaxy Z Fold 8 Ultra 256GB,256,,,640000,2026-09-17,https://ibolit.mobi/product/samsung-galaxy-z-fold8-ultra/
samsung-galaxy-z-fold-8-ultra,Samsung Galaxy Z Fold 8 Ultra,ibolit,Samsung Galaxy Z Fold 8 Ultra 12/512GB,512,,,750000,2026-09-17,https://ibolit.mobi/product/samsung-galaxy-z-fold-8-ultra-12-512/
samsung-galaxy-z-fold-8-ultra,Samsung Galaxy Z Fold 8 Ultra,ibolit,Samsung Galaxy Z Fold 8 Ultra/Graphite 1TB,1024,Graphite,,1039000,2026-09-17,https://ibolit.mobi/product/samsung-galaxy-z-fold-8-ultra-graphite-1tb/
samsung-galaxy-z-fold-8-ultra,Samsung Galaxy Z Fold 8 Ultra,ibolit,Samsung Galaxy Z Fold8 Ultra 1TB,1024,,,1039000,2026-09-17,https://ibolit.mobi/product/samsung-galaxy-z-fold8-ultra-1tb/
samsung-galaxy-z-fold-8-ultra,Samsung Galaxy Z Fold 8 Ultra,mobilecentre,Samsung Galaxy Z Fold 8 Ultra 256GB (Cream),256,Cream,,852900,2026-09-17,https://mobilecentre.am/product/samsung-galaxy-z-fold-8-ultra/34169/
samsung-galaxy-z-fold-8-ultra,Samsung Galaxy Z Fold 8 Ultra,pixel,Samsung Galaxy Z Fold 8 Ultra,256,Graphite,,659000,2026-09-18,https://www.pixel.am/am/product/samsung-galaxy-z-fold-8-ultra
samsung-galaxy-z-fold-8-ultra,Samsung Galaxy Z Fold 8 Ultra,pixel,Samsung Galaxy Z Fold 8 Ultra,512,,,788000,,https://www.pixel.am/en/product/samsung-galaxy-z-fold-8-ultra
samsung-galaxy-z-fold-8-ultra,Samsung Galaxy Z Fold 8 Ultra,planet3d,Samsung Galaxy Z Fold8 Ultra,512,,,775000,2026-09-17,https://3dplanet.am/en/store/product/samsung-galaxy-z-fold8-ultra
samsung-galaxy-z-fold-8-ultra,Samsung Galaxy Z Fold 8 Ultra,redstore,Samsung Galaxy Z Fold 8 Ultra 12GB/256GB Graphite,256,Graphite,,679000,2026-09-17,https://redstore.am/en/product/samsung-galaxy-z-fold-8-ultra-12gb256gb-graphite
samsung-galaxy-z-fold-8-ultra,Samsung Galaxy Z Fold 8 Ultra,redstore,Samsung Galaxy Z Fold 8 Ultra 12GB/256GB Cream,256,Cream,,679000,2026-09-17,https://redstore.am/en/product/samsung-galaxy-z-fold-8-ultra-12gb256gb-cream
samsung-galaxy-z-fold-8-ultra,Samsung Galaxy Z Fold 8 Ultra,redstore,Samsung Galaxy Z Fold 8 Ultra 12GB/256GB Violet Shadow,256,Violet Shadow,,759000,2026-09-17,https://redstore.am/en/product/samsung-galaxy-z-fold-8-ultra-12gb256gb-violet-shadow
samsung-galaxy-z-fold-8-ultra,Samsung Galaxy Z Fold 8 Ultra,redstore,Samsung Galaxy Z Fold 8 Ultra 12GB/512GB Graphite,512,Graphite,,809000,2026-09-17,https://redstore.am/en/product/samsung-galaxy-z-fold-8-ultra-12gb512gb-graphite
samsung-galaxy-z-fold-8-ultra,Samsung Galaxy Z Fold 8 Ultra,redstore,Samsung Galaxy Z Fold 8 Ultra 12GB/512GB Violet Shadow,512,Violet Shadow,,879000,2026-09-17,https://redstore.am/en/product/samsung-galaxy-z-fold-8-ultra-12gb512gb-violet-shadow
samsung-galaxy-z-fold-8-ultra,Samsung Galaxy Z Fold 8 Ultra,redstore,Samsung Galaxy Z Fold 8 Ultra 16GB/1TB Cream,1024,Cream,,1059000,2026-09-17,https://redstore.am/en/product/samsung-galaxy-z-fold-8-ultra-16gb1tb-cream
samsung-galaxy-z-fold-8-ultra,Samsung Galaxy Z Fold 8 Ultra,yerevanmobile,Samsung Galaxy Z Fold8 Ultra,256,,,655000,,
samsung-ls22a330nhm,Samsung LS22A330NHM,redstore,Samsung LS22A330NHM,,,,59000,2026-09-17,https://redstore.am/en/product/samsung-ls22a330nhm
samsung-m5-ls24am506nm,Samsung M5 LS24AM506NM,redstore,Samsung M5 LS24AM506NM,,,,149000,2026-09-17,https://redstore.am/en/product/samsung-m5-ls24am506nm
samsung-qe43q60ba,Samsung QE43Q60BA,eldorado,Սմարթ հեռուստացույց Samsung 43" QE43Q60BA 4K UHD QLED,,,,199900,,
samsung-qe43q7faauxru,Samsung QE43Q7FAAUXRU,eldorado,Սմարթ հեռուստացույց Samsung QE43Q7FAAUXRU,,,,223900,,
samsung-qe50q7faauxru,Samsung QE50Q7FAAUXRU,eldorado,Սմարթ հեռուստացույց Samsung QE50Q7FAAUXRU,,,,298900,,
samsung-qe55q60abuxru,Samsung QE55Q60ABUXRU,eldorado,հեռուստացույց Samsung 55'' QLED 4K Q60AB Smart (QE55Q60ABUXRU),,,,479900,,
samsung-qe55q7faauxru,Samsung QE55Q7FAAUXRU,eldorado,Սմարթ հեռուստացույց Samsung QE55Q7FAAUXRU,,,,352900,,
samsung-qe55q7fam,Samsung QE55Q7FAM,eldorado,Հայելի հեռուստացույցով Samsung QE55Q7FAM,,,,4894000,,
samsung-qe55qn80fauxru,Samsung QE55QN80FAUXRU,eldorado,Սմարթ հեռուստացույց Samsung QE55QN80FAUXRU,,,,665900,,
samsung-qe55s95cauxru,Samsung QE55S95CAUXRU,eldorado,հեռուստացույց Samsung 55"QE55S95CAUXRU Smart,,,,697900,,
samsung-qe65qn85dbuxru,Samsung QE65QN85DBUXRU,eldorado,հեռուստացույց Samsung QE65QN85DBUXRU Smart,,,,718900,,
samsung-qe65qn90fauxru,Samsung QE65QN90FAUXRU,eldorado,Սմարթ հեռուստացույց Samsung QE65QN90FAUXRU,,,,1307900,,
samsung-qe65s90dauxru,Samsung QE65S90DAUXRU,eldorado,հեռուստացույց Samsung QE65S90DAUXRU Smart,,,,1199000,,
samsung-qe65s90faexru,Samsung QE65S90FAEXRU,eldorado,Սմարթ հեռուստացույց Samsung QE65S90FAEXRU,,,,1382900,,
samsung-qe65s95fauxru,Samsung QE65S95FAUXRU,eldorado,Սմարթ հեռուստացույց Samsung QE65S95FAUXRU,,,,1111000,,
samsung-qe75q60dauxru,Samsung QE75Q60DAUXRU,eldorado,Սմարթ հեռուստացույց Samsung QE75Q60DAUXRU,,,,689900,,
samsung-qe75q70dauxru,Samsung QE75Q70DAUXRU,eldorado,Հեռուստացույց Samsung QE75Q70DAUXRU,,,,849900,,
samsung-qe75qn70fauxru,Samsung QE75QN70FAUXRU,eldorado,Սմարթ հեռուստացույց Samsung QE75QN70FAUXRU,,,,690000,,
samsung-qe75qn80fauxru,Samsung QE75QN80FAUXRU,eldorado,Սմարթ հեռուստացույց Samsung QE75QN80FAUXRU,,,,1173900,,
samsung-qe75qn90cauxru,Samsung QE75QN90CAUXRU,eldorado,Սմարթ հեռուստացույց Samsung QE75QN90CAUXRU 75" Neo QLED 4K,,,,1184900,,
samsung-qe77s95fauxru,Samsung QE77S95FAUXRU,eldorado,Սմարթ հեռուստացույց Samsung QE77S95FAUXRU,,,,1710000,,
samsung-qe85q60dauxru,Samsung QE85Q60DAUXRU,eldorado,հեռուստացույց Samsung QE85Q60DAUXRU Smart,,,,1319000,,
samsung-ue43m70hauxpy,Samsung UE43M70HAUXPY,eldorado,Սմարթ հեռուստացույց Samsung UE43M70HAUXPY,,,,178000,,
samsung-ue43u8000huxpy,Samsung UE43U8000HUXPY,eldorado,Սմարթ հեռուստացույց Samsung UE43U8000HUXPY,,,,152000,,
samsung-ue50u8000huxpy,Samsung UE50U8000HUXPY,eldorado,Սմարթ հեռուստացույց Samsung UE50U8000HUXPY,,,,212000,,
samsung-ue55du8000uxru,Samsung UE55DU8000UXRU,eldorado,հեռուստացույց Samsung UE55DU8000UXRU Smart,,,,359000,,
samsung-ue55m70hauxpy,Samsung UE55M70HAUXPY,eldorado,Սմարթ հեռուստացույց Samsung UE55M70HAUXPY,,,,254000,,
samsung-ue55u8000fuxru,Samsung UE55U8000FUXRU,eldorado,Սմարթ հեռուստացույց Samsung UE55U8000FUXRU,,,,192000,,
samsung-ue65m80hauxpy,Samsung UE65M80HAUXPY,eldorado,Սմարթ հեռուստացույց Samsung UE65M80HAUXPY,,,,479000,,
samsung-ue65u8000fuxru,Samsung UE65U8000FUXRU,eldorado,Սմարթ հեռուստացույց Samsung UE65U8000FUXRU,,,,247000,,
samsung-ue65u8000huxpy,Samsung UE65U8000HUXPY,eldorado,Սմարթ հեռուստացույց Samsung UE65U8000HUXPY,,,,314000,,
samsung-ue75m80hauxpy,Samsung UE75M80HAUXPY,eldorado,Սմարթ հեռուստացույց Samsung UE75M80HAUXPY,,,,629000,,
samsung-ue75u8000huxpy,Samsung UE75U8000HUXPY,eldorado,Սմարթ հեռուստացույց Samsung UE75U8000HUXPY,,,,403000,,
sennheiser-momentum-4,Sennheiser Momentum 4 Wireless,eldorado,Sennheiser Momentum 4,,Graphite,,139900,,https://eldorado.am/en/shopbrand/sennheiser
sonos-ace,Sonos Ace,zigzag,Sonos Ace White (ACEG1R21),,White,,261900,,https://www.zigzag.am/am/sonos-ace-white-aceg1r21.html
sonos-arc,Sonos Arc,eldorado,Sonos Arc,,Black,,429900,,https://eldorado.am/en/shopbrand/sonos
sonos-arc,Sonos Arc,eldorado,soundbar Soundbar Sonos Arc Black (ARCG1EU1BLK),,Black,,539900,2026-09-17,https://eldorado.am/en/sonos-arc-black-arcg1eu1blk
sonos-arc,Sonos Arc,eldorado,Soundbar Sonos Arc White (ARCG1EU1),,White,,552900,2026-09-17,https://eldorado.am/en/sonos-arc-white-arcg1eu1
sonos-era-300,Sonos Era 300,ibolit,Sonos Era 300 White,,White,,225000,2026-09-17,https://ibolit.mobi/product/sonos-era-300-white/
sonos-era-300,Sonos Era 300,zigzag,Sonos Era 300 White,,White,,276900,,https://www.zigzag.am/am/sonos-era-300-white-e30g1eu1.html
sony-k-43s30,Sony K-43S30,eldorado,Սմարթ հեռուստացույց Sony BRAVIA 3 K-43S30,,,,228900,,
sony-k-50s30,Sony K-50S30,eldorado,Սմարթ հեռուստացույց SONY K-50S30,,,,268900,,
sony-k-55s30,Sony K-55S30,eldorado,Սմարթ հեռուստացույց SONY K-55S30,,,,328900,,
sony-k-65s30,Sony K-65S30,eldorado,Սմարթ հեռուստացույց SONY K-65S30,,,,418900,,
sony-playstation-portal,Sony PlayStation Portal,allsell,Buy Sony Playstation Portal CFI-Y1001 In Armenia - AllSell,,White,,129900,2026-09-17,https://allsell.am/en/sony-playstation-portal-cfi-y1001
sony-playstation-portal,Sony PlayStation Portal,ibolit,Sony PlayStation Portal Remote Player for PS5 Console,,White,,109900,2026-09-17,https://ibolit.mobi/product/sony-playstation-portal-remote-player-for-ps5-console/
sony-playstation-portal,Sony PlayStation Portal,notebookcentre,Microsoft Xbox Series S 1Tb (EP2-00645) White,1024,White,,,,https://notebookcentre.am/en/category/gaming-console
sony-playstation-portal,Sony PlayStation Portal,notebookcentre,Sony PlayStation Portal,,,,129000,,
sony-playstation-portal,Sony PlayStation Portal,redstore,Sony Playstation Portal Midnight Black,,White,,125000,2026-09-17,https://redstore.am/en/product/sony-playstation-portal-midnight-black
sony-ps5-pro,Sony PlayStation 5 Pro,allsell,Playstation 5 pro,2048,White,,525500,2026-09-17,https://allsell.am/en/playstation-5-pro
sony-ps5-pro,Sony PlayStation 5 Pro,ibolit,Sony PlayStation 5 Pro,2048,White,,529000,2026-09-17,https://ibolit.mobi/product/sony-playstation-5-pro/
sony-ps5-pro,Sony PlayStation 5 Pro,notebookcentre,Playstation 5 Pro,,,,529000,,
sony-ps5-pro,Sony PlayStation 5 Pro,pixel,Sony PS5 Pro,2048,White,,529000,,https://www.pixel.am/en/product/sony-ps5-pro-digital-edition-white
sony-ps5-slim,Sony PlayStation 5 Slim,allsell,Playstation 5 Slim Digital Edition Price In Armenia - AllSell,1024,White,,278500,2026-09-17,https://allsell.am/en/playstation5-slim-digital
sony-ps5-slim,Sony PlayStation 5 Slim,ibolit,Sony PlayStation 5 Slim,1024,White,,309000,2026-09-17,https://ibolit.mobi/product/sony-playstation-5-slim/
sony-ps5-slim,Sony PlayStation 5 Slim,notebookcentre,PlayStation 5 Slim (Digital),,,,309000,,
sony-ps5-slim,Sony PlayStation 5 Slim,pixel,Sony PS5 Slim,1024,,,309000,,https://www.pixel.am/en/product/sony-ps5-slim-digital-edition-eu
sony-ps5-slim,Sony PlayStation 5 Slim,planet3d,Sony PlayStation 5 Slim Digital,1024,White,,289000,2026-09-17,https://3dplanet.am/en/store/product/sony-playstation-5-slim-digital
sony-ps5-slim,Sony PlayStation 5 Slim,redstore,PS5 Slim Digital Edition,1024,White,,319000,2026-09-17,https://redstore.am/en/product/ps5-slim-digital-edition-1
sony-wf-c710n,Sony WF-C710N,zigzag,Sony WF-C710N Black,,Black,,52900,,https://www.zigzag.am/am/sony-wf-c710n-bz.html
sony-wf-c710n,Sony WF-C710N,zigzag,Sony WF-C710N Pink,,,,52900,,https://www.zigzag.am/en/sony-wf-c710n-pz.html
sony-wh-1000xm6,Sony WH-1000XM6,ibolit,Sony WH-1000XM6 Best Wireless,,,,189000,2026-09-17,https://ibolit.mobi/product/sony-wh-1000xm6-best-wireless/
sony-wh-1000xm6,Sony WH-1000XM6,redstore,Sony WH-1000XM6 Headphones Black,,Black,,179000,2026-09-17,https://redstore.am/en/product/sony-wh-1000xm6-headphones-black
sony-wh-1000xm6,Sony WH-1000XM6,redstore,Sony WH-1000XM6 Headphones Midnight Blue,,Blue,,179000,2026-09-17,https://redstore.am/en/product/sony-wh-1000xm6-headphones-midnight-blue
sony-wh-1000xm6,Sony WH-1000XM6,redstore,Sony WH-1000XM6 Headphones Silver,,Silver,,179000,2026-09-17,https://redstore.am/en/product/sony-wh-1000xm6-headphones-silver
sony-wh-1000xm6,Sony WH-1000XM6,yerevanmobile,Sony WH-1000XM6,,,,179000,,
sony-wh-1000xm6,Sony WH-1000XM6,zigzag,Sony WH-1000XM6,,Black,,221900,,https://www.zigzag.am/en/sony-wh-1000xm6-bme.html
sony-wh-ch520,Sony WH-CH520,allsell,Անլար ականջակալ Sony WH-CH520,,,,21900,2026-09-17,https://allsell.am/en/sony-wh-ch520
sony-wh-ch520,Sony WH-CH520,redstore,Sony WH-CH520 Pink,,Pink,,19000,2026-09-17,https://redstore.am/en/product/sony-wh-ch520-pink
sony-wh-ch520,Sony WH-CH520,vlv,SONY WH-CH520/BZ,,,,27900,2026-09-17,https://vlv.am/en/Product/34652
sony-wh-ch520,Sony WH-CH520,yerevanmobile,Sony WH-CH520,,,,19000,,
sony-wh-ch520,Sony WH-CH520,zigzag,Sony WH-CH520 Yellow,,Yellow,,26900,,https://www.zigzag.am/am/sony-wh-ch520-yz.html
sony-wh-ch720n,Sony WH-CH720N,eldorado,Sony WH-CH720N White,,,,57900,,https://eldorado.am/en/sony-wh-ch720n-white
sony-wh-ch720n,Sony WH-CH720N,vlv,SONY WH-CH720N/WCE,,,,59900,2026-09-17,https://vlv.am/en/Product/42933
sony-wh-ch720n,Sony WH-CH720N,zigzag,Sony WH-CH720N Black,,Black,,56900,,https://www.zigzag.am/am/sony-wh-ch720n-bce.html
tcl-115c7k,TCL 115C7K,eldorado,Սմարթ հեռուստացույց TCL 115C7K,,,,6398900,,
tcl-43p7k,TCL 43P7K,eldorado,Սմարթ հեռուստացույց TCL 43P7K,,,,179900,,
tcl-43v6c,TCL 43V6C,eldorado,Սմարթ հեռուստացույց TCL 43V6C,,,,149900,,
tcl-43v6d,TCL 43V6D,eldorado,Սմարթ հեռուստացույց TCL 43V6D,,,,189900,,
tcl-50c6k,TCL 50C6K,eldorado,Սմարթ հեռուստացույց TCL 50C6K,,,,309900,,
tcl-50p7l,TCL 50P7L,eldorado,Սմարթ հեռուստացույց TCL 50P7L,,,,275900,,
tcl-50v6c,TCL 50V6C,eldorado,Սմարթ հեռուստացույց TCL 50V6C,,,,209900,,
tcl-55c6k,TCL 55C6K,eldorado,Սմարթ հեռուստացույց TCL 55C6K,,,,378900,,
tcl-55c7k,TCL 55C7K,eldorado,Սմարթ հեռուստացույց TCL 55C7K,,,,439900,,
tcl-55p7k,TCL 55P7K,eldorado,Սմարթ հեռուստացույց TCL 55P7K,,,,279900,,
tcl-55p8l,TCL 55P8L,eldorado,Սմարթ հեռուստացույց TCL 55P8L,,,,299800,,
tcl-55v6c,TCL 55V6C,eldorado,Սմարթ հեռուստացույց TCL 55V6C,,,,249900,,
tcl-65c6k,TCL 65C6K,eldorado,Սմարթ հեռուստացույց TCL 65C6K,,,,479900,,
tcl-65c7l,TCL 65C7L,eldorado,Սմարթ հեռուստացույց TCL 65C7L,,,,639900,,
tcl-65p8k,TCL 65P8K,eldorado,Սմարթ հեռուստացույց TCL 65P8K,,,,279900,,
tcl-65p8l,TCL 65P8L,eldorado,Սմարթ հեռուստացույց TCL 65P8L,,,,381700,,
tcl-65t6d,TCL 65T6D,eldorado,Սմարթ հեռուստացույց TCL 65T6D,,,,409900,,
tcl-75c6k,TCL 75C6K,eldorado,Սմարթ հեռուստացույց TCL 75C6K,,,,729900,,
tcl-75c7k,TCL 75C7K,eldorado,Սմարթ հեռուստացույց TCL 75C7K,,,,779900,,
tcl-75t6d,TCL 75T6D,eldorado,Սմարթ հեռուստացույց TCL 75T6D,,,,519900,,
tcl-75v6d,TCL 75V6D,eldorado,Սմարթ հեռուստացույց TCL 75V6D,,,,459900,,
tcl-85p7l,TCL 85P7L,eldorado,Սմարթ հեռուստացույց TCL 85P7L,,,,699900,,
tcl-85p8l,TCL 85P8L,eldorado,Սմարթ հեռուստացույց TCL 85P8L,,,,695900,,
tcl-98c6k,TCL 98C6K,eldorado,Սմարթ հեռուստացույց TCL 98C6K,,,,1499000,,
tcl-98p8k,TCL 98P8K,eldorado,Սմարթ հեռուստացույց TCL 98P8K,,,,1199000,,
xbox-series-s,Microsoft Xbox Series S,allsell,Xbox Series S 512 GB,512,,,209500,2026-09-17,https://allsell.am/en/xbox-series-s-512-gb
xbox-series-s,Microsoft Xbox Series S,ibolit,Xbox Series S,,,,151000,2026-09-17,https://ibolit.mobi/product/xbox-series-s/
xbox-series-s,Microsoft Xbox Series S,notebookcentre,Microsoft Xbox Series S 1Tb (EP2-00645) White,1024,White,,219000,,
xbox-series-s,Microsoft Xbox Series S,redstore,Xbox Series S 512GB SSD,512,,,199000,2026-09-17,https://redstore.am/en/product/xbox-series-s-512gb-ssd
xbox-series-s,Microsoft Xbox Series S,redstore,Xbox Series S 1Tb Black,1024,Black,,215000,2026-09-17,https://redstore.am/en/product/xbox-series-s-1tb-black
xbox-series-s,Microsoft Xbox Series S,redstore,Xbox Series S 1TB White,1024,White,,215000,2026-09-17,https://redstore.am/en/product/xbox-series-s-1tb-white
xbox-series-x,Microsoft Xbox Series X,allsell,Xbox Series X 1TB Didital Edtition,1024,Black,,314500,2026-09-17,https://allsell.am/en/xbox-series-x-1tb-didital-edtition
xbox-series-x,Microsoft Xbox Series X,ibolit,Xbox Series X,,,,235000,2026-09-17,https://ibolit.mobi/product/xbox-series-x/
xbox-series-x,Microsoft Xbox Series X,planet3d,XBOX Series X 1TB Digital Edition White,1024,White,,304000,2026-09-17,https://3dplanet.am/en/store/product/xbox-series-x-1tb-digital-edition-white
xbox-series-x,Microsoft Xbox Series X,redstore,XBOX Series X 1TB Digital Edition White,1024,White,,305000,2026-09-17,https://redstore.am/en/product/xbox-series-x-1tb-digital-edition-white
xbox-series-x,Microsoft Xbox Series X,redstore,Xbox Series X 1TB SSD Black,1024,Black,,349000,2026-09-17,https://redstore.am/en/product/xbox-series-x-1tb-ssd-black
xbox-series-x,Microsoft Xbox Series X,redstore,Xbox Series X 2TB Black,2048,Black,,479000,2026-09-17,https://redstore.am/en/product/xbox-series-x-2tb-black
xiaomi-15,Xiaomi 15,ibolit,Xiaomi 15 12GB / 512GB Black,512,Black,,369000,2026-09-17,https://ibolit.mobi/product/xiaomi-15-12gb-512gb-black/
xiaomi-15,Xiaomi 15,ibolit,Xiaomi 15 12GB / 512GB White,512,White,,369000,2026-09-17,https://ibolit.mobi/product/xiaomi-15-12gb-512gb-white/
xiaomi-15,Xiaomi 15,ibolit,Xiaomi 15 12GB / 512GB Green,512,Green,,369000,2026-09-17,https://ibolit.mobi/product/xiaomi-15-12gb-512gb-green/
xiaomi-15,Xiaomi 15,mobilecentre,Xiaomi 15 12GB/512GB (Green),512,Green,,386900,2026-09-17,https://mobilecentre.am/product/xiaomi-15/32149/
xiaomi-15,Xiaomi 15,pixel,Xiaomi 15,512,Black,,399000,2026-09-18,https://www.pixel.am/am/product/xiaomi-15
xiaomi-15,Xiaomi 15,planet3d,Xiaomi 15,512,Black,,345000,2026-09-17,https://3dplanet.am/en/store/product/xiaomi-15
xiaomi-15,Xiaomi 15,redstore,15 12GB/512GB White,512,White,,355000,2026-09-17,https://redstore.am/en/product/xiaomi-15-12gb512gb-white
xiaomi-15t,Xiaomi 15T,redstore,15T 12GB/512GB Rose Gold,512,Rose Gold,,249000,2026-09-17,https://redstore.am/en/product/xiaomi-15t-12gb512gb-rose-gold
xiaomi-15t-pro,Xiaomi 15T Pro,ibolit,Xiaomi 15T Pro 12GB/512GB Black,512,Black,,289000,2026-09-17,https://ibolit.mobi/product/xiaomi-15t-pro-12gb-512gb-black/
xiaomi-15t-pro,Xiaomi 15T Pro,redstore,Xiaomi 15T Pro 12GB/256GB Black,256,Black,,299000,2026-09-17,https://redstore.am/en/product/xiaomi-15t-pro-12gb256gb-black
xiaomi-15t-pro,Xiaomi 15T Pro,redstore,Xiaomi 15T Pro 12GB/256GB Gray,256,Gray,,299000,2026-09-17,https://redstore.am/en/product/xiaomi-15t-pro-12gb256gb-gray
xiaomi-15t-pro,Xiaomi 15T Pro,redstore,15T Pro 12GB/512GB Black,512,Black,,319000,2026-09-17,https://redstore.am/en/product/xiaomi-15t-pro-12gb512gb-black
xiaomi-15t-pro,Xiaomi 15T Pro,redstore,15T Pro 12GB/512GB Gray,512,Gray,,319000,2026-09-17,https://redstore.am/en/product/xiaomi-15t-pro-12gb512gb-gray
xiaomi-17-pro-max,Xiaomi 17 Pro Max,allsell,Buy Xiaomi 17 Pro Max In Armenia - Best Price Here - AllSell,512,,,559000,2026-09-17,https://allsell.am/en/xiaomi-17-pro-max
xiaomi-17-pro-max,Xiaomi 17 Pro Max,ibolit,Xiaomi 17 Pro Max 16/512Black,512,,,559000,2026-09-17,https://ibolit.mobi/product/xiaomi-17-pro-max-16-512black/
xiaomi-17-pro-max,Xiaomi 17 Pro Max,ibolit,17 pro max 512 SILVER Sim,512,Silver,nano,695000,2026-09-17,https://ibolit.mobi/product/17-pro-max-512-silver-sim/
xiaomi-17-pro-max,Xiaomi 17 Pro Max,pixel,Xiaomi 17 Pro Max 12/512GB (Մանուշակագույն),512,Purple,,559000,2026-09-18,https://www.pixel.am/am/product/xiaomi-17-pro-max-12-512gb-purple
xiaomi-17-pro-max,Xiaomi 17 Pro Max,pixel,Xiaomi 17 Pro Max 12/512GB (Կանաչ),512,Green,,559000,2026-09-18,https://www.pixel.am/am/product/xiaomi-17-pro-max-12-512gb-green
xiaomi-17-pro-max,Xiaomi 17 Pro Max,pixel,Xiaomi 17 Pro Max 12/512GB (Սպիտակ),512,White,,559000,2026-09-18,https://www.pixel.am/am/product/xiaomi-17-pro-max-12-512gb-white
xiaomi-17-pro-max,Xiaomi 17 Pro Max,pixel,Xiaomi 17 Pro Max 12/512GB (Սև),512,Black,,559000,2026-09-18,https://www.pixel.am/am/product/xiaomi-17-pro-max-12-512gb-black
xiaomi-17-pro-max,Xiaomi 17 Pro Max,pixel,Xiaomi 17 Pro Max 12/512GB Green,512,Green,,559000,,https://www.pixel.am/en/product/xiaomi-17-pro-max-12-512gb-green
xiaomi-17-pro-max,Xiaomi 17 Pro Max,pixel,Xiaomi 17 Pro Max 12/512GB White,512,White,,559000,,https://www.pixel.am/en/product/xiaomi-17-pro-max-12-512gb-white
xiaomi-17-pro-max,Xiaomi 17 Pro Max,pixel,Xiaomi 17 Pro Max 12/512GB Purple,512,Purple,,559000,,https://www.pixel.am/en/product/xiaomi-17-pro-max-12-512gb-purple
xiaomi-17-pro-max,Xiaomi 17 Pro Max,redstore,17 Pro Max 16GB/512GB Black,512,Black,,559000,2026-09-17,https://redstore.am/en/product/xiaomi-17-pro-max-16gb512gb-black
xiaomi-17-pro-max,Xiaomi 17 Pro Max,redstore,Xiaomi 17 Pro Max 16GB/512GB Green,512,Green,,559000,2026-09-17,https://redstore.am/en/product/xiaomi-17-pro-max-16gb512gb-green
xiaomi-17-pro-max,Xiaomi 17 Pro Max,yerevanmobile,Xiaomi 17 Pro Max,512,,,559000,,
xiaomi-17t-pro,Xiaomi 17T Pro,ibolit,Xiaomi 17T Pro 12/512 Black,512,Black,,335000,2026-09-17,https://ibolit.mobi/product/xiaomi-17t-pro-12-512-black/
xiaomi-17t-pro,Xiaomi 17T Pro,ibolit,Xiaomi 17T Pro 12/512GB,512,,,335000,2026-09-17,https://ibolit.mobi/product/xiaomi-17t-pro-12-512gb/
xiaomi-17t-pro,Xiaomi 17T Pro,miarmenia,Xiaomi 17T Pro,512,,,346900,,https://miarmenia.am/ru/collection/smartphones/1
xiaomi-17t-pro,Xiaomi 17T Pro,mobilecentre,Xiaomi 17T Pro 12GB/256GB (Black),256,Black,,327900,2026-09-17,https://mobilecentre.am/product/xiaomi-17t-pro/34238/
xiaomi-17t-pro,Xiaomi 17T Pro,notebookcentre,Xiaomi 17T Pro Deep Violet,,Deep Violet,,,,https://notebookcentre.am/en/category/smartphones?brand=19&brand=20&brand=24&brand=40&brand=243&sort=low&product_status=in_stock&page=5
xiaomi-17t-pro,Xiaomi 17T Pro,notebookcentre,Samsung Galaxy S25 Edge Titanium Jetblack / 512 GB,512,Titanium Jetblack,,,,https://notebookcentre.am/en/category/smartphones?brand=19&brand=20&brand=24&brand=40&brand=243&sort=low&product_status=in_stock&page=6
xiaomi-17t-pro,Xiaomi 17T Pro,notebookcentre,Xiaomi 17T Pro,256,,,327900,,
xiaomi-17t-pro,Xiaomi 17T Pro,notebookcentre,Xiaomi 17T Pro Deep Violet,512,Deep Violet,,346900,,
xiaomi-17t-pro,Xiaomi 17T Pro,notebookcentre,Xiaomi 17T Pro Black,512,Black,,346900,,
xiaomi-17t-pro,Xiaomi 17T Pro,pixel,Xiaomi 17T Pro,512,Black,,339000,2026-09-18,https://www.pixel.am/am/product/xiaomi-17t-pro
xiaomi-17t-pro,Xiaomi 17T Pro,redstore,Xiaomi 17T Pro 12GB/256GB Black,256,Black,,319000,2026-09-17,https://redstore.am/en/product/xiaomi-17t-pro-12gb256gb-black
xiaomi-17t-pro,Xiaomi 17T Pro,redstore,Xiaomi 17T Pro 12GB/256GB Deep Blue,256,Deep Blue,,319000,2026-09-17,https://redstore.am/en/product/xiaomi-17t-pro-12gb256gb-deep-blue
xiaomi-17t-pro,Xiaomi 17T Pro,redstore,Xiaomi 17T Pro 12GB/256GB Deep Violet,256,Deep Violet,,319000,2026-09-17,https://redstore.am/en/product/xiaomi-17t-pro-12gb256gb-deep-violet
xiaomi-17t-pro,Xiaomi 17T Pro,vlv,XIAOMI 17T Pro 12/256GB Black,256,Black,,327900,2026-09-17,https://vlv.am/en/Product/47218
xiaomi-1c-23-8,Xiaomi 1C 23.8",redstore,Xiaomi 1C 23.8",,,,49000,2026-09-17,https://redstore.am/en/product/xiaomi-1c-238
xiaomi-a-43-2026,Xiaomi A 43 2026,eldorado,Սմարթ հեռուստացույց LED XIAOMI A 43 2026 (L43MB-AURU),,,,157900,,
xiaomi-a-50-2026,Xiaomi A 50 2026,eldorado,Սմարթ հեռուստացույց XIAOMI A 50 2026 (L50MB-ARU),,,,187900,,
xiaomi-a-65-2025,Xiaomi A 65 2025,eldorado,Հեռուստացույց XIAOMI LED A 65 2025 (L65MA-ARU) Smart,,,,339900,,
xiaomi-a-65-2026,Xiaomi A 65 2026,eldorado,Սմարթ հեռուստացույց Led Xiaomi A 65 2026 (L65MB-ARU),,,,339900,,
xiaomi-a-pro-43-2026,Xiaomi A Pro 43 2026,eldorado,Սմարթ հեռուստացույց XIAOMI A Pro 43 2026 (L43MB-APRU),,,,199900,,
xiaomi-buds-6,Xiaomi Redmi Buds 6,pixel,Redmi Buds 6,,,,19900,2026-09-18,https://www.pixel.am/am/product/xiaomi-buds-6
xiaomi-buds-6-lite,Xiaomi Redmi Buds 6 Lite,mobilecentre,Xiaomi Redmi Buds 6 Lite Headphone BHR8655GL (White),,White,,12900,2026-09-17,https://mobilecentre.am/product/xiaomi-redmi-buds-6-lite-headphone-bhr8655gl-_white_/31678/
xiaomi-buds-6-lite,Xiaomi Redmi Buds 6 Lite,pixel,Redmi Buds 8 Lite (Սև),,Black,,11900,2026-09-18,https://www.pixel.am/am/product/xiaomi-buds-6-lite-black-1088
xiaomi-gaming-monitor-a27q,Xiaomi Gaming Monitor A27Q,redstore,Xiaomi Gaming Monitor A27Q,,,,73000,2026-09-17,https://redstore.am/en/product/xiaomi-gaming-monitor-a27q-1
xiaomi-gaming-monitor-g-pro-27i,Xiaomi Gaming Monitor G Pro 27i,redstore,Xiaomi Gaming Monitor G Pro 27i,,,,158000,2026-09-17,https://redstore.am/en/product/xiaomi-gaming-monitor-g-pro-27i
xiaomi-gaming-monitor-g24i,Xiaomi Gaming Monitor G24i,redstore,Xiaomi Gaming Monitor G24i,,,,57000,2026-09-17,https://redstore.am/en/product/xiaomi-gaming-monitor-g24i
xiaomi-pad-7,Xiaomi Xiaomi Pad 7,allsell,Xiaomi Pad 7,256,,,158700,2026-09-17,https://allsell.am/en/xiaomi-pad-7
xiaomi-pad-7,Xiaomi Xiaomi Pad 7,pixel,Xiaomi Pad 7 8/256 GB (Մոխրագույն),256,Gray,,179900,2026-09-18,https://www.pixel.am/am/product/xiaomi-pad-7-8-256-gray
xiaomi-pad-7,Xiaomi Xiaomi Pad 7,planet3d,Xiaomi Pad 7,256,,,159000,2026-09-17,https://3dplanet.am/en/store/product/xiaomi-pad-7
xiaomi-pad-7,Xiaomi Xiaomi Pad 7,redstore,Xiaomi Pad 7 8GB/256GB Blue,256,Blue,,159000,2026-09-17,https://redstore.am/en/product/xiaomi-pad-7-8gb256gb-blue
xiaomi-pad-7,Xiaomi Xiaomi Pad 7,redstore,Xiaomi Pad 7 8GB/256GB Green,256,Green,,159000,2026-09-17,https://redstore.am/en/product/xiaomi-pad-7-8gb256gb-green
xiaomi-pad-7,Xiaomi Xiaomi Pad 7,yerevanmobile,Xiaomi Pad 7,,,,159000,,
xiaomi-pad-7-pro,Xiaomi Xiaomi Pad 7 Pro,allsell,Xiaomi Pad 7 Pro,512,Blue,,234800,2026-09-17,https://allsell.am/en/xiaomi-pad-7-pro
xiaomi-pad-7-pro,Xiaomi Xiaomi Pad 7 Pro,ibolit,Xiaomi Pad 7 Pro 12/512GB (Green),512,Green,,249000,2026-09-17,https://ibolit.mobi/product/xiaomi-pad-7-pro-12-512gb-green/
xiaomi-pad-7-pro,Xiaomi Xiaomi Pad 7 Pro,pixel,Xiaomi Pad 7 Pro,,,,249900,2026-09-18,https://www.pixel.am/am/product/xiaomi-pad-7-pro
xiaomi-pad-7-pro,Xiaomi Xiaomi Pad 7 Pro,planet3d,Xiaomi Pad 7 Pro,512,,,234000,2026-09-17,https://3dplanet.am/en/store/product/xiaomi-pad-7-pro
xiaomi-pad-7-pro,Xiaomi Xiaomi Pad 7 Pro,redstore,Xiaomi Pad 7 Pro 12GB/512GB Gray,512,Gray,,234000,2026-09-17,https://redstore.am/en/product/xiaomi-pad-7-pro-12gb512gb-gray
xiaomi-pad-7-pro,Xiaomi Xiaomi Pad 7 Pro,redstore,Xiaomi Pad 7 Pro 12GB/512GB Blue,512,Blue,,234000,2026-09-17,https://redstore.am/en/product/xiaomi-pad-7-pro-12gb512gb-blue
xiaomi-pad-7-pro,Xiaomi Xiaomi Pad 7 Pro,yerevanmobile,Xiaomi Pad 7 Pro,,,,234000,,
xiaomi-redmi-14c,Xiaomi Redmi 14C,mobilecentre,Xiaomi Redmi 14C 4GB/128GB (Sage Green),128,Sage Green,,47900,2026-09-17,https://mobilecentre.am/product/xiaomi-redmi-14c/31233/
xiaomi-redmi-15c,Xiaomi Redmi 15C,eldorado,Smartphone Xiaomi REDMI 15C 4GB/128GB Mint Green,128,Mint Green,,54900,2026-09-17,https://eldorado.am/en/smartphone-redmi-15c-4gb-128gb-mint-green
xiaomi-redmi-15c,Xiaomi Redmi 15C,eldorado,Smartphone Xiaomi REDMI 15C 4GB/128GB Midnight Black,128,Midnight Black,,54900,2026-09-17,https://eldorado.am/en/smartphone-redmi-15c-4gb-128gb-midnight-black
xiaomi-redmi-15c,Xiaomi Redmi 15C,eldorado,Smartphone REDMI 15C 6GB/128GB RU (25078RA3EY) Moonlight Blue,128,Moonlight Blue,,58900,2026-09-17,https://eldorado.am/en/redmi-15c-6gb-128gb-moonlight-blue-eu-25078ra3ey
xiaomi-redmi-15c,Xiaomi Redmi 15C,eldorado,Smartphone Xiaomi REDMI 15C 8GB/256GB Mint Green,256,Mint Green,,65900,2026-09-17,https://eldorado.am/en/smartphone-redmi-15c-8gb-256gb-mint-green
xiaomi-redmi-15c,Xiaomi Redmi 15C,eldorado,Smartphone REDMI 15C 8GB/256GB RU (25078RA3EY) Midnight Black,256,Midnight Black,,65900,2026-09-17,https://eldorado.am/en/redmi-15c-8gb-256gb-midnight-black-ru-25078ra3ey
xiaomi-redmi-15c,Xiaomi Redmi 15C,mobilecentre,Xiaomi Redmi 15C 4GB/128GB (Midnight Black),128,Midnight Black,,54900,2026-09-17,https://mobilecentre.am/product/xiaomi-redmi-15c/32435/
xiaomi-redmi-15c,Xiaomi Redmi 15C,mobilecentre,Xiaomi Redmi 15C 8GB/256GB (Twilight Orange),256,Twilight Orange,,65900,2026-09-17,https://mobilecentre.am/product/xiaomi-redmi-15c-_8gb_256gb_/32856/
xiaomi-redmi-15c,Xiaomi Redmi 15C,pixel,Redmi 15C 4G,128,Midnight Black,,49000,2026-09-18,https://www.pixel.am/am/product/xiaomi-redmi-15c-4-128gb-midnight-gray
xiaomi-redmi-15c,Xiaomi Redmi 15C,planet3d,Xiaomi Redmi 15C 4G,256,,,65000,2026-09-17,https://3dplanet.am/en/store/product/xiaomi-redmi-15c-4g
xiaomi-redmi-15c,Xiaomi Redmi 15C,redstore,Redmi 15C 4GB/128GB Midnight Black,128,Midnight Black,,53000,2026-09-17,https://redstore.am/en/product/xiaomi-redmi-15c-4gb128gb-midnight-black
xiaomi-redmi-15c,Xiaomi Redmi 15C,redstore,Redmi 15C 4GB/128GB Mint Green,128,Mint Green,,53000,2026-09-17,https://redstore.am/en/product/xiaomi-redmi-15c-4gb128gb-mint-green
xiaomi-redmi-15c,Xiaomi Redmi 15C,redstore,Redmi 15C 4GB/128GB Moonlight Blue,128,Moonlight Blue,,53000,2026-09-17,https://redstore.am/en/product/xiaomi-redmi-15c-4gb128gb-moonlight-blue
xiaomi-redmi-15c,Xiaomi Redmi 15C,redstore,Redmi 15C 4GB/128GB Twilight Orange,128,Twilight Orange,,53000,2026-09-17,https://redstore.am/en/product/xiaomi-redmi-15c-4gb128gb-twilight-orange
xiaomi-redmi-15c,Xiaomi Redmi 15C,yerevanmobile,Xiaomi Redmi 15C 4G,128,,,72000,,
xiaomi-redmi-note-13-pro,Xiaomi Redmi Note 13 Pro,ibolit,Xiaomi Redmi Note 13 Pro 12GB / 512GB Lavender Purple,512,Lavender Purple,,127000,2026-09-17,https://ibolit.mobi/product/xiaomi-redmi-note-13-pro-12gb-512gb-lavender-purple/
xiaomi-redmi-note-13-pro-plus,Xiaomi Redmi Note 13 Pro+ 5G,ibolit,Xiaomi Redmi Note 13 Pro+ 5G 8GB / 256GB Midnight Black,256,Midnight Black,,151000,2026-09-17,https://ibolit.mobi/product/xiaomi-redmi-note-13-pro-5g-8gb-256gb-midnight-black/
xiaomi-redmi-note-13-pro-plus,Xiaomi Redmi Note 13 Pro+ 5G,ibolit,Xiaomi Redmi Note 13 Pro+ 5G 8GB / 256GB Aurora Purple,256,Aurora Purple,,151000,2026-09-17,https://ibolit.mobi/product/xiaomi-redmi-note-13-pro-5g-8gb-256gb-aurora-purple/
xiaomi-redmi-note-13-pro-plus,Xiaomi Redmi Note 13 Pro+ 5G,ibolit,Xiaomi Redmi Note 13 Pro+ 5G 8GB / 256GB Fushion White,256,White,,151000,2026-09-17,https://ibolit.mobi/product/xiaomi-redmi-note-13-pro-5g-8gb-256gb-fushion-white/
xiaomi-redmi-note-13-pro-plus,Xiaomi Redmi Note 13 Pro+ 5G,ibolit,Xiaomi Redmi Note 13 Pro+ 5G 12GB / 512GB Fushion White,512,White,,175000,2026-09-17,https://ibolit.mobi/product/xiaomi-redmi-note-13-pro-5g-12gb-512gb-fushion-white/
xiaomi-redmi-note-13-pro-plus,Xiaomi Redmi Note 13 Pro+ 5G,ibolit,Xiaomi Redmi Note 13 Pro+ 5G 12GB / 512GB Aurora Purple,512,Aurora Purple,,175000,2026-09-17,https://ibolit.mobi/product/xiaomi-redmi-note-13-pro-5g-12gb-512gb-aurora-purple/
xiaomi-redmi-note-13-pro-plus,Xiaomi Redmi Note 13 Pro+ 5G,planet3d,Xiaomi Redmi Note 13 Pro +,512,,,159000,2026-09-17,https://3dplanet.am/en/store/product/xiaomi-redmi-note-13-pro-plus
xiaomi-redmi-note-14-pro,Xiaomi Redmi Note 14 Pro 5G,allsell,Xiaomi Redmi Note 14 Pro In Armenia - Buy Now - AllSell,256,,,97700,2026-09-17,https://allsell.am/en/xiaomi-redmi-note-14-pro
xiaomi-redmi-note-14-pro,Xiaomi Redmi Note 14 Pro 5G,ibolit,Xiaomi Redmi Note 14 Pro 8GB / 256GB Aurora Purple,256,Aurora Purple,,98000,2026-09-17,https://ibolit.mobi/product/xiaomi-redmi-note-14-pro-8gb-256gb-aurora-purple/
xiaomi-redmi-note-14-pro,Xiaomi Redmi Note 14 Pro 5G,ibolit,Xiaomi Redmi Note 14 Pro 8GB / 256GB Ocean Blue,256,Ocean Blue,,98000,2026-09-17,https://ibolit.mobi/product/xiaomi-redmi-note-14-pro-8gb-256gb-ocean-blue/
xiaomi-redmi-note-14-pro,Xiaomi Redmi Note 14 Pro 5G,ibolit,Xiaomi Redmi Note 14 Pro 8GB / 256GB Midnight Black,256,Midnight Black,,98000,2026-09-17,https://ibolit.mobi/product/xiaomi-redmi-note-14-pro-8gb-256gb-midnight-black/
xiaomi-redmi-note-14-pro,Xiaomi Redmi Note 14 Pro 5G,ibolit,Xiaomi Redmi Note 14 Pro 4G 12GB / 512GB Aurora Purple,512,Aurora Purple,,118000,2026-09-17,https://ibolit.mobi/product/xiaomi-redmi-note-14-pro-12gb-512gb-aurora-purple/
xiaomi-redmi-note-14-pro,Xiaomi Redmi Note 14 Pro 5G,ibolit,Xiaomi Redmi Note 14 Pro 4G 12GB / 512GB Ocean Blue,512,Ocean Blue,,118000,2026-09-17,https://ibolit.mobi/product/xiaomi-redmi-note-14-pro-12gb-512gb-ocean-blue/
xiaomi-redmi-note-14-pro,Xiaomi Redmi Note 14 Pro 5G,ibolit,Xiaomi Redmi Note 14 Pro 4G 12GB / 512GB Midnight Black,512,Midnight Black,,118000,2026-09-17,https://ibolit.mobi/product/xiaomi-redmi-note-14-pro-12gb-512gb-midnight-black/
xiaomi-redmi-note-14-pro,Xiaomi Redmi Note 14 Pro 5G,mobilecentre,Xiaomi Redmi Note 14 Pro 12GB/512GB (Ocean Bluе),512,,,131900,2026-09-17,https://mobilecentre.am/product/xiaomi-redmi-note-14-pro/32858/
xiaomi-redmi-note-14-pro,Xiaomi Redmi Note 14 Pro 5G,pixel,Redmi Note 14 Pro 4G,256,Midnight Black,,97000,2026-09-18,https://www.pixel.am/am/product/xiaomi-redmi-note-14-pro-4g
xiaomi-redmi-note-14-pro,Xiaomi Redmi Note 14 Pro 5G,planet3d,Xiaomi Redmi Note 14 Pro,256,,,95000,2026-09-17,https://3dplanet.am/en/store/product/xiaomi-redmi-note-14-pro
xiaomi-redmi-note-14-pro,Xiaomi Redmi Note 14 Pro 5G,redstore,Redmi Note 14 Pro+ 8GB/256GB Midnight Black,256,Midnight Black,,145000,2026-09-17,https://redstore.am/en/product/xiaomi-redmi-note-14-pro-8gb256gb-midnight-black
xiaomi-redmi-note-14-pro,Xiaomi Redmi Note 14 Pro 5G,redstore,Redmi Note 14 Pro+ 8GB/256GB Frost Blue,256,Frost Blue,,145000,2026-09-17,https://redstore.am/en/product/xiaomi-redmi-note-14-pro-8gb256gb-frost-blue
xiaomi-redmi-note-15-pro,Xiaomi Redmi Note 15 Pro,allsell,Xiaomi Redmi Note 15 Pro Price In Armenia - AllSell,512,Black,,128700,2026-09-17,https://allsell.am/en/xiaomi-redmi-note-15-pro
xiaomi-redmi-note-15-pro,Xiaomi Redmi Note 15 Pro,eldorado,Smartphone Xiaomi REDMI Note15 Pro 8GB/256GB EU (25100RA69G) Titanium Color,256,Titanium,,125900,2026-09-17,https://eldorado.am/en/smartphone-xiaomi-redmi-note15-pro-8gb-256gb-eu-25100ra69g-titanium-color
xiaomi-redmi-note-15-pro,Xiaomi Redmi Note 15 Pro,eldorado,Smartphone Xiaomi REDMI Note 15 Pro 8GB/256GB RU (25100RA69G) Black,256,Black,,125900,2026-09-17,https://eldorado.am/en/smartphone-xiaomi-redmi-note-15-pro-8gb-256gb-ru-25100ra69g-black
xiaomi-redmi-note-15-pro,Xiaomi Redmi Note 15 Pro,eldorado,Smartphone Xiaomi REDMI Note 15 Pro 8GB/256GB RU (25100RA69G) Glacier Blue,256,Glacier Blue,,125900,2026-09-17,https://eldorado.am/en/smartphone-xiaomi-redmi-note-15-pro-8gb-256gb-ru-25100ra69g-glacier-blue
xiaomi-redmi-note-15-pro,Xiaomi Redmi Note 15 Pro,eldorado,Smartphone Xiaomi REDMI Note 15 Pro 12GB/512GB EU (25100RA69G) Titanium Color,512,Titanium,,152900,2026-09-17,https://eldorado.am/en/smartphone-xiaomi-redmi-note-15-pro-12gb-512gb-eu-25100ra69g-titanium-color
xiaomi-redmi-note-15-pro,Xiaomi Redmi Note 15 Pro,eldorado,Smartphone Xiaomi REDMI Note15 Pro 12GB/512GB EU (25100RA69G) Black,512,Black,,152900,2026-09-17,https://eldorado.am/en/smartphone-xiaomi-redmi-note15-pro-12gb-512gb-eu-25100ra69g-black
xiaomi-redmi-note-15-pro,Xiaomi Redmi Note 15 Pro,eldorado,Smartphone Xiaomi REDMI Note 15 Pro 12GB/512GB EU (25100RA69G) Glacier Blue,512,Glacier Blue,,152900,2026-09-17,https://eldorado.am/en/smartphone-xiaomi-redmi-note-15-pro-12gb-512gb-eu-25100ra69g-glacier-blue
xiaomi-redmi-note-15-pro,Xiaomi Redmi Note 15 Pro,ibolit,Xiaomi Redmi Note 15 Pro 8GB/256GB Black,256,Black,,123000,2026-09-17,https://ibolit.mobi/product/xiaomi-redmi-note-15-pro-8gb-256gb-black-2/
xiaomi-redmi-note-15-pro,Xiaomi Redmi Note 15 Pro,ibolit,Xiaomi Redmi Note 15 Pro 8GB/256GB Glacier Blue,256,Glacier Blue,,123000,2026-09-17,https://ibolit.mobi/product/xiaomi-redmi-note-15-pro-8gb-256gb-glacier-blue/
xiaomi-redmi-note-15-pro,Xiaomi Redmi Note 15 Pro,ibolit,Xiaomi Redmi Note 15 Pro 8GB/256GB Titanium Color,256,Titanium,,123000,2026-09-17,https://ibolit.mobi/product/xiaomi-redmi-note-15-pro-8gb-256gb-titanium-color/
xiaomi-redmi-note-15-pro,Xiaomi Redmi Note 15 Pro,ibolit,Xiaomi Redmi Note 15 Pro 12GB/512GB Black,512,Black,,142000,2026-09-17,https://ibolit.mobi/product/xiaomi-redmi-note-15-pro-12gb-512gb-black/
xiaomi-redmi-note-15-pro,Xiaomi Redmi Note 15 Pro,ibolit,Xiaomi Redmi Note 15 Pro 12GB/512GB Glacier Blue,512,Glacier Blue,,142000,2026-09-17,https://ibolit.mobi/product/xiaomi-redmi-note-15-pro-8gb-256gb-glacier-blue-2/
xiaomi-redmi-note-15-pro,Xiaomi Redmi Note 15 Pro,ibolit,Xiaomi Redmi Note 15 Pro 12GB/512GB Titanium Color,512,Titanium,,142000,2026-09-17,https://ibolit.mobi/product/xiaomi-redmi-note-15-pro-12gb-512gb-titanium-color/
xiaomi-redmi-note-15-pro,Xiaomi Redmi Note 15 Pro,mobilecentre,Xiaomi Redmi Note 15 Pro 8GB/256GB (Glacier Blue),256,Glacier Blue,,125900,2026-09-17,https://mobilecentre.am/product/xiaomi-redmi-note-15-pro/33373/
xiaomi-redmi-note-15-pro,Xiaomi Redmi Note 15 Pro,mobilecentre,Xiaomi Redmi Note 15 Pro 12GB/256GB (Black),256,Black,,134900,2026-09-17,https://mobilecentre.am/product/xiaomi-redmi-note-15-pro-12gb_256gb-_black_/33833/
xiaomi-redmi-note-15-pro,Xiaomi Redmi Note 15 Pro,mobilecentre,Xiaomi Redmi Note 15 Pro 5G 8GB/512GB (Black),512,Black,,161900,2026-09-17,https://mobilecentre.am/product/xiaomi-redmi-note-15-pro-5g/33371/
xiaomi-redmi-note-15-pro,Xiaomi Redmi Note 15 Pro,notebookcentre,Samsung Galaxy A37 Awesome Lavender / 8 GB / 128 GB,128,,,,,https://notebookcentre.am/en/category/smartphones?brand=19&brand=20&brand=24&brand=40&brand=243&sort=low&product_status=in_stock&page=2
xiaomi-redmi-note-15-pro,Xiaomi Redmi Note 15 Pro,notebookcentre,Samsung Galaxy A57 Awesome Navy / 128 GB / 8 GB,128,Awesome Navy,,,,https://notebookcentre.am/en/category/smartphones?brand=19&brand=20&brand=24&brand=40&brand=243&sort=low&product_status=in_stock&page=3
xiaomi-redmi-note-15-pro,Xiaomi Redmi Note 15 Pro,notebookcentre,Xiaomi Redmi Note 15 Pro,,,,134900,,
xiaomi-redmi-note-15-pro,Xiaomi Redmi Note 15 Pro,notebookcentre,Xiaomi Redmi Note 15 Pro Titanium Gray / 256 GB,256,Titanium,,134900,,
xiaomi-redmi-note-15-pro,Xiaomi Redmi Note 15 Pro,notebookcentre,Xiaomi Redmi Note 15 Pro Titanium Gray / 512 GB,512,Titanium,,152900,,
xiaomi-redmi-note-15-pro,Xiaomi Redmi Note 15 Pro,pixel,Redmi Note 15 Pro 4G,,Black,,112000,2026-09-18,https://www.pixel.am/am/product/xiaomi-redmi-note-15-pro-4g
xiaomi-redmi-note-15-pro,Xiaomi Redmi Note 15 Pro,planet3d,Xiaomi Redmi Note 15 Pro 4G,256,Black,,119000,2026-09-17,https://3dplanet.am/en/store/product/xiaomi-redmi-note-15-pro-4g
xiaomi-redmi-note-15-pro,Xiaomi Redmi Note 15 Pro,redstore,Redmi Note 15 Pro 8GB/256GB Black,256,Black,,119000,2026-09-17,https://redstore.am/en/product/xiaomi-redmi-note-15-pro-8gb256gb-black
xiaomi-redmi-note-15-pro,Xiaomi Redmi Note 15 Pro,redstore,Redmi Note 15 Pro 8GB/256GB Glacier Blue,256,Glacier Blue,,119000,2026-09-17,https://redstore.am/en/product/xiaomi-redmi-note-15-pro-8gb256gb-glacier-blue
xiaomi-redmi-note-15-pro,Xiaomi Redmi Note 15 Pro,redstore,Redmi Note 15 Pro 12GB/512GB Black,512,Black,,134000,2026-09-17,https://redstore.am/en/product/xiaomi-redmi-note-15-pro-12gb512gb-black
xiaomi-redmi-note-15-pro,Xiaomi Redmi Note 15 Pro,redstore,Redmi Note 15 Pro 12GB/512GB Glacier Blue,512,Glacier Blue,,134000,2026-09-17,https://redstore.am/en/product/xiaomi-redmi-note-15-pro-12gb512gb-glacier-blue
xiaomi-redmi-note-15-pro,Xiaomi Redmi Note 15 Pro,redstore,Redmi Note 15 Pro 12GB/512GB Titanium Color,512,Titanium,,134000,2026-09-17,https://redstore.am/en/product/xiaomi-redmi-note-15-pro-12gb512gb-titanium-color
xiaomi-redmi-note-15-pro,Xiaomi Redmi Note 15 Pro,redstore,Redmi Note 15 Pro 5G 12GB/256GB Mist Purple,256,Mist Purple,,159000,2026-09-17,https://redstore.am/en/product/xiaomi-redmi-note-15-pro-5g-12gb256gb-mist-purple
xiaomi-redmi-note-15-pro,Xiaomi Redmi Note 15 Pro,vlv,XIAOMI Redmi Note 15 Pro 8/256GB Black,256,Black,,139900,2026-09-17,https://vlv.am/en/Product/43871
xiaomi-redmi-note-15-pro,Xiaomi Redmi Note 15 Pro,vlv,XIAOMI Redmi Note 15 Pro 8/256GB Titanium,256,Titanium,,139900,2026-09-17,https://vlv.am/en/Product/43872
xiaomi-redmi-note-15-pro,Xiaomi Redmi Note 15 Pro,vlv,XIAOMI Redmi Note 15 Pro 12/512GB Black,512,Black,,169900,2026-09-17,https://vlv.am/en/Product/43874
xiaomi-redmi-note-15-pro,Xiaomi Redmi Note 15 Pro,yerevanmobile,Xiaomi Redmi Note 15 Pro 4G,256,,,134000,,
xiaomi-redmi-pad-2,Xiaomi Redmi Pad 2,eldorado,Tablet Xiaomi Redmi Pad 2 9.7 4GB/128GB Graphite Gray RU (2603ARP14G),128,Gray,,74900,2026-09-17,https://eldorado.am/en/tablet-redmi-pad-2-9-7-4gb-128gb-graphite-gray-ru-2603arp14g
xiaomi-redmi-pad-2,Xiaomi Redmi Pad 2,eldorado,Tablet Xiaomi Redmi Pad 2 4GB/128GB RU (25040RP0AG) Lavender Purple,128,Lavender Purple,,85900,2026-09-17,https://eldorado.am/en/tablet-redmi-pad-2-4gb-128gb-ru-25040rp0ag-lavender-purple
xiaomi-redmi-pad-2,Xiaomi Redmi Pad 2,eldorado,Tablet Redmi Pad 2 8GB/256GB Mint Green,256,Green,,104900,2026-09-17,https://eldorado.am/en/redmi-pad-2-8gb-256gb-mint-green
xiaomi-redmi-pad-2,Xiaomi Redmi Pad 2,eldorado,Tablet Xiaomi Redmi Pad 2 8GB/256GB Graphite Gray,256,Gray,,104900,2026-09-17,https://eldorado.am/en/tablet-redmi-pad-2-8gb-256gb-graphite-gray
xiaomi-redmi-pad-2,Xiaomi Redmi Pad 2,eldorado,Tablet Redmi Pad 2 8GB/256GB Lavender Purple,256,Lavender Purple,,104900,2026-09-17,https://eldorado.am/en/redmi-pad-2-8gb-256gb-lavender-purple
xiaomi-redmi-pad-2,Xiaomi Redmi Pad 2,notebookcentre,iPad 11 A16 (2025) WiFi Blue / 256 GB,256,Blue,,,,https://notebookcentre.am/en/category/tablets?brand=19&brand=24&brand=40&brand=20&brand=240&sort=low&product_status=in_stock
xiaomi-redmi-pad-2,Xiaomi Redmi Pad 2,notebookcentre,Xiaomi Redmi Pad 2 9.7 4G (2604ERP4DG),128,,,83900,,
xiaomi-redmi-pad-2,Xiaomi Redmi Pad 2,pixel,Xiaomi Redmi Pad 2 9.7,,,,72900,2026-09-18,https://www.pixel.am/am/product/xiaomi-redmi-pad-2-9-7
xiaomi-redmi-pad-2,Xiaomi Redmi Pad 2,pixel,Xiaomi Redmi Pad 2,256,Gray,,107000,2026-09-18,https://www.pixel.am/am/product/xiaomi-redmi-pad-2
xiaomi-redmi-pad-2,Xiaomi Redmi Pad 2,ucom,Xiaomi Redmi Pad 2 9.7,128,Gray,,83900,2026-09-17,https://shop.ucom.am/am/xiaomi-redmi-pad-2-9-7.html
xiaomi-redmi-pad-2,Xiaomi Redmi Pad 2,vlv,XIAOMI Redmi Pad 2 4/128GB 9.7" Graphite Gray,128,Gray,,82900,2026-09-17,https://vlv.am/en/Product/43520
xiaomi-redmi-pad-2,Xiaomi Redmi Pad 2,vlv,XIAOMI Redmi Pad 2 8/256GB Graphite Gray,256,Gray,,115900,2026-09-17,https://vlv.am/en/Product/42447
xiaomi-redmi-watch-5-lite,Xiaomi Redmi Watch 5 Lite,eldorado,Smart watch Xiaomi Redmi Watch 5 Lite (Black) (M2352W1) BHR8789GL,,Black,,26900,2026-09-17,https://eldorado.am/en/xiaomi-redmi-watch-5-lite-black-m2352w1-bhr8789gl
xiaomi-redmi-watch-5-lite,Xiaomi Redmi Watch 5 Lite,mobilecentre,Xiaomi Redmi Watch 5 Lite Smart Watch (Light Gold),,Light Gold,,23900,2026-09-17,https://mobilecentre.am/product/xiaomi-redmi-watch-5-lite-smart-watch-_light-gold_/34383/
xiaomi-redmi-watch-5-lite,Xiaomi Redmi Watch 5 Lite,mobilecentre,Xiaomi Redmi Watch 5 Lite Smart Watch (Black),,Black,,23900,2026-09-17,https://mobilecentre.am/product/*xiaomi-smart-watch-redmi-watch-5-lite-black-_bhr8789gl_/34382/
xiaomi-redmi-watch-5-lite,Xiaomi Redmi Watch 5 Lite,pixel,Xiaomi Redmi Watch 5 Lite,,Black,,18900,2026-09-18,https://www.pixel.am/am/product/xiaomi-redmi-watch-5-lite
xiaomi-redmi-watch-5-lite,Xiaomi Redmi Watch 5 Lite,redstore,Xiaomi Redmi Watch 5 Lite Light Gold,,Light Gold,,23500,2026-09-17,https://redstore.am/en/product/xiaomi-redmi-watch-5-lite-light-gold
xiaomi-redmibook-14-jyu4618cn,Xiaomi RedmiBook 14 (JYU4618CN),redstore,Xiaomi RedmiBook 14 (JYU4618CN),1024,,,469000,2026-09-17,https://redstore.am/en/product/xiaomi-redmibook-14-jyu4618cn
xiaomi-redmibook-14-jyu4635cn,Xiaomi RedmiBook 14 (JYU4635CN),redstore,Xiaomi RedmiBook 14 (JYU4635CN),1024,,,459000,2026-09-17,https://redstore.am/en/product/xiaomi-redmibook-14-jyu4635cn
xiaomi-redmibook-14-jyu4645cn,Xiaomi RedmiBook 14 (JYU4645CN),redstore,Xiaomi RedmiBook 14 (JYU4645CN),512,,,399000,2026-09-17,https://redstore.am/en/product/xiaomi-redmibook-14-jyu4645cn
xiaomi-redmibook-16-jyu4617cn,Xiaomi RedmiBook 16 (JYU4617CN),redstore,Xiaomi RedmiBook 16 (JYU4617CN),1024,,,469000,2026-09-17,https://redstore.am/en/product/xiaomi-redmibook-16-jyu4617cn
xiaomi-redmibook-16-jyu4639cn,Xiaomi RedmiBook 16 (JYU4639CN),redstore,Xiaomi RedmiBook 16 (JYU4639CN),1024,,,449000,2026-09-17,https://redstore.am/en/product/xiaomi-redmibook-16-jyu4639cn
xiaomi-redmibook-16-jyu4643cn,Xiaomi RedmiBook 16 (JYU4643CN),redstore,Xiaomi RedmiBook 16 (JYU4643CN),512,,,509000,2026-09-17,https://redstore.am/en/product/xiaomi-redmibook-16-jyu4643cn
xiaomi-redmibook-pro-14-jyu4594cn,Xiaomi RedmiBook Pro 14 (JYU4594CN),redstore,Xiaomi RedmiBook Pro 14 (JYU4594CN),512,,,439000,2026-09-17,https://redstore.am/en/product/xiaomi-redmibook-pro-14-jyu4594cn
xiaomi-redmibook-pro-16-jyu4593cn,Xiaomi RedmiBook Pro 16 (JYU4593CN),redstore,Xiaomi RedmiBook Pro 16 (JYU4593CN),1024,,,589000,2026-09-17,https://redstore.am/en/product/xiaomi-redmibook-pro-16-jyu4593cn
xiaomi-redmibook-pro-16-jyu4649cn,Xiaomi RedmiBook Pro 16 (JYU4649CN),redstore,Xiaomi RedmiBook Pro 16 (JYU4649CN),1024,,,599000,2026-09-17,https://redstore.am/en/product/xiaomi-redmibook-pro-16-jyu4649cn
xiaomi-redmibook-pro-16-jyu4650cn,Xiaomi RedmiBook Pro 16 (JYU4650CN),redstore,Xiaomi RedmiBook Pro 16 (JYU4650CN),1024,,,609000,2026-09-17,https://redstore.am/en/product/xiaomi-redmibook-pro-16-jyu4650cn
xiaomi-smart-band-10,Xiaomi Xiaomi Smart Band 10,mobilecentre,Xiaomi Smart Band 10 BHR07PSGL Glacier Silver,,Silver,,21900,2026-09-17,https://mobilecentre.am/product/xiaomi-smart-band-10-bhr07psgl-glacier-silver-/34376/
xiaomi-smart-band-10,Xiaomi Xiaomi Smart Band 10,notebookcentre,Xiaomi Smart Band 10 (Midnight Black) BHR07PYGL,,Black,,25000,,
xiaomi-smart-band-10,Xiaomi Xiaomi Smart Band 10,pixel,Xiaomi Mi Smart Band 10,,,,19900,2026-09-18,https://www.pixel.am/am/product/xiaomi-smart-band-10
xiaomi-smart-band-10,Xiaomi Xiaomi Smart Band 10,yerevanmobile,Xiaomi Smart Band 10,,,,23000,,
yandex-smart-lamp,Yandex Smart Lamp E14,ucom,Yandex Smart Lamp,,,,5900,,https://shop.ucom.am/en/yandex-smart-lamp-00017-e14.html
yandex-station-2,Yandex Station 2,eldorado,Yandex Station 2,,Black,,119900,,https://eldorado.am/en/jandeks-yndx-00051-black
yandex-station-2,Yandex Station 2,ucom,Yandex Station 2,,,,119900,,https://shop.ucom.am/en/yandex-smart-station-2-00051.html
yandex-station-lite,Yandex Station Lite,allsell,Yandex Station Lite YNDX-00025,,,,28900,2026-09-17,https://allsell.am/en/yandex-station-lite-yndx-00025
yandex-station-lite,Yandex Station Lite,allsell,Yandex Station Lite 2 YNDX-00026,,Purple,,39900,2026-09-17,https://allsell.am/en/yandex-station-lite-2-yndx-00026
yandex-station-lite,Yandex Station Lite,eldorado,Smart speaker Yandex Station Lite (YNDX-00025B),,,,31900,2026-09-17,https://eldorado.am/en/jandeks-stancija-lajt-kapuchino-yndx-00025b
yandex-station-lite,Yandex Station Lite,eldorado,Smart speaker Yandex Station Lite (YNDX-00025G) Mint,,Mint,,31900,2026-09-17,https://eldorado.am/en/jandeks-yndx00025gmm-mint
yandex-station-lite,Yandex Station Lite,eldorado,Yandex Station Lite,,Yellow,,51900,,https://eldorado.am/en/jandeks-yndx-00025-yellow
yandex-station-lite,Yandex Station Lite,ibolit,Yandex Smart Station Lite,,,,26900,2026-09-17,https://ibolit.mobi/product/yandex-smart-station-lite/
yandex-station-lite,Yandex Station Lite,ucom,Yandex Station Lite,,,,31900,,https://shop.ucom.am/en/yandex-smart-station-light-00025.html
yandex-station-lite,Yandex Station Lite,ucom,Yandex Station Lite 2,,,,33900,,https://shop.ucom.am/en/yandex-smart-speaker-station-light-2-with-alice-gpt.html
yandex-station-max,Yandex Station Max,eldorado,Yandex Station Max,,Blue,,149900,,https://eldorado.am/en/jandeks-stancija-maks-blue-yndx-0008
yandex-station-max,Yandex Station Max,zigzag,Yandex Station Max,,Graphite,,149900,,https://www.zigzag.am/am/yandex-station-max-yndx-00053-graphite.html
yandex-station-mini,Yandex Station Mini,allsell,Yandex Station Mini Black YNDX-00021,,Black,,38900,2026-09-17,https://allsell.am/en/yandex-station-mini-black-yndx-00021
yandex-station-mini,Yandex Station Mini,allsell,Yandex Station Mini with Clock YNDX-00020,,,,48900,2026-09-17,https://allsell.am/en/yandex-station-mini-with-clock-yndx-00020
yandex-station-mini,Yandex Station Mini,eldorado,Yandex Station Mini with Clock (YNDX-00020G),,,,51900,2026-09-17,https://eldorado.am/en/jandeks-stancija-lajt-mjata-yndx-00025g
yandex-station-mini,Yandex Station Mini,ibolit,Yandex Station Mini,,,,35900,2026-09-17,https://ibolit.mobi/product/yandex-station-mini/
yandex-station-mini,Yandex Station Mini,ucom,Yandex Station Mini,,,,51900,,https://shop.ucom.am/en/speakers.html
yandex-station-mini-3-pro,Yandex Station Mini 3 Pro,redstore,Yandex Station Mini 3 Pro Black,,Black,,79000,2026-09-17,https://redstore.am/en/product/yandex-station-mini-3-pro-black
yandex-station-mini-3-pro,Yandex Station Mini 3 Pro,redstore,Yandex Station Mini 3 Pro Blue,,Blue,,79000,2026-09-17,https://redstore.am/en/product/yandex-station-mini-3-pro-blue
yandex-station-mini-3-pro,Yandex Station Mini 3 Pro,redstore,Yandex Station Mini 3 Pro Gray,,Gray,,79000,2026-09-17,https://redstore.am/en/product/yandex-station-mini-3-pro-gray
yandex-station-mini-3-pro,Yandex Station Mini 3 Pro,redstore,Yandex Station Mini 3 Pro,,Gray,,79000,,https://redstore.am/product/yandex-station-mini-3-pro-gray
yandex-station-street,Yandex Station Street,notebookcentre,Yandex Station Street,,,,99900,,https://notebookcentre.am/en/product/yandex-smart-station-street-yndx-00030
yandex-station-street,Yandex Station Street,redstore,Yandex Station Street Black,,Black,,79000,2026-09-17,https://redstore.am/en/product/yandex-station-street-black
yandex-station-street,Yandex Station Street,redstore,Yandex Station Street Green,,Green,,79000,2026-09-17,https://redstore.am/en/product/yandex-station-street-green
yandex-station-street,Yandex Station Street,zigzag,Yandex Station Street,,Green,,129000,,https://www.zigzag.am/en/yandex-smart-station-street-yndx-00030-green.html
