shop,title,capacity,color,url,price
eldorado,ASUS Vivobook 15X OLED M1503,512,,https://eldorado.am/en/asus-vivobook-15x-oled-m1503-m1503ia-l1018-90nb0y61-m00590,214900
eldorado,ASUS Zenbook 14 OLED UM3402YA,512,,https://eldorado.am/en/asus-zenbook-14-oled-um3402ya-kp290-90nb0w95-m00j70,329900
eldorado,ASUS Vivobook S 15 OLED M3502QA,1024,,https://eldorado.am/en/asus-vivobook-s-15-oled-m3502qa-ma153-16-gb-1-tb-90nb0xx1-m006s0,329900
eldorado,ASUS Zenbook 14 OLED UX3405M,1024,,https://eldorado.am/en/asus-zenbook-14-oled-ux3405m-ux3405ma-pp136w-90nb11r1-m005r0,647900
eldorado,Beats Studio Buds +,,Black,https://eldorado.am/en/beats-studio-buds-true-wireless-noise-cancelling-earbuds-black-gold-model-a2872-a2871-a2870,76900
eldorado,JBL PartyBox On-The-Go,,,https://eldorado.am/en/shopbrand/jbl,149900
eldorado,Marshall Major V,,Black,https://eldorado.am/en/shop-by-brand/marshall,46900
eldorado,Sennheiser Momentum 4,,Graphite,https://eldorado.am/en/shopbrand/sennheiser,139900
eldorado,Sonos Arc,,Black,https://eldorado.am/en/shopbrand/sonos,429900
ibolit,JBL PartyBox Ultimate,,,https://ibolit.mobi/product-category/audio/,559900
ibolit,iPhone 17,512,White,https://ibolit.mobi/product/iphone-17-512-sim-white/,445000
ibolit,iPhone 17 Pro,256,Silver,https://ibolit.mobi/product/iphone-17-pro-256gb-esim-silver/,519000
ibolit,iPhone 17 Pro Max,256,Deep Blue,https://ibolit.mobi/product/iphone-17-pro-max-256gb-esim-deep-blue/,549000
ibolit,iPhone 17 Pro Max,256,Cosmic Orange,https://ibolit.mobi/product/iphone-17-pro-max-256gb-esim-orange/,549000
ibolit,Samsung Galaxy S26,256,Cobalt Violet,https://ibolit.mobi/product/samsung-galaxy-s26-12gb-256gb-cobalt-violet/,309000
mobilecentre,Apple MacBook Neo 13,256,Silver,https://www.mobilecentre.am/category/computers/144/0/,339900
mobilecentre,Apple MacBook Neo 13,256,Citrus,https://www.mobilecentre.am/category/computers/144/0/,339900
mobilecentre,Apple MacBook Neo 13,256,Blush,https://www.mobilecentre.am/category/computers/144/0/,339900
mobilecentre,Apple MacBook Neo 13,256,Indigo,https://www.mobilecentre.am/category/computers/144/0/,339900
mobilecentre,Samsung Galaxy S26,256,Black,https://www.mobilecentre.am/product/samsung-galaxy-s26-256gb-_black_/33476/,348900
mobilecentre,Samsung Galaxy S26,256,White,https://www.mobilecentre.am/product/samsung-galaxy-s26-256gb-_white_/33482/,348900
mobilecentre,Samsung Galaxy S26 FE,128,Black,https://www.mobilecentre.am/product/samsung-galaxy-s26-fe-128gb-_black_/34413/,336900
mobilecentre,Samsung Galaxy S26 FE,128,Light Green,https://www.mobilecentre.am/product/samsung-galaxy-s26-fe/34412/,336900
mobilecentre,Samsung Galaxy S26 FE,128,Violet,https://www.mobilecentre.am/product/samsung-galaxy-s26-fe-128gb-_violet_/34414/,336900
mobilecentre,Samsung Galaxy S26 FE,256,Black,https://www.mobilecentre.am/product/samsung-galaxy-s26-fe-256gb-_black_/34418/,383900
mobilecentre,Samsung Galaxy S26 FE,256,Light Green,https://www.mobilecentre.am/product/samsung-galaxy-s26-fe-256gb-_light-green_/34420/,383900
mobilecentre,Samsung Galaxy S26 FE,256,Violet,https://www.mobilecentre.am/product/samsung-galaxy-s26-fe-256gb-_violet_/34419/,383900
mobilecentre,Samsung Galaxy S26 FE,512,Black,https://www.mobilecentre.am/product/samsung-galaxy-s26-fe-512gb-_black_/34415/,454900
mobilecentre,Samsung Galaxy S26 FE,512,Light Green,https://www.mobilecentre.am/product/samsung-galaxy-s26-fe-512gb-_light-green_/34417/,454900
mobilecentre,Samsung Galaxy S26 FE,512,Violet,https://www.mobilecentre.am/product/samsung-galaxy-s26-fe-512gb-_violet_/34416/,454900
mobilecentre,Samsung Galaxy S26 Ultra,1024,Sky Blue,https://www.mobilecentre.am/product/samsung-galaxy-s26-ultra-1tb-_sky-blue_/33502/,799900
mobilecentre,Samsung Galaxy S26 Ultra,256,Sky Blue,https://www.mobilecentre.am/product/samsung-galaxy-s26-ultra-256gb-_sky-blue_/33508/,479900
mobilecentre,Samsung Galaxy S26 Ultra,256,White,https://www.mobilecentre.am/product/samsung-galaxy-s26-ultra-256gb-_white_/33510/,479900
mobilecentre,Samsung Galaxy S26 Ultra,512,Black,https://www.mobilecentre.am/product/samsung-galaxy-s26-ultra-512gb-_black_/33512/,569900
mobilecentre,Samsung Galaxy Z Flip 7,256,Jet Black,https://www.mobilecentre.am/product/samsung-galaxy-z-flip-7-256gb-_jetblack_/33538/,302900
mobilecentre,Samsung Galaxy Z Flip 7 FE,128,White,https://www.mobilecentre.am/product/samsung-galaxy-z-flip-7-fe-128gb-_white_/33552/,260900
mobilecentre,Samsung Galaxy Z Flip 8,256,Cream,https://www.mobilecentre.am/product/samsung-galaxy-z-flip-8-256gb-_cream_/33544/,544900
mobilecentre,Samsung Galaxy Z Flip 8,256,Graphite,https://www.mobilecentre.am/product/samsung-galaxy-z-flip-8-256gb-_graphite_/33542/,544900
mobilecentre,Samsung Galaxy Z Flip 8,256,Pink,https://www.mobilecentre.am/product/samsung-galaxy-z-flip-8-256gb-_pink_/33540/,544900
mobilecentre,Samsung Galaxy Z Flip 8,512,Graphite,https://www.mobilecentre.am/product/samsung-galaxy-z-flip-8-512gb-_graphite_/33548/,639900
mobilecentre,Samsung Galaxy Z Flip 8,512,Pink,https://www.mobilecentre.am/product/samsung-galaxy-z-flip-8-512gb-_pink_/33546/,639900
pixel,iPhone 17 Pro,1024,,https://www.pixel.am/en/product/iphone-17-pro,521000
pixel,iPhone 17 Pro Max,1024,Cosmic Orange,https://www.pixel.am/en/product/iphone-17-pro-max,949000
pixel,iPhone 17 Pro Max,512,Black,https://www.pixel.am/en/product/iphone-17-pro-max,559000
pixel,iPhone 17 Pro Max,512,Blue,https://www.pixel.am/en/product/iphone-17-pro-max,715000
pixel,Sony PS5 Pro,2048,White,https://www.pixel.am/en/product/sony-ps5-pro-digital-edition-white,529000
pixel,Sony PS5 Slim,1024,,https://www.pixel.am/en/product/sony-ps5-slim-digital-edition-eu,309000
redstore,Asus Rog Strix G16,1024,,https://redstore.am/en/product/asus-rog-strix-g614jvr-es94,899000
redstore,Google Pixel 11 Pro XL,256,Obsidian,https://redstore.am/en/product/google-pixel-11-pro-xl-12gb256gb-obsidian,599000
redstore,Google Pixel 11 Pro XL,256,Olive,https://redstore.am/en/product/google-pixel-11-pro-xl-12gb256gb-olive,599000
redstore,Honor X9C,256,Titanium Black,https://redstore.am/product/honor-x9c-12gb256gb-titanium-black,159000
redstore,Honor X9C,256,Jade Cyan,https://redstore.am/en/product/honor-x9c-8gb256gb-jade-cyan,124000
redstore,Lenovo Legion Pro 5,1024,,https://redstore.am/en/product/lenovo-legion-pro-5-16iax10,799000
redstore,OnePlus Nord 6,256,Fresh Mint,https://redstore.am/en/product/oneplus-nord-6-8gb256gb-fresh-mint,219000
redstore,OnePlus Nord 6,256,Quick Silver,https://redstore.am/en/product/oneplus-nord-6-8gb256gb-quick-silver,219000
redstore,Xbox Series X,1024,Black,https://redstore.am/en/product/xbox-series-x-1tb-ssd-black,349000
redstore,Xiaomi 17T Pro,256,Deep Violet,https://redstore.am/en/product/xiaomi-17t-pro-12gb256gb-deep-violet,399000
redstore,iPhone Air,256,Space Black,https://redstore.am/en/product/iphone-air-256gb-space-black,395000
telecom,Google Pixel 10,256,,https://www.telecomarmenia.am/eshop/en/smartphones/google-pixel10-12-256gb-indigo/2682/,399900
telecom,Google Pixel 10a,128,,https://www.telecomarmenia.am/eshop/en/smartphones/google-pixel-10a-8-128gb-obsidian/2670/,299900
telecom,Samsung Galaxy A37,128,,https://www.telecomarmenia.am/eshop/en/smartphones/samsung-a37-6-128-graygreen/2720/,134900
zigzag,Asus Vivobook 16 OLED,1024,Matte Gray,https://www.zigzag.am/en/asus-vivobook-16-oled-ultra-7-255h-16gb-1tb-matte-gray-90nb16i2-m00640.html,458000
zigzag,Asus ZenBook 14 OLED,512,Jasper Gray,https://www.zigzag.am/en/asus-zenbook-14-oled-touch-ultra-7-265h-16gb-512gb-w11-jasper-gray-ux3405ca-u7512.html,539000
zigzag,Dyson Airwrap HS09,,Amber Silk,https://www.zigzag.am/am/dyson-airwrap-hs09-multi-styler-amber-silk.html,329000
zigzag,Dyson Gen5 Detect,,Prussian Blue,https://www.zigzag.am/am/dyson-gen5-detect-sv23-absolute-prussian-blue-copper-447002.html,435000
zigzag,HP OmniBook Ultra Flip,512,Gray,https://www.zigzag.am/en/hp-omnibook-ultra-flip-14-oled-ultra-5-226v-16gb-512gb-w11h-gray-b5dx5ea.html,759000
zigzag,Nothing Phone 3,512,Black,https://www.zigzag.am/en/nothing-phone-3-16-512-black-6974434226173.html,379000
zigzag,Sony WH-1000XM6,,Black,https://www.zigzag.am/en/sony-wh-1000xm6-bme.html,221900
ucom,Samsung Galaxy A55,128,,https://shop.ucom.am/en/samsung-galaxy-a55.html,134900
redstore,Samsung Galaxy Z Flip 7 FE,256,Black,https://redstore.am/en/product/samsung-galaxy-z-flip-7-fe-8gb256gb-black,329000
eldorado,Yandex Station 2,,Black,https://eldorado.am/en/jandeks-yndx-00051-black,119900
eldorado,Yandex Station Lite,,Yellow,https://eldorado.am/en/jandeks-yndx-00025-yellow,51900
eldorado,Yandex Station Max,,Blue,https://eldorado.am/en/jandeks-stancija-maks-blue-yndx-0008,149900
redstore,Yandex Station Mini 3 Pro,,Black,https://redstore.am/en/product/yandex-station-mini-3-pro-black,79000
redstore,Yandex Station Mini 3 Pro,,Gray,https://redstore.am/product/yandex-station-mini-3-pro-gray,79000
zigzag,Yandex Station Street,,Green,https://www.zigzag.am/en/yandex-smart-station-street-yndx-00030-green.html,129000
zigzag,Yandex Station Max,,Graphite,https://www.zigzag.am/am/yandex-station-max-yndx-00053-graphite.html,149900
ucom,Yandex Station Mini,,,https://shop.ucom.am/en/speakers.html,51900
ucom,Yandex Station 2,,,https://shop.ucom.am/en/yandex-smart-station-2-00051.html,119900
ucom,Yandex Station Lite,,,https://shop.ucom.am/en/yandex-smart-station-light-00025.html,31900
ucom,Yandex Smart Lamp,,,https://shop.ucom.am/en/yandex-smart-lamp-00017-e14.html,5900
redstore,Samsung Galaxy Watch 7,44,Cream,https://redstore.am/en/categories/smart-watches,129000
redstore,Apple Watch Series 10,46,Jet Black,https://redstore.am/en/categories/smart-watches,189000
redstore,Apple iPad Air 11 M4,128,Blue,https://redstore.am/en/product/ipad-air-11-128gb-wifi-2026-blue,329000
redstore,Apple iPad Pro 11 M4,512,Space Black,https://redstore.am/en/product/ipad-pro-11-512gb-wifi-2024-space-black,509000
pixel,Sony PS5 Slim Digital,1024,,https://www.pixel.am/en/product/sony-ps5-slim-digital-edition-eu,309000
pixel,Sony PS5 Pro,2048,White,https://www.pixel.am/en/product/sony-ps5-pro-digital-edition-white,529000
ibolit,Bang Olufsen Beosound Balance,,Natural Oak,https://ibolit.mobi/product-category/audio/,1469000
zigzag,Sony WH-1000XM6,,Black,https://www.zigzag.am/en/sony-wh-1000xm6-bme.html,221900
allsell,OnePlus Nord 6,256,,https://allsell.am/en/phones,216700
miarmenia,Xiaomi 17T Pro,256,,https://miarmenia.am/ru/collection/smartphones/1,327900
miarmenia,Xiaomi 17T Pro,512,,https://miarmenia.am/ru/collection/smartphones/1,346900
allsell,Google Pixel 11 Pro XL,256,,https://allsell.am/en/phones,587700
pixel,Nothing Phone 3,256,,https://www.pixel.am/en/brand/nothing,399000
redstore,iPhone 17 256GB Black,256,Black,https://redstore.am/en/product/iphone-17-256gb-black,378000
redstore,iPhone 17 256GB Black eSim,256,Black,https://redstore.am/en/product/iphone-17-256gb-black-esim,364000
redstore,iPhone 17 256GB White,256,White,https://redstore.am/en/product/iphone-17-256gb-white,378000
redstore,iPhone 17 256GB Sage eSim,256,Sage,https://redstore.am/en/product/iphone-17-256gb-sage-esim,378000
redstore,iPhone 17 Pro 256GB Silver,256,Silver,https://redstore.am/en/product/iphone-17-pro-256gb-silver,529000
redstore,iPhone 17 Pro 256GB Deep Blue,256,Deep Blue,https://redstore.am/en/product/iphone-17-pro-256gb-deep-blue,529000
redstore,iPhone 17 Pro 256GB Deep Blue eSim,256,Deep Blue,https://redstore.am/en/product/iphone-17-pro-256gb-deep-blue-esim,488000
redstore,iPhone 17 Pro 256GB Cosmic Orange Dual,256,Cosmic Orange,https://redstore.am/en/product/iphone-17-pro-256gb-cosmic-orange-dual,559000
redstore,iPhone 17 Pro 512GB Silver,512,Silver,https://redstore.am/en/product/iphone-17-pro-512gb-silver,618000
redstore,iPhone 17 Pro 512GB Silver eSim,512,Silver,https://redstore.am/en/product/iphone-17-pro-512gb-silver-esim,575000
redstore,iPhone 17 Pro 1TB Deep Blue,1024,Deep Blue,https://redstore.am/en/product/iphone-17-pro-1tb-deep-blue,744000
redstore,iPhone 17 Pro Max 256GB Silver,256,Silver,https://redstore.am/en/product/iphone-17-pro-max-256gb-silver,575000
redstore,iPhone 17 Pro Max 256GB Silver eSim,256,Silver,https://redstore.am/en/product/iphone-17-pro-max-256gb-silver-esim,575000
redstore,iPhone 17 Pro Max 256GB Deep Blue,256,Deep Blue,https://redstore.am/en/product/iphone-17-pro-max-256gb-deep-blue,575000
redstore,iPhone 17 Pro Max 256GB Deep Blue eSim,256,Deep Blue,https://redstore.am/en/product/iphone-17-pro-max-256gb-deep-blue-esim,525000
redstore,iPhone 17 Pro Max 256GB Cosmic Orange,256,Cosmic Orange,https://redstore.am/en/product/iphone-17-pro-max-256gb-cosmic-orange,575000
redstore,iPhone 17 Pro Max 256GB Cosmic Orange eSim,256,Cosmic Orange,https://redstore.am/en/product/iphone-17-pro-max-256gb-cosmic-orange-esim,525000
redstore,iPhone 17 Pro Max 512GB Silver,512,Silver,https://redstore.am/en/product/iphone-17-pro-max-512gb-silver,695000
redstore,iPhone 17 Pro Max 512GB Silver eSim,512,Silver,https://redstore.am/en/product/iphone-17-pro-max-512gb-silver-esim,625000
redstore,iPhone 17 Pro Max 512GB Deep Blue eSim,512,Deep Blue,https://redstore.am/en/product/iphone-17-pro-max-512gb-deep-blue-esim,625000
redstore,iPhone 17 Pro Max 1TB Silver,1024,Silver,https://redstore.am/en/product/iphone-17-pro-max-1tb-silver,788000
redstore,iPhone 17 Pro Max 1TB Cosmic Orange,1024,Cosmic Orange,https://redstore.am/en/product/iphone-17-pro-max-1tb-cosmic-orange,788000
redstore,iPhone 17 Pro Max 2TB Silver,2048,Silver,https://redstore.am/en/product/iphone-17-pro-max-2tb-silver,958000
redstore,iPhone 16 128GB Pink,128,Pink,https://redstore.am/en/product/iphone-16-128gb-pink,303000
redstore,iPhone 16 128GB White,128,White,https://redstore.am/en/product/iphone-16-128gb-white,303000
redstore,iPhone 16 128GB Black,128,Black,https://redstore.am/en/product/iphone-16-128gb-black,303000
redstore,iPhone 16 128GB Teal,128,Teal,https://redstore.am/en/product/iphone-16-128gb-teal,303000
redstore,iPhone 16 128GB Ultramarine,128,Ultramarine,https://redstore.am/en/product/iphone-16-128gb-ultramarine,303000
redstore,iPhone 16 Plus 256GB Pink,256,Pink,https://redstore.am/en/product/iphone-16-plus-256gb-pink,429000
redstore,iPhone 16 Pro 128GB Black Titanium Dual,128,Black Titanium,https://redstore.am/en/product/iphone-16-pro-128gb-black-titanium-dual,445000
redstore,iPhone 16 Pro 128GB Natural Titanium Dual,128,Natural Titanium,https://redstore.am/en/product/iphone-16-pro-128gb-natural-titanium-dual,445000
redstore,iPhone 16 Pro 128GB White Titanium Dual,128,White Titanium,https://redstore.am/en/product/iphone-16-pro-128gb-white-titanium-dual,445000
redstore,iPhone 16 Pro Max 512GB Black Titanium,512,Black Titanium,https://redstore.am/en/product/iphone-16-pro-max-512gb-black-titanium,589000
redstore,iPhone 16 Pro Max 512GB Black Titanium eSim,512,Black Titanium,https://redstore.am/en/product/iphone-16-pro-max-512gb-black-titanium-esim,589000
redstore,iPhone 16 Pro Max 1TB White Titanium,1024,White Titanium,https://redstore.am/en/product/iphone-16-pro-max-1tb-white-titanium,669000
redstore,iPhone 16 Pro Max 1TB Black Titanium,1024,Black Titanium,https://redstore.am/en/product/iphone-16-pro-max-1tb-black-titanium,669000
redstore,Samsung Galaxy S26 12GB/256GB Black,256,Black,https://redstore.am/en/product/samsung-galaxy-s26-12gb256gb-black,299000
redstore,Samsung Galaxy S26 12GB/512GB Black,512,Black,https://redstore.am/en/product/samsung-galaxy-s26-12gb512gb-black,339000
redstore,Samsung Galaxy S26 12GB/512GB Cobalt Violet,512,Cobalt Violet,https://redstore.am/product/samsung-galaxy-s26-12gb512gb-cobalt-violet,339000
redstore,Samsung Galaxy S26 FE 8GB/256GB Graphite,256,Graphite,https://redstore.am/en/product/samsung-galaxy-s26-fe-8gb256gb-graphite,289000
redstore,Samsung Galaxy S26 Ultra 12GB/256GB Blue,256,Blue,https://redstore.am/en/product/samsung-galaxy-s26-ultra-12gb256gb-blue,379000
redstore,Samsung Galaxy S26 Ultra 12GB/512GB Black,512,Black,https://redstore.am/en/product/samsung-galaxy-s26-ultra-12gb512gb-black,469000
redstore,Samsung Galaxy S26 Ultra 12GB/512GB Cobalt Violet,512,Cobalt Violet,https://redstore.am/en/product/samsung-galaxy-s26-ultra-12gb512gb-cobalt-violet,469000
redstore,Samsung Galaxy S26 Ultra 16GB/1TB Black,1024,Black,https://redstore.am/en/product/samsung-galaxy-s26-ultra-16gb1tb-black,629000
redstore,Samsung Galaxy S25 12GB/128GB Icy Blue,128,Icy Blue,https://redstore.am/en/product/samsung-galaxy-s25-12gb128gb-icy-blue,239000
redstore,Samsung Galaxy S25 12GB/128GB Mint,128,Mint,https://redstore.am/en/product/samsung-galaxy-s25-12gb128gb-mint,239000
redstore,Samsung Galaxy S25 12GB/256GB Silver Shadow,256,Silver Shadow,https://redstore.am/en/product/samsung-galaxy-s25-12gb256gb-silver-shadow,259000
redstore,Samsung Galaxy S25 FE 8GB/256GB Navy,256,Navy,https://redstore.am/en/product/samsung-galaxy-s25-fe-8gb256gb-navy,229000
redstore,Samsung Galaxy S25 FE 8GB/256GB White,256,White,https://redstore.am/en/product/samsung-galaxy-s25-fe-8gb256gb-white,229000
redstore,Samsung Galaxy S25 FE 8GB/256GB Jetblack,256,Jetblack,https://redstore.am/en/product/samsung-galaxy-s25-fe-8gb256gb-jetblack,229000
redstore,Samsung Galaxy S25 Ultra 12GB/256GB Titanium Black,256,Titanium Black,https://redstore.am/en/product/samsung-galaxy-s25-ultra-12gb256gb-titanium-black,359000
redstore,Samsung Galaxy S25 Ultra 12GB/512GB Titanium Gray,512,Titanium Gray,https://redstore.am/en/product/samsung-galaxy-s25-ultra-12gb512gb-titanium-gray,409000
redstore,Samsung Galaxy S25 Ultra 12GB/512GB Titanium Silver Blue,512,Titanium Silver Blue,https://redstore.am/en/product/samsung-galaxy-s25-ultra-12gb512gb-titanium-silver-blue-1,409000
redstore,Samsung Galaxy S25 Ultra 12GB/512GB Titanium White Silver,512,Titanium White Silver,https://redstore.am/en/product/samsung-galaxy-s25-ultra-12gb512gb-titanium-white-silver,409000
redstore,Samsung Galaxy S25 Edge 12GB/256GB Titanium Icyblue,256,Titanium Icyblue,https://redstore.am/en/product/samsung-galaxy-s25-edge-12gb256gb-titanium-icyblue,329000
redstore,Samsung Galaxy S25 Edge 12GB/512GB Titanium Jetblack,512,Titanium Jetblack,https://redstore.am/en/product/samsung-galaxy-s25-edge-12gb512gb-titanium-jetblack,389000
redstore,Samsung Galaxy A57 8GB/128GB Gray,128,Gray,https://redstore.am/en/product/samsung-galaxy-a57-8gb128gb-gray,149000
redstore,Samsung Galaxy A57 8GB/128GB Navy,128,Navy,https://redstore.am/en/product/samsung-galaxy-a57-8gb128gb-navy,149000
redstore,Samsung Galaxy A57 8GB/128GB Lilac,128,Lilac,https://redstore.am/en/product/samsung-galaxy-a57-8gb128gb-lilac,149000
redstore,Samsung Galaxy A57 8GB/128GB Icyblue,128,Icyblue,https://redstore.am/en/product/samsung-galaxy-a57-8gb128gb-icyblue,149000
redstore,Samsung Galaxy A57 8GB/256GB Gray,256,Gray,https://redstore.am/en/product/samsung-galaxy-a57-8gb256gb-gray,167000
redstore,Samsung Galaxy A57 8GB/256GB Navy,256,Navy,https://redstore.am/en/product/samsung-galaxy-a57-8gb256gb-navy,167000
redstore,Samsung Galaxy A57 8GB/256GB Icyblue,256,Icyblue,https://redstore.am/en/product/samsung-galaxy-a57-8gb256gb-icyblue,167000
redstore,Samsung Galaxy A57 8GB/256GB Lilac,256,Lilac,https://redstore.am/en/product/samsung-galaxy-a57-8gb256gb-lilac,167000
redstore,Samsung Galaxy A57 12GB/256GB Gray,256,Gray,https://redstore.am/en/product/samsung-galaxy-a57-12gb256gb-gray,189000
redstore,Samsung Galaxy A57 12GB/256GB Navy,256,Navy,https://redstore.am/en/product/samsung-galaxy-a57-12gb256gb-navy,189000
redstore,Samsung Galaxy A57 12GB/256GB Icyblue,256,Icyblue,https://redstore.am/en/product/samsung-galaxy-a57-12gb256gb-icyblue,189000
redstore,Samsung Galaxy A57 12GB/256GB Lilac,256,Lilac,https://redstore.am/en/product/samsung-galaxy-a57-12gb256gb-lilac,189000
redstore,Samsung Galaxy A56 8GB/128GB Graphite,128,Graphite,https://redstore.am/en/product/samsung-galaxy-a56-8gb128gb-graphite,142000
redstore,Samsung Galaxy A56 8GB/128GB Light Gray,128,Light Gray,https://redstore.am/en/product/samsung-galaxy-a56-8gb128gb-light-gray,142000
redstore,Samsung Galaxy A56 8GB/128GB Pink,128,Pink,https://redstore.am/en/product/samsung-galaxy-a56-8gb128gb-pink,142000
redstore,Samsung Galaxy A56 8GB/256GB Graphite,256,Graphite,https://redstore.am/en/product/samsung-galaxy-a56-8gb256gb-graphite,144000
redstore,Samsung Galaxy A56 8GB/256GB Light Gray,256,Light Gray,https://redstore.am/en/product/samsung-galaxy-a56-8gb256gb-light-gray,144000
redstore,Samsung Galaxy A56 8GB/256GB Olive,256,Olive,https://redstore.am/en/product/samsung-galaxy-a56-8gb256gb-olive,144000
redstore,Samsung Galaxy A56 8GB/256GB Pink,256,Pink,https://redstore.am/en/product/samsung-galaxy-a56-8gb256gb-pink,144000
redstore,Samsung Galaxy A56 12GB/256GB Light Gray,256,Light Gray,https://redstore.am/en/product/samsung-galaxy-a56-12gb256gb-light-gray,169000
redstore,Samsung Galaxy A56 12GB/256GB Olive,256,Olive,https://redstore.am/en/product/samsung-galaxy-a56-12gb256gb-olive,169000
redstore,Samsung Galaxy A36 8GB/128GB Lavender,128,Lavender,https://redstore.am/en/product/samsung-galaxy-a36-8gb128gb-lavender,109000
redstore,Samsung Galaxy A36 8GB/128GB Lime,128,Lime,https://redstore.am/en/product/samsung-galaxy-a36-8gb128gb-lime,109000
redstore,Samsung Galaxy A36 8GB/128GB White,128,White,https://redstore.am/en/product/samsung-galaxy-a36-8gb128gb-white,109000
redstore,Samsung Galaxy A36 8GB/256GB Lime,256,Lime,https://redstore.am/en/product/samsung-galaxy-a36-8gb256gb-lime,124000
redstore,Samsung Galaxy A36 8GB/256GB White,256,White,https://redstore.am/en/product/samsung-galaxy-a36-8gb256gb-white,124000
redstore,Samsung Galaxy A26 6GB/128GB Black,128,Black,https://redstore.am/en/product/samsung-galaxy-a26-6gb128gb-black,85000
redstore,Samsung Galaxy A26 6GB/128GB Peach Pink,128,Peach Pink,https://redstore.am/en/product/samsung-galaxy-a26-6gb128gb-peach-pink,85000
redstore,Samsung Galaxy A26 6GB/128GB White,128,White,https://redstore.am/en/product/samsung-galaxy-a26-6gb128gb-white,85000
redstore,Samsung Galaxy A26 8GB/256GB Black,256,Black,https://redstore.am/en/product/samsung-galaxy-a26-8gb256gb-black,99000
redstore,Samsung Galaxy A26 8GB/256GB Peach Pink,256,Peach Pink,https://redstore.am/en/product/samsung-galaxy-a26-8gb256gb-peach-pink,99000
redstore,Samsung Galaxy A26 8GB/256GB Mint,256,Mint,https://redstore.am/en/product/samsung-galaxy-a26-8gb256gb-mint,99000
redstore,Samsung Galaxy A27 8GB/256GB Blue,256,Blue,https://redstore.am/en/product/samsung-galaxy-a27-8gb256gb-blue,125000
pixel,iPhone 17e,128,,https://www.pixel.am/en/product/iphone-17e,279000
pixel,iPhone 17 512GB,512,,https://www.pixel.am/en/product/iphone-17,465000
pixel,iPhone 17 Pro Max,256,,https://www.pixel.am/en/product/iphone-17-pro-max,514000
pixel,iPhone 17 Pro,256,,https://www.pixel.am/en/product/iphone-17-pro,474000
pixel,iPhone 17,256,Black,https://www.pixel.am/en/product/iphone-17,344000
pixel,iPhone Air,256,,https://www.pixel.am/en/product/iphone-air,384000
pixel,Samsung Galaxy Z Fold 8 Ultra,512,,https://www.pixel.am/en/product/samsung-galaxy-z-fold-8-ultra,788000
pixel,Samsung Galaxy Z Flip 8,256,,https://www.pixel.am/en/product/samsung-galaxy-z-flip-8,479000
pixel,Samsung Galaxy Z Fold 8,256,,https://www.pixel.am/en/product/samsung-galaxy-z-fold-8,688000
pixel,Samsung Galaxy A27,128,,https://www.pixel.am/en/product/samsung-galaxy-a27,109000
pixel,Samsung Galaxy A57,128,,https://www.pixel.am/en/product/samsung-galaxy-a57,149000
pixel,Samsung Galaxy A37,128,,https://www.pixel.am/en/product/samsung-galaxy-a37,124000
pixel,Samsung Galaxy A17,128,,https://www.pixel.am/en/product/samsung-galaxy-a17,68900
pixel,Samsung Galaxy A07,64,,https://www.pixel.am/en/product/samsung-galaxy-a07,42900
pixel,Samsung Galaxy A56,128,,https://www.pixel.am/en/product/samsung-galaxy-a56,159900
pixel,Samsung Galaxy A36,128,,https://www.pixel.am/en/product/samsung-galaxy-a36,129900
pixel,Samsung Galaxy A16,128,,https://www.pixel.am/en/product/samsung-galaxy-a16,56900
pixel,Samsung Galaxy S25,128,,https://www.pixel.am/en/product/samsung-galaxy-s25,273000
pixel,Samsung Galaxy S25 FE,128,,https://www.pixel.am/en/product/samsung-galaxy-s25-fe,226000
pixel,Samsung Galaxy S25 Plus,256,,https://www.pixel.am/en/product/samsung-galaxy-s25-plus,349000
pixel,Samsung Galaxy S25 Ultra,256,,https://www.pixel.am/en/product/samsung-galaxy-s25-ultra,409000
pixel,Samsung Galaxy S26,256,,https://www.pixel.am/en/product/samsung-galaxy-s26,399000
pixel,Samsung Galaxy S26 Plus,256,,https://www.pixel.am/en/product/samsung-galaxy-s26-plus,456000
pixel,Samsung Galaxy S26 Ultra,256,,https://www.pixel.am/en/product/samsung-galaxy-s26-ultra,399000
pixel,Xiaomi 17 Pro Max 12/512GB Green,512,Green,https://www.pixel.am/en/product/xiaomi-17-pro-max-12-512gb-green,559000
pixel,Xiaomi 17 Pro Max 12/512GB White,512,White,https://www.pixel.am/en/product/xiaomi-17-pro-max-12-512gb-white,559000
pixel,Xiaomi 17 Pro Max 12/512GB Purple,512,Purple,https://www.pixel.am/en/product/xiaomi-17-pro-max-12-512gb-purple,559000
ucom,iPhone 16,128,,https://shop.ucom.am/en/iphone-16.html,351900
ucom,iPhone 16 (AM),128,,https://shop.ucom.am/am/iphone-16.html,351900
ucom,iPhone 17,256,Black,https://shop.ucom.am/en/iphone-17.html,499900
ucom,iPhone 17 (SIM),256,Black,https://shop.ucom.am/en/iphone17.html,399900
ucom,iPhone 17 (eSIM),256,Black,https://shop.ucom.am/en/iphone17.html,359900
ucom,iPhone 17 Pro,256,,https://shop.ucom.am/en/iphone-17-pro.html,550900
ucom,iPhone 17 Pro (Cash),256,,https://shop.ucom.am/am/iphone-17-pro.html,612900
ucom,iPhone 17 Pro Max,256,,https://shop.ucom.am/en/iphone-17-pro-max.html,598900
ucom,iPhone 17 Pro Max (Alt),256,,https://shop.ucom.am/en/iphone-17-pro-max.html,596000
ucom,iPhone 17e,128,Black,https://shop.ucom.am/en/iphone-17e.html,299900
ucom,iPhone Air 256GB,256,,https://shop.ucom.am/en/iphone-air.html,395900
ucom,iPhone Air 512GB,512,,https://shop.ucom.am/en/iphone-air.html,445900
ucom,Samsung Galaxy S25,128,,https://shop.ucom.am/en/samsung-galaxy-s25.html,319900
ucom,Samsung Galaxy S25 Plus,256,,https://shop.ucom.am/en/samsung-galaxy-s25-plus.html,374900
ucom,Samsung Galaxy S26,256,,https://shop.ucom.am/en/samsung-galaxy-s26.html,348900
ucom,Samsung Galaxy S26 FE,128,,https://shop.ucom.am/en/smartphones.html,336900
ucom,Samsung Galaxy A57,256,,https://shop.ucom.am/en/samsung-galaxy-57.html,166900
ucom,Samsung Galaxy A16,128,,https://shop.ucom.am/en/samsung-galaxy-a16.html,74900
ucom,Samsung Galaxy A07,64,,https://shop.ucom.am/en/samsung-galaxy-a07.html,49900
zigzag,Samsung Galaxy S26 Ultra 512GB,512,Black,https://www.zigzag.am/am/samsung-galaxy-s26-ultra-12gb-512gb-black.html,569000
zigzag,Samsung Galaxy S26 Ultra Violet,256,Cobalt Violet,https://www.zigzag.am/am/samsung-galaxy-s26-ultra-12gb-256gb-cobalt-violet.html,499000
zigzag,Samsung Galaxy S26 Ultra Black,256,Black,https://www.zigzag.am/am/samsung-galaxy-s26-ultra-12gb-256gb-black.html,499000
zigzag,Samsung Galaxy A57 5G,128,Awesome Navy,https://www.zigzag.am/am/samsung-galaxy-a57-8gb-128gb-awesome-navy.html,165000
mobilecentre,Samsung Galaxy A27 256GB Light Pink,256,Light Pink,https://www.mobilecentre.am/product/samsung-galaxy-a27-256gb-_light-pink_/34422/,141900
mobilecentre,Samsung Galaxy A27 256GB Black,256,Black,https://www.mobilecentre.am/product/samsung-galaxy-a27-256gb-_black_/34423/,141900
mobilecentre,Samsung Galaxy A27 256GB Blue,256,Blue,https://www.mobilecentre.am/product/samsung-galaxy-a27-256gb-_blue_/34424/,141900
mobilecentre,Samsung Galaxy A27 128GB Light Pink,128,Light Pink,https://www.mobilecentre.am/product/samsung-galaxy-a27-128gb-_light-pink_/34425/,122900
mobilecentre,Samsung Galaxy A27 128GB Blue,128,Blue,https://www.mobilecentre.am/product/samsung-galaxy-a27-128gb-_blue_/34426/,122900
mobilecentre,Samsung Galaxy A27 128GB Black,128,Black,https://www.mobilecentre.am/product/samsung-galaxy-a27-128gb-_black_/34427/,122900
allsell,iPhone 16 128GB,128,,https://allsell.am/en/iphone-16,308500
allsell,Samsung Galaxy S26 Ultra,256,,https://allsell.am/en/samsung-galaxy-s26-ultra,399600
ibolit,iPhone 17 Pro Max 512GB eSim Silver,512,Silver,https://ibolit.mobi/product/iphone-17-pro-max-512gb-silver-esim/,625000
ibolit,iPhone 17 Pro Max 512GB SIM Cosmic Orange,512,Cosmic Orange,https://ibolit.mobi/product/iphone-17-pro-max-512gb-1-sim-cosmic-orange/,729000
ibolit,iPhone 17 Pro Max 1TB eSim Cosmic Orange,1024,Cosmic Orange,https://ibolit.mobi/product/iphone-17-pro-max-1tb-esim-cosmic-orange/,759000
ibolit,Samsung Galaxy S25 FE 256GB White,256,White,https://ibolit.mobi/product/samsung-galaxy-s25-fe-256gb-white/,235000
ibolit,Samsung Galaxy S25 Ultra 256GB Titanium White Silver,256,Titanium White Silver,https://ibolit.mobi/product/samsung-galaxy-s25-ultra-256gb-titanium-white-silver/,400000
ucom,AirPods 4,,,https://shop.ucom.am/en/airpods-4.html,54900
ucom,Samsung Galaxy Buds Core,,,https://shop.ucom.am/en/samsung-galaxy-buds-core.html,20900
ucom,Samsung Galaxy Buds FE,,,https://shop.ucom.am/en/samsung-galaxy-buds-fe.html,35900
ucom,AirPods 4 with Active Noise Cancellation,,,https://shop.ucom.am/en/airpods-4-with-active-noise-cancellation.html,79900
ucom,AirPods Pro 3,,,https://shop.ucom.am/en/airpods-3-pro.html,109900
ucom,Samsung Galaxy Buds3 Pro,,,https://shop.ucom.am/en/samsung-galaxy-buds3-pro.html,69900
ucom,Apple EarPods USB-C,,,https://shop.ucom.am/en/earpods-apple-usb-c-mtjy3zm-a-myqy3zm-a.html,12900
zigzag,Sony WH-CH520 Yellow,,Yellow,https://www.zigzag.am/am/sony-wh-ch520-yz.html,26900
zigzag,Sony WF-C710N Black,,Black,https://www.zigzag.am/am/sony-wf-c710n-bz.html,52900
zigzag,Sony WH-G500 White,,White,https://www.zigzag.am/am/sony-wh-g500-wz-e.html,82900
eldorado,Marshall Major IV,,,https://eldorado.am/en/marshall-major-iv,53900
eldorado,Sony WH-CH720N White,,,https://eldorado.am/en/sony-wh-ch720n-white,57900
eldorado,Nothing Ear (A) B162,,,https://eldorado.am/en/nothing-ear-a-b162-white,51900
eldorado,Apple EarPods Lightning,,,https://eldorado.am/en/apple-earpods-mmtn2zm-a-a1748,11000
telecom,Apple EarPods USB-C,,,https://www.telecomarmenia.am/eshop/en/accessories/apple-earpods-white/2686/,12900
ucom,Yandex Station Lite 2,,,https://shop.ucom.am/en/yandex-smart-speaker-station-light-2-with-alice-gpt.html,33900
allsell,Yandex Station Lite 2,,,https://allsell.am/en/yandex-station-lite-2-yndx-00026,39900
mobilecentre,Harman Kardon Onyx Studio 7,,,https://www.mobilecentre.am/product/harman-kardon-onyx-studio-7-portable-bluetooth-speaker-_black_/26934/,109900
mobilecentre,JBL Go 4,,,https://www.mobilecentre.am/product/jbl-go-4-portable-wireless-speaker-_squad_/31378/,21900
mobilecentre,Bose SoundTouch 10,,,https://www.mobilecentre.am/product/bose-soundtouch-10-bluetooth-speaker-_black_/25215/,159900
telecom,Marshall Emberton II,,,https://www.telecomarmenia.am/eshop/en/accessories/marshall-emberton-ii-cream/1143,79900
telecom,Marshall Woburn II,,,https://www.telecomarmenia.am/eshop/en/accessories/marshall-woburn-ii-white/1141,245900
eldorado,Samsung Galaxy Buds Pro R190,,,https://eldorado.am/en/original-samsung-headphone-galaxy-buds-pro-r190-black,67200
eldorado,JBL Tune 125BT Black,,,https://eldorado.am/en/jbl-tune-125bt-black,14900
zigzag,Sonos Ace White (ACEG1R21),,White,https://www.zigzag.am/am/sonos-ace-white-aceg1r21.html,261900
zigzag,Apple AirPods Max 2 Midnight,,Midnight,https://www.zigzag.am/am/apple-airpods-max-2-midnight-mhwk4ze-a.html,318900
zigzag,Sony WF-C710N Pink,,,https://www.zigzag.am/en/sony-wf-c710n-pz.html,52900
telecom,Marshall Major V,,,https://www.telecomarmenia.am/eshop/en/accessories/headphones-marshall-major-v-black/2251/,64900
mobilecentre,JBL Charge 5,,,https://www.mobilecentre.am/product/jbl-charge-5-portable-wireless-speaker-_squad_/31840/,64900
mobilecentre,JBL PartyBox Encore Essential,,,https://www.mobilecentre.am/product/jbl-party-box-encore-essential-portable-wireless-speaker-black/,169900
vega,JBL Tune 125BT Black,,,https://vega.am/en/home-appliances/phones-and-gadgets/wired-headphones/headphone-jbl-tune-125bt-bk.html,11900
notebookcentre,Yandex Station Street,,,https://notebookcentre.am/en/product/yandex-smart-station-street-yndx-00030,99900
notebookcentre,Apple EarPods Lightning,,,https://notebookcentre.am/ru/brand/Apple,10000
redstore,iPhone 18 Pro 256GB,256,,https://redstore.am/en/product/iphone-18-pro-256gb-burgundy-esim,799000
redstore,iPhone 18 Pro 512GB,512,,https://redstore.am/en/product/iphone-18-pro-512gb-burgundy-esim,959000
redstore,iPhone 18 Pro 1TB,1024,,https://redstore.am/en/product/iphone-18-pro-1tb-burgundy-esim,1099000
redstore,iPhone 18 Pro Max 256GB,256,,https://redstore.am/en/product/iphone-18-pro-max-256gb-black-esim,899000
redstore,iPhone 18 Pro Max 512GB,512,,https://redstore.am/en/product/iphone-18-pro-max-512gb-black-esim,1059000
redstore,iPhone 18 Pro Max 1TB,1024,,https://redstore.am/en/product/iphone-18-pro-max-1tb-black-esim,1199000
redstore,iPhone 18 Pro 256GB tray,256,,https://redstore.am/en/product/iphone-18-pro-256gb-burgundy,879000
redstore,iPhone 18 Pro Max 256GB tray,256,,https://redstore.am/en/product/iphone-18-pro-max-256gb-black,979000
yerevanmobile,Samsung Galaxy Tab A11 WiFi,,,https://www.yerevanmobile.am/en/electronics/tablets.html,54000
yerevanmobile,Samsung Galaxy Tab A11 5G 64GB,64,Gray,https://www.yerevanmobile.am/en/electronics/tablets.html,69000
yerevanmobile,Samsung Galaxy Tab A11 5G 128GB,128,Gray,https://www.yerevanmobile.am/en/electronics/tablets.html,89000
yerevanmobile,Samsung Galaxy Watch 8 40mm,40,,https://www.yerevanmobile.am/en/electronics/watches.html,84000
yerevanmobile,Samsung Galaxy Watch 8 44mm,44,,https://www.yerevanmobile.am/en/electronics/watches.html,99000
yerevanmobile,Apple Watch SE 3 40mm,40,,https://www.yerevanmobile.am/en/electronics/watches.html,112000
yerevanmobile,Apple Watch SE 3 44mm,44,,https://www.yerevanmobile.am/en/electronics/watches.html,122000
mobilecentre,JBL Authentics 500,,,https://www.mobilecentre.am/product/jbl-speaker-authentics-500-wifi-bluetooth-black/,319900
mobilecentre,JBL Authentics 200,,,https://www.mobilecentre.am/product/jbl-authentics-200-wifi-bluetooth-speaker-auth200-blk-black/,209900
mobilecentre,JBL Boombox 2,,,https://www.mobilecentre.am/product/jbl-boombox-2-portable-bluetooth-speaker/,239900
mobilecentre,Harman Kardon Aura Studio 4,,,https://www.mobilecentre.am/product/harman-kardon-aurastudio-4-wireless-speaker-system-aurastudio4-bk-black/,144900
mobilecentre,Marshall Kilburn II,,,https://www.mobilecentre.am/product/marshall-speaker-kilburn-ii-wireless-stereo-black/,199900
mobilecentre,Marshall Stockwell II,,,https://www.mobilecentre.am/product/marshall-speaker-stockwell-2-wireless-black/,179900
mobilecentre,JBL Flip 7,,,https://www.mobilecentre.am/product/jbl-flip-7-waterproof-portable-bluetooth-speaker-flip7-sqd-squad/,54900
mobilecentre,Harman Kardon Luna,,,https://www.mobilecentre.am/product/harman-kardon-luna-portable-wireless-bluetooth-speaker-black/,74900
mobilecentre,JBL Clip 5,,,https://www.mobilecentre.am/product/jbl-clip-5-portable-wireless-speaker-_blue_/31841/,26900
zigzag,Audio-Technica ATH-S220BT,,,https://www.zigzag.am/en/audio-technica-ath-s220bt-white-wireless-headphone-ath-s220btwh.html,29900
zigzag,JBL Tune 680NC,,,https://www.zigzag.am/en/jbl-t680ncwht.html,34900
zigzag,JBL Tune 530BT,,,https://www.zigzag.am/en/jbl-t530btlaveu.html,23900
yerevanmobile,Amazon Kindle Paperwhite 12 Gen 16GB,,,https://www.yerevanmobile.am/en/electronics/tablets.html,89000
yerevanmobile,Amazon Kindle Paperwhite 12 Gen 32GB,,,https://www.yerevanmobile.am/en/electronics/tablets.html,99000
yerevanmobile,Samsung Galaxy S25 Ultra,256,,https://www.yerevanmobile.am/en/samsung-galaxy-s25-ultra.html,339000
ibolit,iPhone 17 Pro Max 1TB eSim Silver,1024,Silver,https://ibolit.mobi/product/iphone-17-pro-max-1tb-esim-silver/,715000
ibolit,iPhone 17 Pro Max 2TB eSim Silver,2048,Silver,https://ibolit.mobi/product/iphone-17-pro-max-2tb-esimsilver/,849000
ibolit,iPhone 17 Pro Max 2TB 1 SIM + eSIM,2048,,https://ibolit.mobi/product-category/smartphones/,959000
zigzag,Apple Watch SE 3 40mm Midnight,40,Midnight,https://www.zigzag.am/am/apple-watch-se-3-gps-40mm-midnight-midnight-sport-band-s-m-meh94.html,114900
zigzag,Apple Watch SE 3 44mm Starlight,44,Starlight,https://www.zigzag.am/am/apple-watch-se-3-gps-44mm-starlight-starlight-sport-band-s-m-mehg4.html,133900
zigzag,Apple Watch SE 3 44mm Midnight,44,Midnight,https://www.zigzag.am/am/apple-watch-se-3-gps-44mm-midnight-midnight-sport-band-s-m-mehn4rk-a.html,133900
zigzag,Sony WH-CH720N Black,,Black,https://www.zigzag.am/am/sony-wh-ch720n-bce.html,56900
zigzag,Sonos Era 300 White,,White,https://www.zigzag.am/am/sonos-era-300-white-e30g1eu1.html,276900
yerevanmobile,Samsung Galaxy A07 4G,64,,https://www.yerevanmobile.am/en/electronics/phones.html,52000
yerevanmobile,Xiaomi Redmi 15C 4G,128,,https://www.yerevanmobile.am/en/electronics/phones.html,72000
yerevanmobile,Samsung Galaxy A17,128,,https://www.yerevanmobile.am/en/electronics/phones.html,72000
yerevanmobile,Samsung Galaxy A27,128,,https://www.yerevanmobile.am/en/electronics/phones.html,109000
yerevanmobile,Samsung Galaxy A37,128,,https://www.yerevanmobile.am/en/electronics/phones.html,127000
yerevanmobile,Xiaomi Redmi Note 15 Pro 4G,256,,https://www.yerevanmobile.am/en/electronics/phones.html,134000
yerevanmobile,Samsung Galaxy A57,128,,https://www.yerevanmobile.am/en/electronics/phones.html,144000
yerevanmobile,OnePlus Nord 6,256,,https://www.yerevanmobile.am/en/electronics/phones.html,219000
yerevanmobile,Samsung Galaxy S25 FE,128,,https://www.yerevanmobile.am/en/electronics/phones.html,229000
yerevanmobile,Google Pixel 10a,128,,https://www.yerevanmobile.am/en/electronics/phones.html,229000
yerevanmobile,Honor 400 Pro,512,,https://www.yerevanmobile.am/en/electronics/phones.html,269000
yerevanmobile,Samsung Galaxy S25,128,,https://www.yerevanmobile.am/en/electronics/phones.html,279000
yerevanmobile,Samsung Galaxy S26 FE,256,,https://www.yerevanmobile.am/en/electronics/phones.html,289000
yerevanmobile,Apple iPhone 15,128,,https://www.yerevanmobile.am/en/electronics/phones.html,295000
yerevanmobile,Samsung Galaxy S25 Edge,256,,https://www.yerevanmobile.am/en/electronics/phones.html,319000
yerevanmobile,Samsung Galaxy S26,256,,https://www.yerevanmobile.am/en/electronics/phones.html,319000
yerevanmobile,Google Pixel 10,128,,https://www.yerevanmobile.am/en/electronics/phones.html,339000
yerevanmobile,Samsung Galaxy S26 Plus,256,,https://www.yerevanmobile.am/en/electronics/phones.html,349000
yerevanmobile,Apple iPhone 16,128,,https://www.yerevanmobile.am/en/electronics/phones.html,365000
yerevanmobile,Honor Magic 7 Pro,512,,https://www.yerevanmobile.am/en/electronics/phones.html,379000
yerevanmobile,Apple iPhone 16 Plus,128,,https://www.yerevanmobile.am/en/electronics/phones.html,389000
yerevanmobile,Apple iPhone Air,256,,https://www.yerevanmobile.am/en/electronics/phones.html,395000
yerevanmobile,Samsung Galaxy S26 Ultra,256,,https://www.yerevanmobile.am/en/electronics/phones.html,399000
yerevanmobile,Apple iPhone 17,256,,https://www.yerevanmobile.am/en/electronics/phones.html,429000
yerevanmobile,Apple iPhone 16 Pro,128,,https://www.yerevanmobile.am/en/electronics/phones.html,445000
yerevanmobile,Samsung Galaxy Z Flip8,256,,https://www.yerevanmobile.am/en/electronics/phones.html,445000
yerevanmobile,Apple iPhone 17 Pro (eSim),256,,https://www.yerevanmobile.am/en/electronics/phones.html,488000
yerevanmobile,Apple iPhone 17 Pro (Nano-Sim),256,,https://www.yerevanmobile.am/en/electronics/phones.html,519000
yerevanmobile,Apple iPhone 17 Pro Max (eSim),256,,https://www.yerevanmobile.am/en/electronics/phones.html,525000
yerevanmobile,Samsung Galaxy Z Fold7,256,,https://www.yerevanmobile.am/en/electronics/phones.html,539000
yerevanmobile,Xiaomi 17 Pro Max,512,,https://www.yerevanmobile.am/en/electronics/phones.html,559000
yerevanmobile,Apple iPhone 17 Pro Max (Nano-Sim),256,,https://www.yerevanmobile.am/en/electronics/phones.html,569000
yerevanmobile,Google Pixel 11 Pro XL,256,,https://www.yerevanmobile.am/en/electronics/phones.html,599000
yerevanmobile,Samsung Galaxy Z Fold 8,256,,https://www.yerevanmobile.am/en/electronics/phones.html,619000
yerevanmobile,Samsung Galaxy Z Fold8 Ultra,256,,https://www.yerevanmobile.am/en/electronics/phones.html,655000
yerevanmobile,Apple iPhone 18 Pro (Esim),256,,https://www.yerevanmobile.am/en/electronics/phones.html,749000
yerevanmobile,Apple iPhone 18 Pro (Nano Sim),256,,https://www.yerevanmobile.am/en/electronics/phones.html,829000
yerevanmobile,Apple iPhone 18 Pro Max (Esim),256,,https://www.yerevanmobile.am/en/electronics/phones.html,849000
yerevanmobile,Apple iPhone 18 Pro Max (Nano Sim),256,,https://www.yerevanmobile.am/en/electronics/phones.html,929000
planet3d,Apple AirPods 4,,,https://3dplanet.am/en/store/headset,54000
planet3d,Samsung Galaxy Buds 3 Pro,,,https://3dplanet.am/en/store/headset,62000
notebookcentre,iPad Air 13 M4 WiFi Blue / 128 GB,128,Blue,https://notebookcentre.am/en/category/tablets?brand=19&brand=24&brand=40&brand=20&brand=240&sort=low&product_status=in_stock&page=3,439000
notebookcentre,iPad Air 13 M4 WiFi Purple / 128 GB,128,Purple,https://notebookcentre.am/en/category/tablets?brand=19&brand=24&brand=40&brand=20&brand=240&sort=low&product_status=in_stock&page=3,439000
notebookcentre,iPad Air 13 M4 WiFi Starlight / 256 GB,256,Starlight,https://notebookcentre.am/en/category/tablets?brand=19&brand=24&brand=40&brand=20&brand=240&sort=low&product_status=in_stock&page=3,499000
notebookcentre,iPad Air 13 M4 WiFi + Cellular,,,https://notebookcentre.am/en/category/tablets?brand=19&brand=24&brand=40&brand=20&brand=240&sort=low&product_status=in_stock&page=3,499000
notebookcentre,iPad Air 13 M4 WiFi Blue / 256 GB,256,Blue,https://notebookcentre.am/en/category/tablets?brand=19&brand=24&brand=40&brand=20&brand=240&sort=low&product_status=in_stock&page=3,499000
notebookcentre,iPad Pro 11 M5 WiFi Silver / 256 GB,256,Silver,https://notebookcentre.am/en/category/tablets?brand=19&brand=24&brand=40&brand=20&brand=240&sort=low&product_status=in_stock&page=3,499000
notebookcentre,iPad Air 13 M4 WiFi Space Gray / 256 GB,256,Space Gray,https://notebookcentre.am/en/category/tablets?brand=19&brand=24&brand=40&brand=20&brand=240&sort=low&product_status=in_stock&page=3,499000
notebookcentre,iPad Air 13 M4 WiFi Purple / 256 GB,256,Purple,https://notebookcentre.am/en/category/tablets?brand=19&brand=24&brand=40&brand=20&brand=240&sort=low&product_status=in_stock&page=3,499000
notebookcentre,iPad Pro 11 M5 WiFi Silver / 512 GB,512,Silver,https://notebookcentre.am/en/category/tablets?brand=19&brand=24&brand=40&brand=20&brand=240&sort=low&product_status=in_stock&page=3,555000
notebookcentre,iPad Pro 11 M5 WiFi Space Black / 512 GB,512,Space Black,https://notebookcentre.am/en/category/tablets?brand=19&brand=24&brand=40&brand=20&brand=240&sort=low&product_status=in_stock&page=3,555000
notebookcentre,iPad Pro 13 M5 WiFi Silver / 256 GB,256,Silver,https://notebookcentre.am/en/category/tablets?brand=19&brand=24&brand=40&brand=20&brand=240&sort=low&product_status=in_stock&page=3,595000
notebookcentre,iPad Pro 13 M5 WiFi Space Black / 256 GB,256,Space Black,https://notebookcentre.am/en/category/tablets?brand=19&brand=24&brand=40&brand=20&brand=240&sort=low&product_status=in_stock&page=3,595000
notebookcentre,Apple iPad Pro 13 (2025) M5 WIFI,,,https://notebookcentre.am/en/category/tablets?brand=19&brand=24&brand=40&brand=20&brand=240&sort=low&product_status=in_stock&page=3,659000
notebookcentre,Samsung Galaxy Z Fold 8,,,https://notebookcentre.am/en/category/tablets?brand=19&brand=24&brand=40&brand=20&brand=240&sort=low&product_status=in_stock&page=3,669000
notebookcentre,Samsung Galaxy Z Fold 8 Lavender,,Lavender,https://notebookcentre.am/en/category/tablets?brand=19&brand=24&brand=40&brand=20&brand=240&sort=low&product_status=in_stock&page=3,669000
notebookcentre,Samsung Galaxy Z Fold 8 Cream,,Cream,https://notebookcentre.am/en/category/tablets?brand=19&brand=24&brand=40&brand=20&brand=240&sort=low&product_status=in_stock&page=3,669000
notebookcentre,Xiaomi Redmi Pad 2 9.7 4G (2604ERP4DG),,,https://notebookcentre.am/en/category/tablets?brand=19&brand=24&brand=40&brand=20&brand=240&sort=low&product_status=in_stock,83900
notebookcentre,Xiaomi Redmi Pad 2 4G (2505DRP06G),,,https://notebookcentre.am/en/category/tablets?brand=19&brand=24&brand=40&brand=20&brand=240&sort=low&product_status=in_stock,119900
notebookcentre,iPad 11 A16 (2025) WiFi Yellow / 128 GB,128,Yellow,https://notebookcentre.am/en/category/tablets?brand=19&brand=24&brand=40&brand=20&brand=240&sort=low&product_status=in_stock,189000
notebookcentre,iPad 11 A16 (2025) WiFi Pink / 128 GB,128,Pink,https://notebookcentre.am/en/category/tablets?brand=19&brand=24&brand=40&brand=20&brand=240&sort=low&product_status=in_stock,189000
notebookcentre,iPad 11 A16 (2025) WiFi Blue / 128 GB,128,Blue,https://notebookcentre.am/en/category/tablets?brand=19&brand=24&brand=40&brand=20&brand=240&sort=low&product_status=in_stock,189000
notebookcentre,iPad 11 A16 (2025) WiFi,,,https://notebookcentre.am/en/category/tablets?brand=19&brand=24&brand=40&brand=20&brand=240&sort=low&product_status=in_stock,189000
notebookcentre,iPad 11 A16 (2025) WiFi + Cellular Yellow / 128 GB,128,Yellow,https://notebookcentre.am/en/category/tablets?brand=19&brand=24&brand=40&brand=20&brand=240&sort=low&product_status=in_stock,239000
notebookcentre,iPad 11 A16 (2025) WiFi Blue / 256 GB,256,Blue,https://notebookcentre.am/en/category/tablets?brand=19&brand=24&brand=40&brand=20&brand=240&sort=low&product_status=in_stock,239000
notebookcentre,iPad 11 A16 (2025) WiFi Silver / 256 GB,256,Silver,https://notebookcentre.am/en/category/tablets?brand=19&brand=24&brand=40&brand=20&brand=240&sort=low&product_status=in_stock,239000
notebookcentre,iPad 11 A16 (2025) WiFi Yellow / 256 GB,256,Yellow,https://notebookcentre.am/en/category/tablets?brand=19&brand=24&brand=40&brand=20&brand=240&sort=low&product_status=in_stock,239000
notebookcentre,iPad 11 A16 (2025) WiFi Pink / 256 GB,256,Pink,https://notebookcentre.am/en/category/tablets?brand=19&brand=24&brand=40&brand=20&brand=240&sort=low&product_status=in_stock,239000
notebookcentre,iPad 11 A16 (2025) WiFi + Cellular Blue / 128 GB,128,Blue,https://notebookcentre.am/en/category/tablets?brand=19&brand=24&brand=40&brand=20&brand=240&sort=low&product_status=in_stock,239000
notebookcentre,Sony PlayStation Portal,,,https://notebookcentre.am/en/category/gaming-console,129000
notebookcentre,Microsoft Xbox Series S 1Tb (EP2-00645) White,,White,https://notebookcentre.am/en/category/gaming-console,219000
notebookcentre,PlayStation 5 Slim (Digital),,,https://notebookcentre.am/en/category/gaming-console,309000
notebookcentre,PlayStation 5 Slim,,,https://notebookcentre.am/en/category/gaming-console,319000
notebookcentre,Playstation 5 Pro,,,https://notebookcentre.am/en/category/gaming-console,529000
notebookcentre,Samsung Galaxy Watch 8 40mm Silver,,Silver,https://notebookcentre.am/en/category/watch-glasses?brand=19&brand=24&brand=20&brand=40&page=2,108000
notebookcentre,Samsung Galaxy Watch 8 44mm Silver,,Silver,https://notebookcentre.am/en/category/watch-glasses?brand=19&brand=24&brand=20&brand=40&page=2,120000
notebookcentre,Apple Watch SE 3 40mm Starlight,,Starlight,https://notebookcentre.am/en/category/watch-glasses?brand=19&brand=24&brand=20&brand=40&page=2,134000
notebookcentre,Apple Watch SE 3 44mm Midnight,,Midnight,https://notebookcentre.am/en/category/watch-glasses?brand=19&brand=24&brand=20&brand=40&page=2,144000
notebookcentre,Apple Watch 11 42mm Space Gray,,,https://notebookcentre.am/en/category/watch-glasses?brand=19&brand=24&brand=20&brand=40&page=2,155000
notebookcentre,Apple Watch 11 42mm Silver,,Silver,https://notebookcentre.am/en/category/watch-glasses?brand=19&brand=24&brand=20&brand=40&page=2,155000
notebookcentre,Apple Watch 11 42mm Rose Gold,,Rose Gold,https://notebookcentre.am/en/category/watch-glasses?brand=19&brand=24&brand=20&brand=40&page=2,155000
notebookcentre,Apple Watch 11 46mm Silver,,Silver,https://notebookcentre.am/en/category/watch-glasses?brand=19&brand=24&brand=20&brand=40&page=2,165000
notebookcentre,Apple Watch 11 46mm Rose Gold,,Rose Gold,https://notebookcentre.am/en/category/watch-glasses?brand=19&brand=24&brand=20&brand=40&page=2,165000
notebookcentre,Apple Watch 11 46mm Space Gray,,,https://notebookcentre.am/en/category/watch-glasses?brand=19&brand=24&brand=20&brand=40&page=2,165000
notebookcentre,Apple Watch Ultra 3 49MM Black,,,https://notebookcentre.am/en/category/watch-glasses?brand=19&brand=24&brand=20&brand=40&page=2,359000
notebookcentre,Xiaomi Smart Band 10 (Midnight Black) BHR07PYGL,,Black,https://notebookcentre.am/en/category/watch-glasses?brand=19&brand=24&brand=20&brand=40,25000
notebookcentre,Samsung Galaxy Watch 8 40mm,,,https://notebookcentre.am/en/category/watch-glasses?brand=19&brand=24&brand=20&brand=40,108000
notebookcentre,Apple Watch SE 3 40mm,,,https://notebookcentre.am/en/category/watch-glasses?brand=19&brand=24&brand=20&brand=40,119000
notebookcentre,Samsung Galaxy Watch 8 44mm,,,https://notebookcentre.am/en/category/watch-glasses?brand=19&brand=24&brand=20&brand=40,120000
notebookcentre,Apple Watch SE 3 44mm,,,https://notebookcentre.am/en/category/watch-glasses?brand=19&brand=24&brand=20&brand=40,129000
notebookcentre,Samsung Galaxy Watch 8 Classic 46mm,,,https://notebookcentre.am/en/category/watch-glasses?brand=19&brand=24&brand=20&brand=40,148000
notebookcentre,Apple Watch 11 42mm,,,https://notebookcentre.am/en/category/watch-glasses?brand=19&brand=24&brand=20&brand=40,155000
notebookcentre,Apple Watch 11 46mm,,,https://notebookcentre.am/en/category/watch-glasses?brand=19&brand=24&brand=20&brand=40,165000
notebookcentre,Apple Watch Ultra 3 49MM,,,https://notebookcentre.am/en/category/watch-glasses?brand=19&brand=24&brand=20&brand=40,359000
notebookcentre,Marshall Major V Cream,,Cream,https://notebookcentre.am/en/category/headphones?brand=19&brand=16&brand=24&brand=21&brand=20&brand=57&product_status=in_stock&page=2,55000
notebookcentre,Marshall Major V Blue,,,https://notebookcentre.am/en/category/headphones?brand=19&brand=16&brand=24&brand=21&brand=20&brand=57&product_status=in_stock&page=2,55000
notebookcentre,Apple AirPods Max (Type-C) Midnight,,Midnight,https://notebookcentre.am/en/category/headphones?brand=19&brand=16&brand=24&brand=21&brand=20&brand=57&product_status=in_stock&page=2,239000
notebookcentre,Apple AirPods Max (Type-C) Starlight,,Starlight,https://notebookcentre.am/en/category/headphones?brand=19&brand=16&brand=24&brand=21&brand=20&brand=57&product_status=in_stock&page=2,239000
notebookcentre,Apple AirPods Max (Type-C) Purple,,Purple,https://notebookcentre.am/en/category/headphones?brand=19&brand=16&brand=24&brand=21&brand=20&brand=57&product_status=in_stock&page=2,239000
notebookcentre,Apple AirPods Max (Type-C) Orange,,Orange,https://notebookcentre.am/en/category/headphones?brand=19&brand=16&brand=24&brand=21&brand=20&brand=57&product_status=in_stock&page=2,239000
notebookcentre,Apple Earpods Lightning Connector,,,https://notebookcentre.am/en/category/headphones?brand=19&brand=16&brand=24&brand=21&brand=20&brand=57&product_status=in_stock,10000
notebookcentre,Apple Earpods USB-C,,,https://notebookcentre.am/en/category/headphones?brand=19&brand=16&brand=24&brand=21&brand=20&brand=57&product_status=in_stock,10000
notebookcentre,Samsung Galaxy Buds FE,,,https://notebookcentre.am/en/category/headphones?brand=19&brand=16&brand=24&brand=21&brand=20&brand=57&product_status=in_stock,36000
notebookcentre,Marshall Major IV,,,https://notebookcentre.am/en/category/headphones?brand=19&brand=16&brand=24&brand=21&brand=20&brand=57&product_status=in_stock,45900
notebookcentre,Marshall Major V,,,https://notebookcentre.am/en/category/headphones?brand=19&brand=16&brand=24&brand=21&brand=20&brand=57&product_status=in_stock,55000
notebookcentre,Apple Airpods 4,,,https://notebookcentre.am/en/category/headphones?brand=19&brand=16&brand=24&brand=21&brand=20&brand=57&product_status=in_stock,57000
notebookcentre,Samsung Galaxy Buds 3 Pro,,,https://notebookcentre.am/en/category/headphones?brand=19&brand=16&brand=24&brand=21&brand=20&brand=57&product_status=in_stock,69000
notebookcentre,Apple Airpods 4 ANC (Active Noise Cancellation),,,https://notebookcentre.am/en/category/headphones?brand=19&brand=16&brand=24&brand=21&brand=20&brand=57&product_status=in_stock,79000
notebookcentre,Apple Airpods Pro 2 (Type-C),,,https://notebookcentre.am/en/category/headphones?brand=19&brand=16&brand=24&brand=21&brand=20&brand=57&product_status=in_stock,84000
notebookcentre,Apple Airpods Pro 3,,,https://notebookcentre.am/en/category/headphones?brand=19&brand=16&brand=24&brand=21&brand=20&brand=57&product_status=in_stock,105000
notebookcentre,Airpods Max (Type-C),,,https://notebookcentre.am/en/category/headphones?brand=19&brand=16&brand=24&brand=21&brand=20&brand=57&product_status=in_stock,199000
notebookcentre,Airpods Max2,,,https://notebookcentre.am/en/category/headphones?brand=19&brand=16&brand=24&brand=21&brand=20&brand=57&product_status=in_stock,269000
yerevanmobile,Samsung Galaxy Tab A11 WiFi (X133),,,https://www.yerevanmobile.am/en/electronics.html,54000
yerevanmobile,Samsung Galaxy Tab A11 WiFi +5G (X135G),,,https://www.yerevanmobile.am/en/electronics.html,69000
yerevanmobile,Amazon Kindle Kids Paperwhite 11 Gen,,,https://www.yerevanmobile.am/en/electronics.html,75000
yerevanmobile,Amazon Kindle Paperwhite 12 Gen/16GB,16,,https://www.yerevanmobile.am/en/electronics.html,89000
yerevanmobile,Amazon Kindle Paperwhite 12 Gen/32GB,32,,https://www.yerevanmobile.am/en/electronics.html,99000
yerevanmobile,Samsung Galaxy Tab A11 Plus WiFi (X230),,,https://www.yerevanmobile.am/en/electronics.html,109000
yerevanmobile,Xiaomi Pad 7,,,https://www.yerevanmobile.am/en/electronics.html,159000
yerevanmobile,Samsung Galaxy Tab S10 FE (X520),,,https://www.yerevanmobile.am/en/electronics.html,179000
yerevanmobile,Samsung Galaxy Tab S10 FE WiFi + Cellular (X526),,,https://www.yerevanmobile.am/en/electronics.html,219000
yerevanmobile,Xiaomi Pad 7 Pro,,,https://www.yerevanmobile.am/en/electronics.html,234000
yerevanmobile,Apple iPad Air 11/M4/Wifi,,,https://www.yerevanmobile.am/en/electronics.html,329000
yerevanmobile,Samsung Galaxy Tab S11 Ultra WiFi (X930),,,https://www.yerevanmobile.am/en/electronics.html,399000
yerevanmobile,Apple iPad Air 11/M4/Wifi+Cellular,,,https://www.yerevanmobile.am/en/electronics.html,399000
yerevanmobile,Apple iPad Air 13/M4/Wifi,,,https://www.yerevanmobile.am/en/electronics.html,439000
yerevanmobile,Apple iPad Pro 11/M5/ WIFI,,,https://www.yerevanmobile.am/en/electronics.html,479000
yerevanmobile,Apple iPad Air 13/M4/Wifi+Cellular,,,https://www.yerevanmobile.am/en/electronics.html,499000
yerevanmobile,Apple Ipad Pro 11/M5/ WIFI+Cellular,,,https://www.yerevanmobile.am/en/electronics.html,559000
yerevanmobile,Apple iPad Pro 13/M5/ WIFI,,,https://www.yerevanmobile.am/en/electronics.html,659000
yerevanmobile,Apple Ipad Pro 13/M5/ WIFI+Cellular,,,https://www.yerevanmobile.am/en/electronics.html,659000
yerevanmobile,Apple Macbook Neo 13"/8GB/256GB/MHFH4/Blush,256,Blush,https://www.yerevanmobile.am/en/electronics.html,309000
yerevanmobile,Apple Macbook Neo 13.0"/8GB/256GB/MHFA4/Silver,256,Silver,https://www.yerevanmobile.am/en/electronics.html,309000
yerevanmobile,Apple Macbook Neo 13.0"/8GB/256GB/MHFD4/Citrus,256,Citrus,https://www.yerevanmobile.am/en/electronics.html,309000
yerevanmobile,Apple Macbook Neo 13.0"/8GB/256GB/MHFF4/Indigo,256,Indigo,https://www.yerevanmobile.am/en/electronics.html,309000
yerevanmobile,Apple Macbook Neo 13.0"/8GB/512GB/MHFC4/Silver,512,Silver,https://www.yerevanmobile.am/en/electronics.html,359000
yerevanmobile,Apple Macbook Neo 13.0"/8GB/512GB/MHFJ4/Blush,512,Blush,https://www.yerevanmobile.am/en/electronics.html,359000
yerevanmobile,Apple Macbook Neo 13.0"/8GB/512GB/MHFG4/Indigo,512,Indigo,https://www.yerevanmobile.am/en/electronics.html,359000
yerevanmobile,Apple Macbook Neo 13.0"/8GB/512GB/MHFE4/Citrus,512,Citrus,https://www.yerevanmobile.am/en/electronics.html,359000
yerevanmobile,Apple Macbook Air 15.3"/M4 /16GB RAM/256GB SSD/MC7A4/Sky Blue,256,,https://www.yerevanmobile.am/en/electronics.html,539000
yerevanmobile,Apple Macbook Air 15.3"/M4/16GB/256GB/MW1J3/Starlight,256,Starlight,https://www.yerevanmobile.am/en/electronics.html,539000
yerevanmobile,Apple Macbook Air 13.6"/M5/16GB/512GB/MDHE4/Midnight,512,Midnight,https://www.yerevanmobile.am/en/electronics.html,649000
yerevanmobile,Apple Macbook Air 13.6"/M5/16GB/512GB/MDHA4/Starlight,512,Starlight,https://www.yerevanmobile.am/en/electronics.html,649000
yerevanmobile,Apple Macbook Air 13.6"/M5/16GB/512GB/MDHH4/Sky Blue,512,Sky Blue,https://www.yerevanmobile.am/en/electronics.html,649000
yerevanmobile,Apple Macbook Air 13.6"/M5/16GB/512GB/MDH74/Silver,512,Silver,https://www.yerevanmobile.am/en/electronics.html,649000
yerevanmobile,Apple Macbook Air 13.6"/M5/16GB/1TB/MDHF4/Midnight,1024,Midnight,https://www.yerevanmobile.am/en/electronics.html,689000
yerevanmobile,Apple Macbook Air 13.6"/M5/16GB/1TB/MDHJ4/Sky Blue,1024,Sky Blue,https://www.yerevanmobile.am/en/electronics.html,689000
yerevanmobile,Apple Macbook Air 13.6"/M5/16GB/1TB/MDH84/Silver,1024,Silver,https://www.yerevanmobile.am/en/electronics.html,689000
yerevanmobile,Apple Macbook Air 15.3"/M5/16GB/512GB/MDVQ4/Sky Blue,512,Sky Blue,https://www.yerevanmobile.am/en/electronics.html,709000
yerevanmobile,Apple Macbook Air 15"/M5/16GB/512GB/MDV94/Silver,512,Silver,https://www.yerevanmobile.am/en/electronics.html,709000
yerevanmobile,Apple Macbook Air 15.3"/M5/16GB/512GB/MDVH4/Midnight,512,Midnight,https://www.yerevanmobile.am/en/electronics.html,709000
yerevanmobile,Apple Macbook Air 15.3"/M5/16GB/512GB/MDVD4/Silver,512,Silver,https://www.yerevanmobile.am/en/electronics.html,709000
yerevanmobile,Apple Macbook Air 13.6"/M5/24GB/1TB/MDHD4/Starlight,1024,Starlight,https://www.yerevanmobile.am/en/electronics.html,849000
yerevanmobile,Apple Macbook Pro 14"/M5/16GB RAM/512GB/MDE04/Space Black,512,Space Black,https://www.yerevanmobile.am/en/electronics.html,849000
yerevanmobile,Apple Macbook Air 15.3"/M5/16GB/1TB/MDVA4/Silver,1024,Silver,https://www.yerevanmobile.am/en/electronics.html,849000
yerevanmobile,Apple MacBook Air 15.3''/M5/16GB RAM/1TB/MDVE4/Starlight,1024,Starlight,https://www.yerevanmobile.am/en/electronics.html,849000
yerevanmobile,Apple MacBook Air 15.3''/M5/16GB RAM/1TB/MDVK4/Midnight,1024,Midnight,https://www.yerevanmobile.am/en/electronics.html,849000
yerevanmobile,Apple MacBook Air 15.3''/M5/16GB RAM/1TB/MDVT4/Sky Blue,1024,Sky Blue,https://www.yerevanmobile.am/en/electronics.html,849000
yerevanmobile,Apple Macbook Air 13.6"/M5/24GB/1TB/MDHK4/Sky Blue,1024,Sky Blue,https://www.yerevanmobile.am/en/electronics.html,849000
yerevanmobile,Apple Macbook Pro 14.2"/M5/16GB RAM/512GB/MDE44/Silver,512,Silver,https://www.yerevanmobile.am/en/electronics.html,849000
yerevanmobile,Apple Macbook Air 13.6"/M5/24GB/1TB/MDH94/Silver,1024,Silver,https://www.yerevanmobile.am/en/electronics.html,849000
yerevanmobile,Apple Macbook Pro 14"/M5/16GB RAM/1TB/MDE14/Space Black,1024,Space Black,https://www.yerevanmobile.am/en/electronics.html,879000
yerevanmobile,Apple MacBook Air 15.3''/M5/24GB RAM/1TB/MDVF4/Starlight,1024,Starlight,https://www.yerevanmobile.am/en/electronics.html,919000
yerevanmobile,Apple MacBook Air 15''/M5/24GB RAM/1TB/MDVN4/Midnight,1024,Midnight,https://www.yerevanmobile.am/en/electronics.html,919000
yerevanmobile,Apple MacBook Air 15.3''/M5/24GB RAM/1TB/MDVU4/Sky Blue,1024,Sky Blue,https://www.yerevanmobile.am/en/electronics.html,919000
yerevanmobile,Apple Macbook Pro 14.2"/M5/24GB RAM/1TB/MDE34/Space Black,1024,Space Black,https://www.yerevanmobile.am/en/electronics.html,989000
yerevanmobile,Apple Macbook Pro 14.2"/M5 Pro/24GB RAM/1TB/MGDN4/Silver,1024,Silver,https://www.yerevanmobile.am/en/electronics.html,1159000
yerevanmobile,Apple Macbook Pro 14"/M5 Pro/24GB RAM/1TB/MGDR4/Space Black,1024,Space Black,https://www.yerevanmobile.am/en/electronics.html,1159000
yerevanmobile,Apple Macbook Pro 14"/M5 Pro/24GB RAM/2TB/MGDT4/Space Black,2048,Space Black,https://www.yerevanmobile.am/en/electronics.html,1399000
yerevanmobile,Apple Macbook Pro 16.2"M5 Pro"/48GB/1TB/MGE64/Silver,1024,Silver,https://www.yerevanmobile.am/en/electronics.html,1629000
yerevanmobile,Apple Macbook Pro 16.2"/M5 Pro/48GB RAM/1TB/MGEC4/Space Black,1024,Space Black,https://www.yerevanmobile.am/en/electronics.html,1629000
yerevanmobile,Apple MacBook Pro 16''/M5 Max/36GB RAM/2TB/MGE74/Silver,2048,Silver,https://www.yerevanmobile.am/en/electronics.html,1809000
yerevanmobile,Apple MacBook Pro 16''/M5 Max/36GB RAM/2TB/MGED4/Space Black,2048,Space Black,https://www.yerevanmobile.am/en/electronics.html,1809000
yerevanmobile,Apple Macbook Pro 14"/M5 Max/36GB RAM/2TB/MGDU4/Space Black,2048,Space Black,https://www.yerevanmobile.am/en/electronics.html,1859000
yerevanmobile,Apple Macbook Pro 14.2"/M5 Max/36GB RAM/2TB/MGDQ4/Silver,2048,Silver,https://www.yerevanmobile.am/en/electronics.html,1859000
yerevanmobile,Apple Macbook Pro 16"/M5 Max/48GB RAM/2TB/MGE94/Silver,2048,Silver,https://www.yerevanmobile.am/en/electronics.html,2109000
yerevanmobile,Apple MacBook Pro 16''/M5 Max/48GB RAM/2TB/MGEE4/Space Black,2048,Space Black,https://www.yerevanmobile.am/en/electronics.html,2109000
yerevanmobile,Xiaomi Smart Band 10,,,https://www.yerevanmobile.am/en/electronics.html,23000
yerevanmobile,Samsung Galaxy Watch 8 40mm,,,https://www.yerevanmobile.am/en/electronics.html,84000
yerevanmobile,Samsung Galaxy Watch8 44mm,,,https://www.yerevanmobile.am/en/electronics.html,99000
yerevanmobile,Apple Watch SE 3 40mm,,,https://www.yerevanmobile.am/en/electronics.html,112000
yerevanmobile,Apple Watch SE 3 44mm,,,https://www.yerevanmobile.am/en/electronics.html,122000
yerevanmobile,Samsung Galaxy Watch8 Classic 46mm,,,https://www.yerevanmobile.am/en/electronics.html,129000
yerevanmobile,Apple Watch Series 11 42mm,,,https://www.yerevanmobile.am/en/electronics.html,155000
yerevanmobile,Apple Watch Series 11 46mm,,,https://www.yerevanmobile.am/en/electronics.html,165000
yerevanmobile,Samsung Galaxy Watch Ultra2,,,https://www.yerevanmobile.am/en/electronics.html,239000
yerevanmobile,Apple Watch Ultra 3,,,https://www.yerevanmobile.am/en/electronics.html,319000
yerevanmobile,Sony WH-CH520,,,https://www.yerevanmobile.am/en/electronics.html,19000
yerevanmobile,Samsung Galaxy Buds 4,,,https://www.yerevanmobile.am/en/electronics.html,52000
yerevanmobile,Apple Airpods 4,,,https://www.yerevanmobile.am/en/electronics.html,54000
yerevanmobile,Samsung Galaxy Buds 3 Pro,,,https://www.yerevanmobile.am/en/electronics.html,62000
yerevanmobile,Samsung Galaxy Buds 4 Pro,,,https://www.yerevanmobile.am/en/electronics.html,72000
yerevanmobile,Apple Beats Studio Buds Plus,,,https://www.yerevanmobile.am/en/electronics.html,74000
yerevanmobile,Apple Airpods 4 (Active NC),,,https://www.yerevanmobile.am/en/electronics.html,77000
yerevanmobile,Apple AirPods Pro 2 (Type-C),,,https://www.yerevanmobile.am/en/electronics.html,84000
yerevanmobile,Apple AirPods Pro 3,,,https://www.yerevanmobile.am/en/electronics.html,99000
yerevanmobile,Apple AirPods Max (Type-C),,,https://www.yerevanmobile.am/en/electronics.html,169000
yerevanmobile,Sony WH-1000XM6,,,https://www.yerevanmobile.am/en/electronics.html,179000
yerevanmobile,Apple AirPods Max 2,,,https://www.yerevanmobile.am/en/electronics.html,239000
notebookcentre,HP 15-fd0113dx (C0CM1UA),,,https://notebookcentre.am/en/category/notebooks?sort=low,179000
notebookcentre,Asus VivoBook X1404VA-I38128,,,https://notebookcentre.am/en/category/notebooks?sort=low,199000
notebookcentre,HP 15-fd0531nia (B82HWEA/8),,,https://notebookcentre.am/en/category/notebooks?sort=low,229000
notebookcentre,Lenovo LOQ 15IRX9 (83DV00FMRK),,,https://notebookcentre.am/en/category/notebooks?sort=low&page=4,449000
notebookcentre,HP OmniBook 3 17-dg0107dx  (D7NF3UA),,,https://notebookcentre.am/en/category/notebooks?sort=low&page=4,465000
notebookcentre,Asus ROG Strix G16 G614JU-N3193,,,https://notebookcentre.am/en/category/notebooks?sort=low&page=4,515000
notebookcentre,MacBook Pro 14 M5 MDE04 Space Black (2025),,Space Black,https://notebookcentre.am/en/category/notebooks?sort=low&page=5,849000
notebookcentre,MacBook Pro 14 M5 MDE44 Silver (2025),,Silver,https://notebookcentre.am/en/category/notebooks?sort=low&page=5,849000
notebookcentre,MacBook Pro 14 M5 MDE54 Silver (2025),,Silver,https://notebookcentre.am/en/category/notebooks?sort=low&page=5,879000
notebookcentre,MacBook Pro 14 M4 Pro MX2E3 Silver (2024),,Silver,https://notebookcentre.am/en/category/notebooks?sort=low&page=5,989000
notebookcentre,MacBook Pro 14 M5 MDE34 Space Black (2025),,Space Black,https://notebookcentre.am/en/category/notebooks?sort=low&page=6,989000
notebookcentre,MacBook Pro 14 M5 MDE64 Silver (2025),,Silver,https://notebookcentre.am/en/category/notebooks?sort=low&page=6,989000
notebookcentre,MacBook Pro 14 M4 Pro MX2J3 (2024) Space Black,,Space Black,https://notebookcentre.am/en/category/notebooks?sort=low&page=6,1099000
notebookcentre,MacBook Pro 14 M5 Pro MGDR4 (2026),,,https://notebookcentre.am/en/category/notebooks?sort=low&page=6,1209000
notebookcentre,MacBook Pro 14 M5 Pro MGDN4 Silver (2026),,Silver,https://notebookcentre.am/en/category/notebooks?sort=low&page=6,1249000
notebookcentre,MacBook Pro 16 M5 Max MGEE4 (2026) Space Black,,Space Black,https://notebookcentre.am/en/category/notebooks?sort=low&page=6,2209000
notebookcentre,HP 15-fd0250wm (BY0S6UA),,,https://notebookcentre.am/en/category/notebooks?sort=low&page=2,259000
notebookcentre,HP 15-fd0250wm (BY0S6UA/16),,,https://notebookcentre.am/en/category/notebooks?sort=low&page=2,289000
notebookcentre,Samsung Galaxy A26,,,https://notebookcentre.am/en/category/smartphones?brand=19&brand=20&brand=24&brand=40&brand=243&sort=low&product_status=in_stock&page=2,109000
notebookcentre,Xiaomi Redmi Note 15 Pro,,,https://notebookcentre.am/en/category/smartphones?brand=19&brand=20&brand=24&brand=40&brand=243&sort=low&product_status=in_stock&page=2,134900
notebookcentre,Xiaomi Redmi Note 15 Pro Titanium Gray / 256 GB,256,Titanium,https://notebookcentre.am/en/category/smartphones?brand=19&brand=20&brand=24&brand=40&brand=243&sort=low&product_status=in_stock&page=2,134900
notebookcentre,Xiaomi Redmi Note 15 Pro Black / 256 GB,256,Black,https://notebookcentre.am/en/category/smartphones?brand=19&brand=20&brand=24&brand=40&brand=243&sort=low&product_status=in_stock&page=2,134900
notebookcentre,Samsung Galaxy A37 Awesome Lavender / 8 GB / 128 GB,128,,https://notebookcentre.am/en/category/smartphones?brand=19&brand=20&brand=24&brand=40&brand=243&sort=low&product_status=in_stock&page=2,149000
notebookcentre,Samsung Galaxy A56 Graphite / 8 GB / 128 GB,128,,https://notebookcentre.am/en/category/smartphones?brand=19&brand=20&brand=24&brand=40&brand=243&sort=low&product_status=in_stock&page=2,149000
notebookcentre,Samsung Galaxy A37 Awesome White / 8 GB / 128 GB,128,White,https://notebookcentre.am/en/category/smartphones?brand=19&brand=20&brand=24&brand=40&brand=243&sort=low&product_status=in_stock&page=2,149000
notebookcentre,Samsung Galaxy A37 Awesome Charcoal / 8 GB / 128 GB,128,Awesome Charcoal,https://notebookcentre.am/en/category/smartphones?brand=19&brand=20&brand=24&brand=40&brand=243&sort=low&product_status=in_stock&page=2,149000
notebookcentre,Samsung Galaxy A56 Olive / 8 GB / 128 GB,128,,https://notebookcentre.am/en/category/smartphones?brand=19&brand=20&brand=24&brand=40&brand=243&sort=low&product_status=in_stock&page=2,149000
notebookcentre,Samsung Galaxy A37,,,https://notebookcentre.am/en/category/smartphones?brand=19&brand=20&brand=24&brand=40&brand=243&sort=low&product_status=in_stock&page=2,149000
notebookcentre,Samsung Galaxy A56 Pink / 8 GB / 128 GB,128,,https://notebookcentre.am/en/category/smartphones?brand=19&brand=20&brand=24&brand=40&brand=243&sort=low&product_status=in_stock&page=2,149000
notebookcentre,Xiaomi Redmi Note 15 Pro Titanium Gray / 512 GB,512,Titanium,https://notebookcentre.am/en/category/smartphones?brand=19&brand=20&brand=24&brand=40&brand=243&sort=low&product_status=in_stock&page=3,152900
notebookcentre,Xiaomi Redmi Note 15 Pro Black / 512 GB,512,Black,https://notebookcentre.am/en/category/smartphones?brand=19&brand=20&brand=24&brand=40&brand=243&sort=low&product_status=in_stock&page=3,152900
notebookcentre,Xiaomi Redmi Note 15 Pro Glacier Blue / 512 GB,512,Glacier Blue,https://notebookcentre.am/en/category/smartphones?brand=19&brand=20&brand=24&brand=40&brand=243&sort=low&product_status=in_stock&page=3,152900
notebookcentre,Samsung Galaxy A56,,,https://notebookcentre.am/en/category/smartphones?brand=19&brand=20&brand=24&brand=40&brand=243&sort=low&product_status=in_stock&page=3,159000
notebookcentre,Samsung Galaxy A37 Awesome Lavender / 8 GB / 256 GB,256,,https://notebookcentre.am/en/category/smartphones?brand=19&brand=20&brand=24&brand=40&brand=243&sort=low&product_status=in_stock&page=3,165000
notebookcentre,Samsung Galaxy A37 Awesome White / 8 GB / 256 GB,256,White,https://notebookcentre.am/en/category/smartphones?brand=19&brand=20&brand=24&brand=40&brand=243&sort=low&product_status=in_stock&page=3,165000
notebookcentre,Samsung Galaxy A37 Awesome Graygreen / 8 GB / 256 GB,256,,https://notebookcentre.am/en/category/smartphones?brand=19&brand=20&brand=24&brand=40&brand=243&sort=low&product_status=in_stock&page=3,165000
notebookcentre,Samsung Galaxy A57 Awesome Navy / 128 GB / 8 GB,128,Awesome Navy,https://notebookcentre.am/en/category/smartphones?brand=19&brand=20&brand=24&brand=40&brand=243&sort=low&product_status=in_stock&page=3,169000
notebookcentre,Samsung Galaxy A57 Awesome Icyblue / 128 GB / 8 GB,128,Awesome Icyblue,https://notebookcentre.am/en/category/smartphones?brand=19&brand=20&brand=24&brand=40&brand=243&sort=low&product_status=in_stock&page=3,169000
notebookcentre,Samsung Galaxy A57,,,https://notebookcentre.am/en/category/smartphones?brand=19&brand=20&brand=24&brand=40&brand=243&sort=low&product_status=in_stock&page=3,169000
notebookcentre,Samsung Galaxy A56 Lightgray / 8 GB / 256 GB,256,,https://notebookcentre.am/en/category/smartphones?brand=19&brand=20&brand=24&brand=40&brand=243&sort=low&product_status=in_stock&page=3,169000
notebookcentre,Samsung Galaxy A56 Graphite / 8 GB / 256 GB,256,,https://notebookcentre.am/en/category/smartphones?brand=19&brand=20&brand=24&brand=40&brand=243&sort=low&product_status=in_stock&page=3,169000
notebookcentre,Samsung Galaxy A56 Olive / 8 GB / 256 GB,256,,https://notebookcentre.am/en/category/smartphones?brand=19&brand=20&brand=24&brand=40&brand=243&sort=low&product_status=in_stock&page=3,169000
notebookcentre,Samsung Galaxy A57 Awesome Gray / 128 GB / 8 GB,128,,https://notebookcentre.am/en/category/smartphones?brand=19&brand=20&brand=24&brand=40&brand=243&sort=low&product_status=in_stock&page=3,169000
notebookcentre,Samsung Galaxy A56 Pink / 8 GB / 256 GB,256,,https://notebookcentre.am/en/category/smartphones?brand=19&brand=20&brand=24&brand=40&brand=243&sort=low&product_status=in_stock&page=4,169000
notebookcentre,Samsung Galaxy A37 Awesome Charcoal / 8 GB / 256 GB,256,Awesome Charcoal,https://notebookcentre.am/en/category/smartphones?brand=19&brand=20&brand=24&brand=40&brand=243&sort=low&product_status=in_stock&page=4,179000
notebookcentre,Samsung Galaxy A57 Awesome Lilac / 256 GB / 8 GB,256,Awesome Lilac,https://notebookcentre.am/en/category/smartphones?brand=19&brand=20&brand=24&brand=40&brand=243&sort=low&product_status=in_stock&page=4,189000
notebookcentre,Samsung Galaxy A57 Awesome Gray / 256 GB / 8 GB,256,,https://notebookcentre.am/en/category/smartphones?brand=19&brand=20&brand=24&brand=40&brand=243&sort=low&product_status=in_stock&page=4,189000
notebookcentre,Samsung Galaxy A57 Awesome Navy / 256 GB / 8 GB,256,Awesome Navy,https://notebookcentre.am/en/category/smartphones?brand=19&brand=20&brand=24&brand=40&brand=243&sort=low&product_status=in_stock&page=4,189000
notebookcentre,Samsung Galaxy A57 Awesome Icyblue / 256 GB / 8 GB,256,Awesome Icyblue,https://notebookcentre.am/en/category/smartphones?brand=19&brand=20&brand=24&brand=40&brand=243&sort=low&product_status=in_stock&page=4,189000
notebookcentre,Samsung Galaxy A56 Graphite / 12 GB / 256 GB,256,,https://notebookcentre.am/en/category/smartphones?brand=19&brand=20&brand=24&brand=40&brand=243&sort=low&product_status=in_stock&page=4,189000
notebookcentre,Samsung Galaxy A56 Lightgrey / 12 GB / 256 GB,256,,https://notebookcentre.am/en/category/smartphones?brand=19&brand=20&brand=24&brand=40&brand=243&sort=low&product_status=in_stock&page=4,189000
notebookcentre,Samsung Galaxy A56 Olive / 12 GB / 256 GB,256,,https://notebookcentre.am/en/category/smartphones?brand=19&brand=20&brand=24&brand=40&brand=243&sort=low&product_status=in_stock&page=4,189000
notebookcentre,Samsung Galaxy A56 Pink / 12 GB / 256 GB,256,,https://notebookcentre.am/en/category/smartphones?brand=19&brand=20&brand=24&brand=40&brand=243&sort=low&product_status=in_stock&page=4,189000
notebookcentre,iPhone 16,,,https://notebookcentre.am/en/category/smartphones?brand=19&brand=20&brand=24&brand=40&brand=243&sort=low&product_status=in_stock&page=5,305000
notebookcentre,iPhone 16 Ultramarine / 128 GB,128,Ultramarine,https://notebookcentre.am/en/category/smartphones?brand=19&brand=20&brand=24&brand=40&brand=243&sort=low&product_status=in_stock&page=5,305000
notebookcentre,iPhone 16 Pink / 128 GB,128,Pink,https://notebookcentre.am/en/category/smartphones?brand=19&brand=20&brand=24&brand=40&brand=243&sort=low&product_status=in_stock&page=5,305000
notebookcentre,iPhone 16 White / 128 GB,128,White,https://notebookcentre.am/en/category/smartphones?brand=19&brand=20&brand=24&brand=40&brand=243&sort=low&product_status=in_stock&page=5,305000
notebookcentre,iPhone 16 Black / 128 GB,128,Black,https://notebookcentre.am/en/category/smartphones?brand=19&brand=20&brand=24&brand=40&brand=243&sort=low&product_status=in_stock&page=5,305000
notebookcentre,Samsung Galaxy S25 Edge,,,https://notebookcentre.am/en/category/smartphones?brand=19&brand=20&brand=24&brand=40&brand=243&sort=low&product_status=in_stock&page=5,319000
notebookcentre,Samsung Galaxy S26 Pink Gold / 256 GB,256,,https://notebookcentre.am/en/category/smartphones?brand=19&brand=20&brand=24&brand=40&brand=243&sort=low&product_status=in_stock&page=5,319000
notebookcentre,Samsung Galaxy S26 Sky Blue / 256 GB,256,Sky Blue,https://notebookcentre.am/en/category/smartphones?brand=19&brand=20&brand=24&brand=40&brand=243&sort=low&product_status=in_stock&page=5,319000
notebookcentre,Samsung Galaxy S26 Silver Shadow / 256 GB,256,,https://notebookcentre.am/en/category/smartphones?brand=19&brand=20&brand=24&brand=40&brand=243&sort=low&product_status=in_stock&page=5,319000
notebookcentre,Samsung Galaxy S26 Cobalt Violet / 256 GB,256,Cobalt Violet,https://notebookcentre.am/en/category/smartphones?brand=19&brand=20&brand=24&brand=40&brand=243&sort=low&product_status=in_stock&page=5,319000
notebookcentre,Xiaomi 17T Pro,,,https://notebookcentre.am/en/category/smartphones?brand=19&brand=20&brand=24&brand=40&brand=243&sort=low&product_status=in_stock&page=5,327900
notebookcentre,Xiaomi 17T Pro Deep Blue,,,https://notebookcentre.am/en/category/smartphones?brand=19&brand=20&brand=24&brand=40&brand=243&sort=low&product_status=in_stock&page=5,327900
notebookcentre,Samsung Galaxy S26,,,https://notebookcentre.am/en/category/smartphones?brand=19&brand=20&brand=24&brand=40&brand=243&sort=low&product_status=in_stock&page=5,329000
notebookcentre,iPhone 16 Teal / 256 GB,256,Teal,https://notebookcentre.am/en/category/smartphones?brand=19&brand=20&brand=24&brand=40&brand=243&sort=low&product_status=in_stock&page=5,345000
notebookcentre,iPhone 16 Black / 256 GB,256,Black,https://notebookcentre.am/en/category/smartphones?brand=19&brand=20&brand=24&brand=40&brand=243&sort=low&product_status=in_stock&page=5,345000
notebookcentre,iPhone 16 White / 256 GB,256,White,https://notebookcentre.am/en/category/smartphones?brand=19&brand=20&brand=24&brand=40&brand=243&sort=low&product_status=in_stock&page=5,345000
notebookcentre,iPhone 16 Ultramarine / 256 GB,256,Ultramarine,https://notebookcentre.am/en/category/smartphones?brand=19&brand=20&brand=24&brand=40&brand=243&sort=low&product_status=in_stock&page=5,345000
notebookcentre,iPhone 16 Pink / 256 GB,256,Pink,https://notebookcentre.am/en/category/smartphones?brand=19&brand=20&brand=24&brand=40&brand=243&sort=low&product_status=in_stock&page=5,345000
notebookcentre,Xiaomi 17T Pro Deep Violet,,Deep Violet,https://notebookcentre.am/en/category/smartphones?brand=19&brand=20&brand=24&brand=40&brand=243&sort=low&product_status=in_stock&page=5,346900
notebookcentre,Xiaomi 17T Pro Black,,Black,https://notebookcentre.am/en/category/smartphones?brand=19&brand=20&brand=24&brand=40&brand=243&sort=low&product_status=in_stock&page=6,346900
notebookcentre,Samsung Galaxy S26+,,,https://notebookcentre.am/en/category/smartphones?brand=19&brand=20&brand=24&brand=40&brand=243&sort=low&product_status=in_stock&page=6,349000
notebookcentre,Samsung Galaxy S26+ Sky Blue / 256 GB,256,Sky Blue,https://notebookcentre.am/en/category/smartphones?brand=19&brand=20&brand=24&brand=40&brand=243&sort=low&product_status=in_stock&page=6,349000
notebookcentre,Samsung Galaxy Z Flip 7,,,https://notebookcentre.am/en/category/smartphones?brand=19&brand=20&brand=24&brand=40&brand=243&sort=low&product_status=in_stock&page=6,359000
notebookcentre,Samsung Galaxy Z Flip 7 Jet Black / 256 GB,256,,https://notebookcentre.am/en/category/smartphones?brand=19&brand=20&brand=24&brand=40&brand=243&sort=low&product_status=in_stock&page=6,359000
notebookcentre,Samsung Galaxy S26 Pink Gold / 512 GB,512,,https://notebookcentre.am/en/category/smartphones?brand=19&brand=20&brand=24&brand=40&brand=243&sort=low&product_status=in_stock&page=6,359000
notebookcentre,Samsung Galaxy S26 Cobalt Violet / 512 GB,512,Cobalt Violet,https://notebookcentre.am/en/category/smartphones?brand=19&brand=20&brand=24&brand=40&brand=243&sort=low&product_status=in_stock&page=6,359000
notebookcentre,Samsung Galaxy S26 Black / 512 GB,512,Black,https://notebookcentre.am/en/category/smartphones?brand=19&brand=20&brand=24&brand=40&brand=243&sort=low&product_status=in_stock&page=6,359000
notebookcentre,Samsung Galaxy S26 Sky Blue / 512 GB,512,Sky Blue,https://notebookcentre.am/en/category/smartphones?brand=19&brand=20&brand=24&brand=40&brand=243&sort=low&product_status=in_stock&page=6,359000
notebookcentre,Samsung Galaxy S26 Silver Shadow / 512 GB,512,,https://notebookcentre.am/en/category/smartphones?brand=19&brand=20&brand=24&brand=40&brand=243&sort=low&product_status=in_stock&page=6,359000
notebookcentre,Samsung Galaxy S26 White / 512 GB,512,White,https://notebookcentre.am/en/category/smartphones?brand=19&brand=20&brand=24&brand=40&brand=243&sort=low&product_status=in_stock&page=6,359000
notebookcentre,Samsung Galaxy S26 Ultra,,,https://notebookcentre.am/en/category/smartphones?brand=19&brand=20&brand=24&brand=40&brand=243&sort=low&product_status=in_stock&page=6,379000
notebookcentre,Samsung Galaxy S26 Ultra Black / 12 GB / 256 GB,256,Black,https://notebookcentre.am/en/category/smartphones?brand=19&brand=20&brand=24&brand=40&brand=243&sort=low&product_status=in_stock&page=6,379000
notebookcentre,Samsung Galaxy S26 Ultra White / 12 GB / 256 GB,256,White,https://notebookcentre.am/en/category/smartphones?brand=19&brand=20&brand=24&brand=40&brand=243&sort=low&product_status=in_stock&page=6,379000
notebookcentre,Samsung Galaxy S26 Ultra Cobalt Violet / 12 GB / 256 GB,256,Cobalt Violet,https://notebookcentre.am/en/category/smartphones?brand=19&brand=20&brand=24&brand=40&brand=243&sort=low&product_status=in_stock&page=6,379000
notebookcentre,Samsung Galaxy S26 Ultra Silver Shadow / 12 GB / 256 GB,256,,https://notebookcentre.am/en/category/smartphones?brand=19&brand=20&brand=24&brand=40&brand=243&sort=low&product_status=in_stock&page=6,379000
notebookcentre,Samsung Galaxy S26 Ultra Pink Gold / 12 GB / 256 GB,256,,https://notebookcentre.am/en/category/smartphones?brand=19&brand=20&brand=24&brand=40&brand=243&sort=low&product_status=in_stock&page=6,379000
notebookcentre,Samsung Galaxy S25 Edge Titanium Jetblack / 512 GB,512,Titanium Jetblack,https://notebookcentre.am/en/category/smartphones?brand=19&brand=20&brand=24&brand=40&brand=243&sort=low&product_status=in_stock&page=6,389000
notebookcentre,Samsung Galaxy S26+ Sky Blue / 512 GB,512,Sky Blue,https://notebookcentre.am/en/category/smartphones?brand=19&brand=20&brand=24&brand=40&brand=243&sort=low&product_status=in_stock&page=6,389000
notebookcentre,Samsung Galaxy S26+ Cobalt Violet / 512 GB,512,Cobalt Violet,https://notebookcentre.am/en/category/smartphones?brand=19&brand=20&brand=24&brand=40&brand=243&sort=low&product_status=in_stock&page=7,389000
notebookcentre,Samsung Galaxy S26+ White / 512 GB,512,White,https://notebookcentre.am/en/category/smartphones?brand=19&brand=20&brand=24&brand=40&brand=243&sort=low&product_status=in_stock&page=7,389000
notebookcentre,iPhone Air,,,https://notebookcentre.am/en/category/smartphones?brand=19&brand=20&brand=24&brand=40&brand=243&sort=low&product_status=in_stock&page=7,395000
notebookcentre,iPhone Air Space Black / eSim / 256 GB,256,Space Black,https://notebookcentre.am/en/category/smartphones?brand=19&brand=20&brand=24&brand=40&brand=243&sort=low&product_status=in_stock&page=7,395000
notebookcentre,iPhone Air Light Gold / eSim / 256 GB,256,Light Gold,https://notebookcentre.am/en/category/smartphones?brand=19&brand=20&brand=24&brand=40&brand=243&sort=low&product_status=in_stock&page=7,395000
notebookcentre,iPhone Air Cloud White / eSim / 256 GB,256,Cloud White,https://notebookcentre.am/en/category/smartphones?brand=19&brand=20&brand=24&brand=40&brand=243&sort=low&product_status=in_stock&page=7,395000
notebookcentre,iPad Air 11 M4 WiFi + Cellular,,,https://notebookcentre.am/en/category/smartphones?brand=19&brand=20&brand=24&brand=40&brand=243&sort=low&product_status=in_stock&page=7,399000
notebookcentre,Samsung Galaxy Z Flip 7 Jet Black / 512 GB,512,,https://notebookcentre.am/en/category/smartphones?brand=19&brand=20&brand=24&brand=40&brand=243&sort=low&product_status=in_stock&page=7,404000
notebookcentre,Samsung Galaxy Z Flip 7 Blue Shadow / 512 GB,512,Blue Shadow,https://notebookcentre.am/en/category/smartphones?brand=19&brand=20&brand=24&brand=40&brand=243&sort=low&product_status=in_stock&page=7,404000
notebookcentre,iPhone 17,,,https://notebookcentre.am/en/category/smartphones?brand=19&brand=20&brand=24&brand=40&brand=243&sort=low&product_status=in_stock&page=7,429000
notebookcentre,iPhone 17 White / Nano-SIM / 256 GB,256,White,https://notebookcentre.am/en/category/smartphones?brand=19&brand=20&brand=24&brand=40&brand=243&sort=low&product_status=in_stock&page=7,429000
notebookcentre,iPhone 17 Sage / Nano-SIM / 256 GB,256,Sage,https://notebookcentre.am/en/category/smartphones?brand=19&brand=20&brand=24&brand=40&brand=243&sort=low&product_status=in_stock&page=7,429000
notebookcentre,iPhone 17 Mist Blue / Nano-SIM / 256 GB,256,Mist Blue,https://notebookcentre.am/en/category/smartphones?brand=19&brand=20&brand=24&brand=40&brand=243&sort=low&product_status=in_stock&page=7,429000
notebookcentre,iPhone 17 Lavender / Nano-SIM / 256 GB,256,Lavender,https://notebookcentre.am/en/category/smartphones?brand=19&brand=20&brand=24&brand=40&brand=243&sort=low&product_status=in_stock&page=7,429000
notebookcentre,iPhone 17 Black / Nano-SIM / 256 GB,256,Black,https://notebookcentre.am/en/category/smartphones?brand=19&brand=20&brand=24&brand=40&brand=243&sort=low&product_status=in_stock&page=7,429000
notebookcentre,iPhone Air Space Black / eSim / 512 GB,512,Space Black,https://notebookcentre.am/en/category/smartphones?brand=19&brand=20&brand=24&brand=40&brand=243&sort=low&product_status=in_stock&page=7,449000
notebookcentre,Samsung Galaxy S26 Ultra Pink Gold / 12 GB / 512 GB,512,,https://notebookcentre.am/en/category/smartphones?brand=19&brand=20&brand=24&brand=40&brand=243&sort=low&product_status=in_stock&page=7,469000
notebookcentre,Samsung Galaxy S26 Ultra Black / 12 GB / 512 GB,512,Black,https://notebookcentre.am/en/category/smartphones?brand=19&brand=20&brand=24&brand=40&brand=243&sort=low&product_status=in_stock&page=8,469000
notebookcentre,Samsung Galaxy S26 Ultra White / 12 GB / 512 GB,512,White,https://notebookcentre.am/en/category/smartphones?brand=19&brand=20&brand=24&brand=40&brand=243&sort=low&product_status=in_stock&page=8,469000
notebookcentre,Samsung Galaxy S26 Ultra Cobalt Violet / 12 GB / 512 GB,512,Cobalt Violet,https://notebookcentre.am/en/category/smartphones?brand=19&brand=20&brand=24&brand=40&brand=243&sort=low&product_status=in_stock&page=8,469000
notebookcentre,Samsung Galaxy S26 Ultra Sky Blue / 12 GB / 512 GB,512,Blue,https://notebookcentre.am/en/category/smartphones?brand=19&brand=20&brand=24&brand=40&brand=243&sort=low&product_status=in_stock&page=8,469000
notebookcentre,Samsung Galaxy S26 Ultra Silver Shadow / 12 GB / 512 GB,512,,https://notebookcentre.am/en/category/smartphones?brand=19&brand=20&brand=24&brand=40&brand=243&sort=low&product_status=in_stock&page=8,469000
notebookcentre,iPhone 17 Pro,,,https://notebookcentre.am/en/category/smartphones?brand=19&brand=20&brand=24&brand=40&brand=243&sort=low&product_status=in_stock&page=8,488000
notebookcentre,iPhone 17 Pro Silver / eSim / 256 GB,256,Silver,https://notebookcentre.am/en/category/smartphones?brand=19&brand=20&brand=24&brand=40&brand=243&sort=low&product_status=in_stock&page=8,488000
notebookcentre,iPhone 17 Pro Deep Blue / eSim / 256 GB,256,Deep Blue,https://notebookcentre.am/en/category/smartphones?brand=19&brand=20&brand=24&brand=40&brand=243&sort=low&product_status=in_stock&page=8,488000
notebookcentre,iPhone 17 Pro Silver / Nano-SIM / 256 GB,256,Silver,https://notebookcentre.am/en/category/smartphones?brand=19&brand=20&brand=24&brand=40&brand=243&sort=low&product_status=in_stock&page=8,519000
notebookcentre,iPhone 17 Pro Deep Blue / Nano-SIM / 256 GB,256,Deep Blue,https://notebookcentre.am/en/category/smartphones?brand=19&brand=20&brand=24&brand=40&brand=243&sort=low&product_status=in_stock&page=8,519000
notebookcentre,iPhone 17 Pro Cosmic Orange / Nano-SIM / 256 GB,256,Cosmic Orange,https://notebookcentre.am/en/category/smartphones?brand=19&brand=20&brand=24&brand=40&brand=243&sort=low&product_status=in_stock&page=8,519000
notebookcentre,iPhone 17 Pro Max,,,https://notebookcentre.am/en/category/smartphones?brand=19&brand=20&brand=24&brand=40&brand=243&sort=low&product_status=in_stock&page=8,525000
notebookcentre,iPhone 17 Pro Max Silver / eSIm / 256 GB,256,Silver,https://notebookcentre.am/en/category/smartphones?brand=19&brand=20&brand=24&brand=40&brand=243&sort=low&product_status=in_stock&page=8,525000
notebookcentre,iPhone 17 Pro Max Deep Blue / eSim / 256 GB,256,Deep Blue,https://notebookcentre.am/en/category/smartphones?brand=19&brand=20&brand=24&brand=40&brand=243&sort=low&product_status=in_stock&page=8,525000
notebookcentre,Samsung Galaxy Z Fold 7,,,https://notebookcentre.am/en/category/smartphones?brand=19&brand=20&brand=24&brand=40&brand=243&sort=low&product_status=in_stock&page=8,539000
notebookcentre,iPhone 17 Pro Max Cosmic Orange / Nano-SIM / 256 GB,256,Cosmic Orange,https://notebookcentre.am/en/category/smartphones?brand=19&brand=20&brand=24&brand=40&brand=243&sort=low&product_status=in_stock&page=8,569000
notebookcentre,iPhone 17 Pro Max Deep Blue / Nano-SIM / 256 GB,256,Deep Blue,https://notebookcentre.am/en/category/smartphones?brand=19&brand=20&brand=24&brand=40&brand=243&sort=low&product_status=in_stock&page=9,569000
notebookcentre,iPhone 17 Pro Max Silver / Nano-SIM / 256 GB,256,Silver,https://notebookcentre.am/en/category/smartphones?brand=19&brand=20&brand=24&brand=40&brand=243&sort=low&product_status=in_stock&page=9,569000
notebookcentre,iPhone 17 Pro Silver / eSim / 512 GB,512,Silver,https://notebookcentre.am/en/category/smartphones?brand=19&brand=20&brand=24&brand=40&brand=243&sort=low&product_status=in_stock&page=9,588000
notebookcentre,iPhone 17 Pro Cosmic Orange / eSim / 512 GB,512,Cosmic Orange,https://notebookcentre.am/en/category/smartphones?brand=19&brand=20&brand=24&brand=40&brand=243&sort=low&product_status=in_stock&page=9,588000
notebookcentre,iPhone 17 Pro Deep Blue / eSim / 512 GB,512,Deep Blue,https://notebookcentre.am/en/category/smartphones?brand=19&brand=20&brand=24&brand=40&brand=243&sort=low&product_status=in_stock&page=9,588000
notebookcentre,iPhone 17 Pro Deep Blue / Nano-SIM / 512 GB,512,Deep Blue,https://notebookcentre.am/en/category/smartphones?brand=19&brand=20&brand=24&brand=40&brand=243&sort=low&product_status=in_stock&page=9,618000
notebookcentre,iPhone 17 Pro Cosmic Orange / Nano-SIM / 512 GB,512,Cosmic Orange,https://notebookcentre.am/en/category/smartphones?brand=19&brand=20&brand=24&brand=40&brand=243&sort=low&product_status=in_stock&page=9,618000
notebookcentre,iPhone 17 Pro Max Cosmic Orange / eSim / 512 GB,512,Cosmic Orange,https://notebookcentre.am/en/category/smartphones?brand=19&brand=20&brand=24&brand=40&brand=243&sort=low&product_status=in_stock&page=9,625000
notebookcentre,iPhone 17 Pro Max Deep Blue / eSim / 512 GB,512,Deep Blue,https://notebookcentre.am/en/category/smartphones?brand=19&brand=20&brand=24&brand=40&brand=243&sort=low&product_status=in_stock&page=9,625000
notebookcentre,iPhone 17 Pro Max Silver / eSim / 512 GB,512,Silver,https://notebookcentre.am/en/category/smartphones?brand=19&brand=20&brand=24&brand=40&brand=243&sort=low&product_status=in_stock&page=9,625000
notebookcentre,Samsung Galaxy S26 Ultra Sky Blue / 16 GB / 1 TB,1024,Blue,https://notebookcentre.am/en/category/smartphones?brand=19&brand=20&brand=24&brand=40&brand=243&sort=low&product_status=in_stock&page=9,629000
notebookcentre,Samsung Galaxy S26 Ultra White / 16 GB / 1 TB,1024,White,https://notebookcentre.am/en/category/smartphones?brand=19&brand=20&brand=24&brand=40&brand=243&sort=low&product_status=in_stock&page=9,629000
notebookcentre,Samsung Galaxy S26 Ultra Black / 16 GB / 1 TB,1024,Black,https://notebookcentre.am/en/category/smartphones?brand=19&brand=20&brand=24&brand=40&brand=243&sort=low&product_status=in_stock&page=9,629000
notebookcentre,Samsung Galaxy S26 Ultra Silver Shadow / 16 GB / 1 TB,1024,,https://notebookcentre.am/en/category/smartphones?brand=19&brand=20&brand=24&brand=40&brand=243&sort=low&product_status=in_stock&page=9,629000
notebookcentre,Samsung Galaxy S26 Ultra Cobalt Violet / 16 GB / 1 TB,1024,Cobalt Violet,https://notebookcentre.am/en/category/smartphones?brand=19&brand=20&brand=24&brand=40&brand=243&sort=low&product_status=in_stock&page=9,629000
notebookcentre,Samsung Galaxy S26 Ultra Pink Gold / 16 GB / 1 TB,1024,,https://notebookcentre.am/en/category/smartphones?brand=19&brand=20&brand=24&brand=40&brand=243&sort=low&product_status=in_stock&page=9,629000
notebookcentre,iPhone 17 Pro Max Silver / Nano-SIM / 512 GB,512,Silver,https://notebookcentre.am/en/category/smartphones?brand=19&brand=20&brand=24&brand=40&brand=243&sort=low&product_status=in_stock&page=9,668000
notebookcentre,iPhone 17 Pro Max Cosmic Orange / Nano-SIM / 512 GB,512,Cosmic Orange,https://notebookcentre.am/en/category/smartphones?brand=19&brand=20&brand=24&brand=40&brand=243&sort=low&product_status=in_stock&page=9,668000
notebookcentre,iPhone 17 Pro Max Deep Blue / Nano-SIM / 512 GB,512,Deep Blue,https://notebookcentre.am/en/category/smartphones?brand=19&brand=20&brand=24&brand=40&brand=243&sort=low&product_status=in_stock&page=9,668000
notebookcentre,iPhone 17 Pro Silver / eSim / 1 TB,1024,Silver,https://notebookcentre.am/en/category/smartphones?brand=19&brand=20&brand=24&brand=40&brand=243&sort=low&product_status=in_stock&page=10,685000
notebookcentre,iPhone 17 Pro Deep Blue / eSim / 1 TB,1024,Deep Blue,https://notebookcentre.am/en/category/smartphones?brand=19&brand=20&brand=24&brand=40&brand=243&sort=low&product_status=in_stock&page=10,685000
notebookcentre,iPhone 17 Pro Cosmic Orange / eSim / 1 TB,1024,Cosmic Orange,https://notebookcentre.am/en/category/smartphones?brand=19&brand=20&brand=24&brand=40&brand=243&sort=low&product_status=in_stock&page=10,685000
notebookcentre,iPhone 17 Pro Max Silver / eSim / 1 TB,1024,Silver,https://notebookcentre.am/en/category/smartphones?brand=19&brand=20&brand=24&brand=40&brand=243&sort=low&product_status=in_stock&page=10,715000
notebookcentre,iPhone 17 Pro Max Cosmic Orange / eSim / 1 TB,1024,Cosmic Orange,https://notebookcentre.am/en/category/smartphones?brand=19&brand=20&brand=24&brand=40&brand=243&sort=low&product_status=in_stock&page=10,715000
notebookcentre,iPhone 17 Pro Max Deep Blue / eSim / 1 TB,1024,Deep Blue,https://notebookcentre.am/en/category/smartphones?brand=19&brand=20&brand=24&brand=40&brand=243&sort=low&product_status=in_stock&page=10,715000
notebookcentre,iPhone 17 Pro Silver / Nano-SIM / 1 TB,1024,Silver,https://notebookcentre.am/en/category/smartphones?brand=19&brand=20&brand=24&brand=40&brand=243&sort=low&product_status=in_stock&page=10,717000
notebookcentre,iPhone 17 Pro Deep Blue / Nano-SIM / 1 TB,1024,Deep Blue,https://notebookcentre.am/en/category/smartphones?brand=19&brand=20&brand=24&brand=40&brand=243&sort=low&product_status=in_stock&page=10,717000
notebookcentre,iPhone 17 Pro Cosmic Orange / Nano-SIM / 1 TB,1024,Cosmic Orange,https://notebookcentre.am/en/category/smartphones?brand=19&brand=20&brand=24&brand=40&brand=243&sort=low&product_status=in_stock&page=10,717000
notebookcentre,iPhone 17 Pro Max Cosmic Orange / Nano-SIM / 1 TB,1024,Cosmic Orange,https://notebookcentre.am/en/category/smartphones?brand=19&brand=20&brand=24&brand=40&brand=243&sort=low&product_status=in_stock&page=10,765000
notebookcentre,iPhone 17 Pro Max Deep Blue / Nano-SIM / 1 TB,1024,Deep Blue,https://notebookcentre.am/en/category/smartphones?brand=19&brand=20&brand=24&brand=40&brand=243&sort=low&product_status=in_stock&page=10,765000
notebookcentre,iPhone 17 Pro Max Silver / Nano-SIM / 1 TB,1024,Silver,https://notebookcentre.am/en/category/smartphones?brand=19&brand=20&brand=24&brand=40&brand=243&sort=low&product_status=in_stock&page=10,765000
notebookcentre,iPhone 17 Pro Max Cosmic Orange / eSim / 2 TB,2048,Cosmic Orange,https://notebookcentre.am/en/category/smartphones?brand=19&brand=20&brand=24&brand=40&brand=243&sort=low&product_status=in_stock&page=10,839000
notebookcentre,iPhone 17 Pro Max Deep Blue / eSim / 2 TB,2048,Deep Blue,https://notebookcentre.am/en/category/smartphones?brand=19&brand=20&brand=24&brand=40&brand=243&sort=low&product_status=in_stock&page=10,839000
notebookcentre,iPhone 17 Pro Max Cosmic Orange / Nano-SIM / 2 TB,2048,Cosmic Orange,https://notebookcentre.am/en/category/smartphones?brand=19&brand=20&brand=24&brand=40&brand=243&sort=low&product_status=in_stock&page=10,958000
notebookcentre,iPhone 17 Pro Max Deep Blue / Nano-SIM / 2 TB,2048,Deep Blue,https://notebookcentre.am/en/category/smartphones?brand=19&brand=20&brand=24&brand=40&brand=243&sort=low&product_status=in_stock&page=10,958000
notebookcentre,iPhone 17 Pro Max Silver / Nano-SIM / 2 TB,2048,Silver,https://notebookcentre.am/en/category/smartphones?brand=19&brand=20&brand=24&brand=40&brand=243&sort=low&product_status=in_stock&page=10,959000
notebookcentre,Samsung Galaxy A07,,,https://notebookcentre.am/en/category/smartphones?brand=19&brand=20&brand=24&brand=40&brand=243&sort=low&product_status=in_stock,52000
notebookcentre,Samsung Galaxy A07 Light Violet / 64 GB,64,Light Violet,https://notebookcentre.am/en/category/smartphones?brand=19&brand=20&brand=24&brand=40&brand=243&sort=low&product_status=in_stock,52000
notebookcentre,Xiaomi Poco C85 Black / 6 GB / 128 GB,128,Black,https://notebookcentre.am/en/category/smartphones?brand=19&brand=20&brand=24&brand=40&brand=243&sort=low&product_status=in_stock,57000
notebookcentre,Xiaomi Poco C85,,,https://notebookcentre.am/en/category/smartphones?brand=19&brand=20&brand=24&brand=40&brand=243&sort=low&product_status=in_stock,58000
notebookcentre,Samsung Galaxy A07 Light Violet / 128 GB,128,Light Violet,https://notebookcentre.am/en/category/smartphones?brand=19&brand=20&brand=24&brand=40&brand=243&sort=low&product_status=in_stock,58000
notebookcentre,Xiaomi Poco C85 Power Black / 8 GB / 256 GB,256,Black,https://notebookcentre.am/en/category/smartphones?brand=19&brand=20&brand=24&brand=40&brand=243&sort=low&product_status=in_stock,69000
notebookcentre,Xiaomi Poco C85 Spring Green / 8 GB / 256 GB,256,Green,https://notebookcentre.am/en/category/smartphones?brand=19&brand=20&brand=24&brand=40&brand=243&sort=low&product_status=in_stock,69000
notebookcentre,Samsung Galaxy A17,,,https://notebookcentre.am/en/category/smartphones?brand=19&brand=20&brand=24&brand=40&brand=243&sort=low&product_status=in_stock,72000
notebookcentre,Samsung Galaxy A17 Light Blue,,Blue,https://notebookcentre.am/en/category/smartphones?brand=19&brand=20&brand=24&brand=40&brand=243&sort=low&product_status=in_stock,72000
notebookcentre,iPad 11 A16 (2025) WiFi + Cellular Pink / 128 GB,128,Pink,https://notebookcentre.am/en/category/tablets?brand=19&brand=24&brand=40&brand=20&brand=240&sort=low&product_status=in_stock&page=2,239000
notebookcentre,iPad Air 11 M4 WiFi Blue / 128 GB,128,Blue,https://notebookcentre.am/en/category/tablets?brand=19&brand=24&brand=40&brand=20&brand=240&sort=low&product_status=in_stock&page=2,319000
notebookcentre,iPad Air 11 M4 WiFi Purple / 128 GB,128,Purple,https://notebookcentre.am/en/category/tablets?brand=19&brand=24&brand=40&brand=20&brand=240&sort=low&product_status=in_stock&page=2,319000
notebookcentre,iPad Air 11 M4 WiFi Starlight / 128 GB,128,Starlight,https://notebookcentre.am/en/category/tablets?brand=19&brand=24&brand=40&brand=20&brand=240&sort=low&product_status=in_stock&page=2,319000
notebookcentre,iPad Air 11 M4 WiFi Starlight / 256 GB,256,Starlight,https://notebookcentre.am/en/category/tablets?brand=19&brand=24&brand=40&brand=20&brand=240&sort=low&product_status=in_stock&page=2,399000
notebookcentre,iPad Air 11 M4 WiFi Blue / 256 GB,256,Blue,https://notebookcentre.am/en/category/tablets?brand=19&brand=24&brand=40&brand=20&brand=240&sort=low&product_status=in_stock&page=2,399000
notebookcentre,iPad Air 11 M4 WiFi Purple / 256 GB,256,Purple,https://notebookcentre.am/en/category/tablets?brand=19&brand=24&brand=40&brand=20&brand=240&sort=low&product_status=in_stock&page=2,399000
notebookcentre,iPad Air 11 M4 WiFi Space Gray / 256 GB,256,Space Gray,https://notebookcentre.am/en/category/tablets?brand=19&brand=24&brand=40&brand=20&brand=240&sort=low&product_status=in_stock&page=2,399000
notebookcentre,iPad Air 13 M4 WiFi Starlight / 128 GB,128,Starlight,https://notebookcentre.am/en/category/tablets?brand=19&brand=24&brand=40&brand=20&brand=240&sort=low&product_status=in_stock&page=2,439000
notebookcentre,iPad Air 13 M4 WiFi Space Gray / 128 GB,128,Space Gray,https://notebookcentre.am/en/category/tablets?brand=19&brand=24&brand=40&brand=20&brand=240&sort=low&product_status=in_stock&page=2,439000
notebookcentre,iPad Pro 13 M5 WiFi + Cellular Silver / 256 GB,256,Silver,https://notebookcentre.am/en/category/tablets?brand=19&brand=24&brand=40&brand=20&brand=240&sort=low&product_status=in_stock&page=4,695000
notebookcentre,iPad Pro 13 M5 WiFi Silver / 512 GB,512,Silver,https://notebookcentre.am/en/category/tablets?brand=19&brand=24&brand=40&brand=20&brand=240&sort=low&product_status=in_stock&page=4,695000
notebookcentre,iPad Pro 13 M5 WiFi Space Black / 512 GB,512,Space Black,https://notebookcentre.am/en/category/tablets?brand=19&brand=24&brand=40&brand=20&brand=240&sort=low&product_status=in_stock&page=4,695000
ibolit,Apple AirPods Pro 2  USB-C,,,https://ibolit.mobi/product/apple-airpods-pro-2-usb-c/,83900
ibolit,TWS Bluetooth Headsets Apple AirPods Pro 2nd Generation  USB-C,,,https://ibolit.mobi/product/tws-bluetooth-headsets-apple-airpods-pro-2nd-generation-usb-c/,94000
ibolit,Apple Watch Series 10 42mm  Silver,,Silver,https://ibolit.mobi/product/apple-watch-series-10-42mm-silver/,159000
ibolit,Apple AirPods Max  Green,,,https://ibolit.mobi/product/apple-airpods-max-green/,190000
ibolit,Apple AirPods Max  Red,,,https://ibolit.mobi/product/apple-airpods-max-red/,190000
ibolit,Apple AirPods Max  Silver,,,https://ibolit.mobi/product/apple-airpods-max-silver/,190000
ibolit,Apple AirPods Max  Sky Blue,,Blue,https://ibolit.mobi/product/apple-airpods-max-sky-blue/,190000
ibolit,Apple AirPods Max  Type-C   Orange,,Orange,https://ibolit.mobi/product/apple-airpods-max-type-c-orange/,199000
ibolit,Apple AirPods Max  Type-C   Purple,,Purple,https://ibolit.mobi/product/apple-airpods-max-type-c-purple/,199000
ibolit,Apple AirPods Max  Type-C   Starlight,,Starlight,https://ibolit.mobi/product/apple-airpods-max-type-c-starlight/,199000
ibolit,iPhone 15 128GB  Black,128,Black,https://ibolit.mobi/product/iphone-15-128gb-black/,279000
ibolit,iPhone 15 256GB  Black,256,Black,https://ibolit.mobi/product/iphone-15-256gb-black/,365000
ibolit,iPhone 15 256GB  Blue,256,Blue,https://ibolit.mobi/product/iphone-15-256gb-blue/,365000
ibolit,iPhone 15 256GB  Green,256,Green,https://ibolit.mobi/product/iphone-15-256gb-green/,365000
ibolit,iPhone 15 256GB  Pink,256,Pink,https://ibolit.mobi/product/iphone-15-256gb-pink/,365000
ibolit,iPhone 15 256GB  Yellow,256,Yellow,https://ibolit.mobi/product/iphone-15-256gb-yellow/,365000
ibolit,iPhone 16 Plus 128GB  Black,128,Black,https://ibolit.mobi/product/iphone-16-plus-128gb-black/,399000
ibolit,iPhone 16 Plus 128GB  Pink,128,Pink,https://ibolit.mobi/product/iphone-16-plus-128gb-pink/,399000
ibolit,iPhone 16 Plus 128GB  Teal,128,Teal,https://ibolit.mobi/product/iphone-16-plus-128gb-teal/,399000
ibolit,iPhone 16 Plus  128GB  White,128,White,https://ibolit.mobi/product/iphone-16-plus-128gb-white/,399000
ibolit,iPad Pro 11  M4  256GB Wi-Fi Standard Glass Silver,256,Silver,https://ibolit.mobi/product/ipad-pro-11-m4-256gb-wi-fi-standard-glass-silver/,456000
ibolit,iPad Pro 11  M4  256GB Wi-Fi Standard Glass Space Black,256,Space Black,https://ibolit.mobi/product/ipad-pro-11-m4-256gb-wi-fi-standard-glass-space-black/,456000
ibolit,iPhone 16 Plus 256GB  Black,256,Black,https://ibolit.mobi/product/iphone-16-plus-256gb-black/,465000
ibolit,iPhone 16 Plus 256GB  Pink,256,Pink,https://ibolit.mobi/product/iphone-16-plus-256gb-pink/,465000
ibolit,iPhone 16 Plus 256GB  Teal,256,Teal,https://ibolit.mobi/product/iphone-16-plus-256gb-teal/,465000
ibolit,iPhone 16 Plus 256GB  Ultramarine,256,Ultramarine,https://ibolit.mobi/product/iphone-16-plus-256gb-ultramarine/,465000
ibolit,iPhone 16 Plus 256GB  White,256,White,https://ibolit.mobi/product/iphone-16-plus-256gb-white/,465000
ibolit,iPhone 16 Pro Max 256GB  1 SIM Desert Titanium,256,Desert Titanium,https://ibolit.mobi/product/iphone-16-pro-max-256gb-1-sim-desert-titanium/,480000
ibolit,iPhone 16 Pro 256GB  2SIM Black Titanium,256,Black Titanium,https://ibolit.mobi/product/iphone-16-pro-256gb-2sim-black-titanium/,489000
ibolit,iPad Pro 11  M4  512GB Wi-Fi Standard Glass Space Black,512,Space Black,https://ibolit.mobi/product/ipad-pro-11-m4-512gb-wi-fi-standard-glass-space-black/,545000
ibolit,iPad Pro 11  M4  256GB Wi-Fi + 4G Standard Glass Silver,256,Silver,https://ibolit.mobi/product/ipad-pro-11-m4-256gb-wi-fi-4g-standard-glass-silver/,559000
