Store,Product Name,Model,Memory Size,Color,Link,Price,Stock Status,Image_Link,Need
redstore,Samsung Galaxy Buds 3,Galaxy Buds 3,,,https://redstore.am/en/product/samsung-galaxy-buds-3-white,"44,000 AMD",In Stock,https://admin.redstore.am/storage/uploads/2025/10/05/img-6149.jpg,no photo at all
pixel,Xiaomi POCO X8 Pro Max,POCO X8 Pro Max,512 GB,,https://www.pixel.am/am/product/xiaomi-poco-x8-pro-max-5g,"269,900 AMD",In Stock,https://cdn.storech.com/uploads/products/000/000/000/000/022/202/800_1784226517-x8-pro-max-blk-2-sies.png,no photo at all
redstore,Marshall Emberton III,Emberton III,,,https://redstore.am/en/product/marshall-emberton-iii-black,"79,000 AMD",In Stock,https://admin.redstore.am/storage/uploads/2025/11/07/rdghyikl-montaznaia-oblast-1.jpg,no photo at all
pixel,Xiaomi 17T,17T,256 GB / 512 GB,,https://www.pixel.am/am/product/xiaomi-17t,"243,900 AMD",In Stock,https://cdn.storech.com/uploads/products/000/000/000/000/022/216/800_1786483144-17t-blk-2-sides.png,no photo at all
redstore,Xiaomi Redmi 17,Redmi 17,256 GB,,https://redstore.am/en/product/xiaomi-redmi-17-4gb128gb-black,"79,000 AMD",In Stock,https://admin.redstore.am/storage/products/61319/image/12-montaznaia-oblast-1.webp,no photo at all
redstore,Xiaomi Redmi A7 Pro,Redmi A7 Pro,128 GB,,https://redstore.am/en/product/xiaomi-redmi-a7-pro-4gb64gb-mist-blue,"63,900 AMD",In Stock,https://admin.redstore.am/storage/products/60501/image/bezymiannyi-1-montaznaia-oblast-1.webp,no photo at all
mobilecentre,Xiaomi Redmi Note 17 5G,Redmi Note 17 5G,128 GB,,https://mobilecentre.am/product/xiaomi-redmi-note-17-5g/34530/,"97,900 AMD",In Stock,https://mobilecentre.am/img/prodpic/257e9b9ee311d53d119a1.jpg,no photo at all
redstore,Harman Kardon Studio 8,Studio 8,,,https://redstore.am/en/product/harman-kardon-onyx-studio-8-blue,"97,000 AMD",In Stock,https://admin.redstore.am/storage/uploads/2025/10/26/img-8268.jpg,no photo at all
redstore,JBL Flip 6,Flip 6,,,https://redstore.am/en/product/jbl-flip-6-squad,"53,900 AMD",In Stock,https://admin.redstore.am/storage/uploads/2025/10/26/img-8308.jpeg,no photo at all
ibolit,JBL Tune Buds,Tune Buds,,,https://ibolit.mobi/product/jbl-tune-520c-wired-headphonesblack/,"37,900 AMD",In Stock,https://ibolit.mobi/wp-content/uploads/2025/10/708ed30519f4ad52ce677b9226b0836d.jpg,no photo at all
mobilecentre,Xiaomi POCO C81 Pro,POCO C81 Pro,256 GB,,https://mobilecentre.am/product/xiaomi-poco-c81-pro/34242/,"80,900 AMD",In Stock,https://mobilecentre.am/img/prodpic/9d1e3c97912f5a138453New_Project__27_.png,no photo at all
mobilecentre,Xiaomi POCO M7,POCO M7,128 GB / 256 GB,,https://mobilecentre.am/product/xiaomi-poco-m7/32829/,"71,900 AMD",In Stock,https://mobilecentre.am/img/prodpic/92d4259ab37a18c10347New_Project__71_.png,no photo at all
allsell,Xiaomi POCO M8 5G,POCO M8 5G,256 GB,,https://allsell.am/en/xiaomi-poco-m8-5g,"123,900 AMD",In Stock,https://allsell.am/media/catalog/product/cache/6517c62f5899ad6aa0ba23ceb3eeff97/n/e/new_project_6__32_1.jpg,no photo at all
pixel,Xiaomi POCO M8 Pro 5G,POCO M8 Pro 5G,256 GB / 512 GB,,https://www.pixel.am/am/product/xiaomi-poco-m8-pro-5g,"166,900 AMD",In Stock,https://cdn.storech.com/uploads/products/000/000/000/000/022/218/800_1786551826-blk-m8.png,no photo at all
ibolit,Xiaomi POCO X8 Pro 5G,POCO X8 Pro 5G,512 GB,,https://ibolit.mobi/product/xiaomi-poco-x8-pro-8-256-black/,"209,900 AMD",In Stock,https://ibolit.mobi/wp-content/uploads/2026/06/014.gif,no photo at all
mobilecentre,Xiaomi Redmi Note 17 Pro Max 5G,Redmi Note 17 Pro Max 5G,8 GB,,https://mobilecentre.am/product/xiaomi-redmi-note-17-pro-max/34553/,"174,900 AMD",In Stock,https://mobilecentre.am/img/prodpic/d81d8d755e4a4785e4fbNew_Project_-_2026-09-10T161226.046.png,no photo at all
redstore,Apple HomePod Mini,HomePod Mini,,,https://redstore.am/en/product/apple-homepod-mini-yellow,"59,900 AMD",In Stock,https://admin.redstore.am/storage/products/59800/image/hio-montaznaia-oblast-1.jpg,no photo at all
redstore,Beats Studio Buds,Studio Buds,,,https://redstore.am/en/product/beats-studio-buds-blue,"67,900 AMD",In Stock,https://admin.redstore.am/storage/uploads/2025/11/12/cdse-montaznaia-oblast-1.jpg,no photo at all
redstore,DJI Mic Mini,Mic Mini,,,https://redstore.am/en/product/dji-mic-mini-transmitter,"31,900 AMD",In Stock,https://admin.redstore.am/storage/products/60637/image/7-montaznaia-oblast-1.webp,no photo at all
redstore,DJI Osmo Action 6,Osmo Action 6,,,https://redstore.am/en/product/dji-osmo-action-6-standart-combo-black,"239,000 AMD",In Stock,https://admin.redstore.am/storage/products/60564/image/hhj-montaznaia-oblast-1.webp,no photo at all
planet3d,DJI Osmo Pocket 4,Osmo Pocket 4,,,https://3dplanet.am/en/store/product/dji-osmo-pocket-4,"279,900 AMD",In Stock,https://3dplanet.am/images/logo.png,no photo at all
redstore,Harman Kardon Studio 9,Studio 9,,,https://redstore.am/en/product/harman-kardon-onyx-studio-9-black,"135,000 AMD",In Stock,https://admin.redstore.am/storage/uploads/2025/10/26/img-8271.jpg,no photo at all
telecom,Honor Pad 10 5G,Pad 10 5G,256 GB,,https://www.telecomarmenia.am/eshop/hy/devices/honor-pad-10-256g-gray/2559/,"159,900 AMD",In Stock,https://www.telecomarmenia.am/eshop/images/product/12/1770211453921.png,no photo at all
telecom,Honor X7d,X7d,128 GB / 256 GB,,https://www.telecomarmenia.am/eshop/hy/smartphones/honor-x7d-6-128gb-velvet-black/2572/,"68,900 AMD",In Stock,https://www.telecomarmenia.am/eshop/images/product/14/17873065503645.jpeg,no photo at all
vlv,Honor X7E,X7E,256 GB,,https://vlv.am/en/Product/48617,"89,900 AMD",In Stock,https://vlv.am/public/uploads/images/26-08-2026/6a8e88eb64df6.webp,no photo at all
allsell,JBL Xtreme 4,Xtreme 4,,,https://allsell.am/en/jbl-xtreme4-portable-wireless-speaker,"137,000 AMD",In Stock,https://allsell.am/media/catalog/product/cache/6517c62f5899ad6aa0ba23ceb3eeff97/f/r/frame_1_-_2025-09-10t212954.621_1.jpg,no photo at all
redstore,Marshall Acton III,Acton III,,,https://redstore.am/en/product/marshall-acton-iii-black,"109,000 AMD",In Stock,https://admin.redstore.am/storage/uploads/2025/10/26/img-8462.jpeg,no photo at all
redstore,Marshall Willen II,Willen II,,,https://redstore.am/en/product/marshall-willen-ii-blackbrass,"59,000 AMD",In Stock,https://admin.redstore.am/storage/uploads/2025/10/26/img-8490.jpeg,no photo at all
redstore,Marshall Woburn III,Woburn III,,,https://redstore.am/en/product/marshall-woburn-iii-black,"189,000 AMD",In Stock,https://admin.redstore.am/storage/uploads/2025/10/26/img-8544.jpeg,no photo at all
redstore,Whoop Life,Life,,,https://redstore.am/en/product/whoop-life-mg-fitness-trackerws50,"189,000 AMD",In Stock,https://admin.redstore.am/storage/products/60267/image/kok-montaznaia-oblast-1.webp,no photo at all
ibolit,Xiaomi POCO F7 Pro,POCO F7 Pro,12 GB,,https://ibolit.mobi/product/xiaomi-poco-f7-pro-12-256gbblack/,"256,900 AMD",In Stock,https://ibolit.mobi/wp-content/uploads/2025/10/a0484f4a909d5b0e39ec761f88350b0c.jpg,no photo at all
allsell,Apple iPad 11,iPad 11,,,https://allsell.am/en/ipad-11inch-a16-wifi-2025,"189,000 AMD",In Stock,https://allsell.am/media/catalog/product/cache/6517c62f5899ad6aa0ba23ceb3eeff97/n/e/new_project_246.jpg,no photo at all
planet3d,Apple Watch Ultra 2,Watch Ultra 2,49mm,,https://3dplanet.am/en/store/product/apple-watch-ultra-2,"406,500 AMD",In Stock,https://3dplanet.am/images/logo.png,no photo at all
planet3d,ASUS Vivobook 15 X1504VA,Vivobook 15 X1504VA,,,https://3dplanet.am/en/store/product/asus-vivobook-15-x1504va-ultra-5-120u,"319,900 AMD",In Stock,https://3dplanet.am/images/logo.png,no photo at all
redstore,Beats Fit Pro,Fit Pro,,,https://redstore.am/en/product/beats-fit-pro-black,"89,900 AMD",In Stock,https://admin.redstore.am/storage/uploads/2025/10/05/img-5980.png,no photo at all
planet3d,Dyson Supersonic Nural HD16,Supersonic Nural HD16,,,https://3dplanet.am/en/store/product/dyson-supersonic-nural-hd16-diffuse-red-velvet,"246,000 AMD",In Stock,https://3dplanet.am/images/logo.png,no photo at all
ucom,Honor CHOICE X7 lite,CHOICE X7 lite,,,https://shop.ucom.am/am/honor-choice-earbuds-x7-lite.html,"8,900 AMD",In Stock,https://shop.ucom.am/media/catalog/product/cache/9bb9d677791f8666003e194c8a94aeff/i/m/image_-_2026-06-01t112138.438_1.webp,no photo at all
redstore,JBL Boombox 3 Squad,Boombox 3 Squad,,,https://redstore.am/en/product/jbl-boombox-3-squad,"179,900 AMD",In Stock,https://admin.redstore.am/storage/uploads/2025/10/26/img-8277.jpeg,no photo at all
redstore,JBL Live 770 NC,Live 770 NC,,,https://redstore.am/en/product/jbl-live-770nc-blue,"77,000 AMD",In Stock,https://admin.redstore.am/storage/uploads/2025/10/17/img-6801.jpeg,no photo at all
ibolit,JBL Live Flex,Live Flex,,,https://ibolit.mobi/product/jbl-live-flex-black-2/,"73,000 AMD",In Stock,https://ibolit.mobi/wp-content/uploads/2025/10/flex.jpg,no photo at all
redstore,JBL Partybox 120,Partybox 120,,,https://redstore.am/en/product/jbl-partybox-120-black,"159,000 AMD",In Stock,https://admin.redstore.am/storage/uploads/2025/10/26/img-8344.jpg,no photo at all
redstore,JBL PartyBox 310,PartyBox 310,,,https://redstore.am/en/product/jbl-partybox-310,"249,990 AMD",In Stock,https://admin.redstore.am/storage/uploads/2025/10/26/img-8347.jpg,no photo at all
redstore,JBL Partybox 320,Partybox 320,,,https://redstore.am/en/product/jbl-partybox-320-black,"205,000 AMD",In Stock,https://admin.redstore.am/storage/uploads/2025/10/25/img-8129.jpg,no photo at all
ibolit,JBL PartyBox 710,PartyBox 710,,,https://ibolit.mobi/product/jbl-partybox-710/,"299,900 AMD",In Stock,https://ibolit.mobi/wp-content/uploads/2025/03/red1812_1.jpg,no photo at all
redstore,JBL Wave Buds,Wave Buds,,,https://redstore.am/en/product/jbl-wave-buds-teal,"27,900 AMD",In Stock,https://admin.redstore.am/storage/uploads/2025/11/12/5678i9-montaznaia-oblast-1.jpg,no photo at all
redstore,Marshall Middleton,Middleton,,,https://redstore.am/en/product/marshall-middleton-blackbrass,"125,000 AMD",In Stock,https://admin.redstore.am/storage/uploads/2025/11/07/vgvggh-montaznaia-oblast-1.jpg,no photo at all
ibolit,Marshall Willen,Willen,,,https://ibolit.mobi/product/marshall-willen-black/,"54,000 AMD",In Stock,https://ibolit.mobi/wp-content/uploads/2025/03/red1835_1.jpg,no photo at all
redstore,Samsung Galaxy Buds 2,Galaxy Buds 2,,,https://redstore.am/en/product/samsung-galaxy-buds-2-graphite,"42,000 AMD",In Stock,https://admin.redstore.am/storage/uploads/2025/10/05/img-6121.jpg,no photo at all
redstore,Samsung Galaxy Watch 9,Galaxy Watch 9,40mm / 44mm,,https://redstore.am/en/product/samsung-galaxy-watch-9-44mm-silver,"148,000 AMD",In Stock,https://admin.redstore.am/storage/products/61328/image/6-montaznaia-oblast-1.webp,no photo at all
redstore,Sony WH-1000XM5,WH-1000XM5,,,https://redstore.am/en/product/sony-wh-1000xm5-headphones-silver,"199,900 AMD",In Stock,https://admin.redstore.am/storage/uploads/2025/10/09/img-6513.jpg,no photo at all
vlv,Xiaomi Poco F6,Poco F6,512 GB,,https://vlv.am/en/Product/35848,"192,000 AMD",In Stock,https://vlv.am/public/uploads/images/15-06-2026/6a2fce52b714b.webp,no photo at all
ibolit,Xiaomi Poco X7,Poco X7,512 GB,,https://ibolit.mobi/product/xiaomi-poco-x7-8-256gb-green/,"117,000 AMD",In Stock,https://ibolit.mobi/wp-content/uploads/2025/09/04d997882bfd270b1f0dace64234922d.png,no photo at all
allsell,Acer Swift 3 SF314 59 75QC,Swift 3 SF314 59 75QC,,,https://allsell.am/en/acer-swift-3-sf314-59-75qc,"295,000 AMD",In Stock,https://allsell.am/media/catalog/product/cache/6517c62f5899ad6aa0ba23ceb3eeff97/s/t/stella_11_.jpg,no photo at all
mobilecentre,Apple iPad Air 11 Wi-Fi + Cellular 2024,iPad Air 11 Wi-Fi + Cellular 2024,128 GB / 256 GB,,https://mobilecentre.am/product/ipad-air-11-wi-fi-+-cellular-128gb-_2024_-_muxf3_-starlight/31149/,"405,000 AMD",In Stock,https://mobilecentre.am/img/prodpic/6fd5933268a266c27c62674b00245fbb7697c336New_Project__27_.png,no photo at all
mobilecentre,Apple iPad Air 13 Wi-Fi + Cellular 2024,iPad Air 13 Wi-Fi + Cellular 2024,128 GB / 256 GB,,https://mobilecentre.am/product/ipad-air-13-wi-fi-+-cellular-128gb-_2024_-_mv6u3_-purple/31159/,"521,000 AMD",In Stock,https://mobilecentre.am/img/prodpic/bb6594bf77e82caa4eef449862d001e3de48d59bNew_Project__29_.png,no photo at all
mobilecentre,Apple iPad Air 13 Wi-Fi 2024,iPad Air 13 Wi-Fi 2024,256 GB,,https://mobilecentre.am/product/ipad-air-13-wi-fi-128gb-_2024_-_mv293_-starlight/31160/,"493,000 AMD",In Stock,https://mobilecentre.am/img/prodpic/444523feadae1d496fb9608d5f654ce7fb5266fdNew_Project__34_.png,no photo at all
istore,Apple iPhone 15 Pro,iPhone 15 Pro,512 GB / 1 TB,,https://istore.am/product/iphone-15-pro-128-gb-natural-titanium-mtux3--1571,"575,900 AMD",In Stock,https://istore.am/product_image/1571/1694894487_1ab11214e0ed4d960f80.jpg,no photo at all
pixel,Apple Macbook PRO 14 M4,Macbook PRO 14 M4,,,https://www.pixel.am/am/product/macbook-pro-14-m4,"669,000 AMD",In Stock,https://cdn.storech.com/uploads/products/000/000/000/000/022/077/800_1775455071-1731855910-macbook-pro-14-silver-2.png,no photo at all
eldorado,ASUS P5405CSA,P5405CSA,,,https://eldorado.am/en/laptop-asus-p5405csa-p5405csa-nz0209-90nx0861-m008b0,"469,900 AMD",In Stock,https://eldorado.am/media/catalog/product/cache/681e1428580345c5767d232a095c7350/l/a/laptop_-asus_-p5405csa_-_p5405csa-nz0209_-_90nx0861-m008b0_-dyurakir-hamakargich-noutbuk-1-eldorado-armenia.jpg,no photo at all
allsell,ASUS VG279Q3A 90LM0990-B01170,VG279Q3A 90LM0990-B01170,,,https://allsell.am/en/asus-vg279q3a-90lm0990-b01170,"109,900 AMD",In Stock,https://allsell.am/media/catalog/product/cache/6517c62f5899ad6aa0ba23ceb3eeff97/v/g/vg249q3a_1.png,no photo at all
allsell,ASUS VY249HF-W,VY249HF-W,,,https://allsell.am/en/asus-24-vy249hf-w,"59,900 AMD",In Stock,https://allsell.am/media/catalog/product/cache/6517c62f5899ad6aa0ba23ceb3eeff97/v/y/vy249hf-w.png,no photo at all
allsell,ASUS VY279HF-W 90LM06D2-B02170,VY279HF-W 90LM06D2-B02170,,,https://allsell.am/en/asus-vy279hf-w-90lm06d2-b02170,"77,900 AMD",In Stock,https://allsell.am/media/catalog/product/cache/6517c62f5899ad6aa0ba23ceb3eeff97/n/e/new_project_7__48.jpg,no photo at all
mobilecentre,Beats Flex All-Day,Flex All-Day,,,https://mobilecentre.am/product/beats-headphone-flex-all-day-_mymc2_-black/16101/,"31,900 AMD",In Stock,https://mobilecentre.am/img/prodpic/c216dbba97cb6ffc8ce0MYMC2.jpg,no photo at all
istore,Bose QuietComfort 45 Acoustic,QuietComfort 45 Acoustic,,,https://istore.am/product/bose-quietcomfort-45-acoustic-black-1760,"126,900 AMD",In Stock,https://istore.am/product_image/1760/1700550812_c9b086d058bd3c24c61d.jpg,no photo at all
redstore,Bose QuietComfort II,QuietComfort II,,,https://redstore.am/en/product/bose-quietcomfort-earbuds-ii-black,"109,900 AMD",In Stock,https://admin.redstore.am/storage/uploads/2025/10/06/img-6223.jpg,no photo at all
ibolit,Bose Soundlink Mini II,Soundlink Mini II,,,https://ibolit.mobi/product/bose-soundlink-mini-ii-silver/,"82,900 AMD",In Stock,https://ibolit.mobi/wp-content/uploads/2025/03/red1932_1.jpg,no photo at all
redstore,Bose SoundLink Revolve II,SoundLink Revolve II,,,https://redstore.am/en/product/bose-soundlink-revolve-ii-silver,"109,900 AMD",In Stock,https://admin.redstore.am/storage/uploads/2025/10/26/img-8132.jpg,no photo at all
allsell,Dell Inspiron 16 Plus 7630,Inspiron 16 Plus 7630,1 TB,,https://allsell.am/en/dell-inspiron-16-plus-7630-16gb-i-1tb,"509,000 AMD",In Stock,https://allsell.am/media/catalog/product/cache/6517c62f5899ad6aa0ba23ceb3eeff97/f/r/frame_1_-_2025-09-18t210324.637.jpg,no photo at all
allsell,Dell XPS 16 9640,XPS 16 9640,,,https://allsell.am/en/dell-xps-16-9640,"799,000 AMD",In Stock,https://allsell.am/media/catalog/product/cache/6517c62f5899ad6aa0ba23ceb3eeff97/d/f/dfce0d0d672538fbe1702996d41f6794-hi_1.jpg,no photo at all
allsell,Dyson Airstrait HT01,Airstrait HT01,,,https://allsell.am/en/dyson-ht01-airstrait-straightener-jasper-plum,"189,000 AMD",In Stock,https://allsell.am/media/catalog/product/cache/6517c62f5899ad6aa0ba23ceb3eeff97/h/t/ht01jasperplum.png,no photo at all
ibolit,Dyson Airwrap HS08,Airwrap HS08,,,https://ibolit.mobi/product/dyson-airwrap-hs08-red-velvet-gold/,"254,000 AMD",In Stock,https://ibolit.mobi/wp-content/uploads/2025/04/nibl_41.jpg,no photo at all
planet3d,Dyson Airwrap Origin HS05,Airwrap Origin HS05,,,https://3dplanet.am/en/store/product/dyson-airwrap-origin-hs05-nickelcopper,"196,000 AMD",In Stock,https://3dplanet.am/images/logo.png,no photo at all
eldorado,Dyson HD16 Supersonic Nural Jasper Plum,HD16 Supersonic Nural Jasper Plum,,,https://eldorado.am/en/hair-dryer-dyson-hd16-supersonic-nural-jasper-plum-599009-01,"249,000 AMD",In Stock,https://eldorado.am/media/catalog/product/cache/681e1428580345c5767d232a095c7350/h/a/hair-dryer-dyson-hd16-supersonic-nural-jasper-plum-_599009-01_-1-eldorado-armenia.jpg,no photo at all
allsell,Dyson HD18 Supersonic Vinca Blue/Topaz,HD18 Supersonic Vinca Blue/Topaz,,,https://allsell.am/en/dyson-hd18-supersonic-vinca-blue-topaz,"233,000 AMD",In Stock,https://allsell.am/media/catalog/product/cache/6517c62f5899ad6aa0ba23ceb3eeff97/c/4/c40d27a0-9461-4533-b39c-8c0f88f30c75.png,no photo at all
planet3d,Dyson V12 Detect Slim Cordless Vacuum Cleaner,V12 Detect Slim Cordless Vacuum Cleaner,,,https://3dplanet.am/en/store/product/dyson-v12-detect-slim-cordless-vacuum-cleaner,"295,000 AMD",In Stock,https://3dplanet.am/images/logo.png,no photo at all
redstore,Dyson Zone,Zone,,,https://redstore.am/en/product/dyson-zone-wp01ultra-blueprussian-blue,"319,900 AMD",In Stock,https://admin.redstore.am/storage/uploads/2025/10/07/img-6270.jpg,no photo at all
eldorado,"Garmin Instinct 3, AMOLED","Instinct 3, AMOLED",45mm / 50mm,,https://eldorado.am/en/garmin-instinctr-3-45-mm-amoled-010-02936-00,"158,400 AMD",In Stock,https://eldorado.am/media/catalog/product/cache/681e1428580345c5767d232a095c7350/g/a/garmin_instinct_3_45_mm_amoled_010-02936-00-4.png,no photo at all
eldorado,Garmin Venu 4,Venu 4,41mm / 45mm,,https://eldorado.am/en/garmin-venu-4-010-03014-00-45-mm,"239,000 AMD",In Stock,https://eldorado.am/media/catalog/product/cache/681e1428580345c5767d232a095c7350/s/m/smart-watch-garmin-venu-4.png,no photo at all
eldorado,Honor 200,200,256 GB,,https://eldorado.am/en/microsoft-surface-laptop-go-2,"159,900 AMD",In Stock,https://eldorado.am/media/catalog/product/cache/681e1428580345c5767d232a095c7350/m/i/microsoft_-surface_-laptop_-go-_2_-dyurakir-hamakargich-noutbuk-eldorado-armenia.jpg,no photo at all
vlv,Honor CHOICE ROS-ME01,CHOICE ROS-ME01,,,https://vlv.am/en/Product/44443,"19,900 AMD",In Stock,https://vlv.am/public/uploads/images/26-03-2026/69c53b5793ee8.webp,no photo at all
eldorado,Honor Choice Watch 2i,Choice Watch 2i,,,https://eldorado.am/en/smart-watch-honor-choice-infowear-watch-2i-kch-wb01-5504acgm-black,"19,900 AMD",In Stock,https://eldorado.am/media/catalog/product/cache/681e1428580345c5767d232a095c7350/s/m/smart-watch-honor-choice-infowear-watch-2i-kch-wb01-_5504acgm_-black_-smart-jamacuyc-smart-chasy-1-eldorado-armenia.png,no photo at all
eldorado,Honor Pad X9a,Pad X9a,8 GB,,https://eldorado.am/en/tablet-honor-pad-x9a-5301amvj-gray,"169,900 AMD",In Stock,https://eldorado.am/media/catalog/product/cache/681e1428580345c5767d232a095c7350/t/a/tablet-honor-pad-x9a-5301amvj-gray-1-eldorado-armenia.png,no photo at all
allsell,HP EliteBook 8 Flip G1i,EliteBook 8 Flip G1i,32 GB,,https://allsell.am/en/hp-elitebook-8-flip-g1i-ultra-7-255u-32gb-i-512gb-a37g0et,"789,000 AMD",In Stock,https://allsell.am/media/catalog/product/cache/6517c62f5899ad6aa0ba23ceb3eeff97/n/e/new_project_101_1.png,no photo at all
planet3d,HP OmniBook 5 16,OmniBook 5 16,,,https://3dplanet.am/en/store/product/hp-omnibook-5-16-ag1065,"439,900 AMD",In Stock,https://3dplanet.am/images/logo.png,no photo at all
redstore,JBL Boombox 3,Boombox 3,,,https://redstore.am/en/product/jbl-boombox-3-black,"187,000 AMD",In Stock,https://admin.redstore.am/storage/uploads/2025/11/07/ffv-montaznaia-oblast-1.jpg,no photo at all
ibolit,JBL Clip 4,Clip 4,,,https://ibolit.mobi/product/jbl-clip-4-black/,"21,900 AMD",In Stock,https://ibolit.mobi/wp-content/uploads/2025/03/red1809_1.jpg,no photo at all
ibolit,JBL Go 3,Go 3,,,https://ibolit.mobi/product/jbl-go-3-blue/,"16,000 AMD",In Stock,https://ibolit.mobi/wp-content/uploads/2025/03/red1818_1.jpg,no photo at all
redstore,JBL Live Pro 2 TWC,Live Pro 2 TWC,,,https://redstore.am/en/product/jbl-live-pro-2-twc-blue,"65,900 AMD",In Stock,https://admin.redstore.am/storage/uploads/2025/10/17/img-7144.jpg,no photo at all
vlv,JBL PartyBox Stage 320,PartyBox Stage 320,,,https://vlv.am/en/Product/48544,"255,000 AMD",In Stock,https://vlv.am/public/uploads/images/24-08-2026/6a8c451e3badd.webp,no photo at all
redstore,JBL Tune Beam,Tune Beam,,,https://redstore.am/en/product/jbl-tune-beam-purple,"35,900 AMD",In Stock,https://admin.redstore.am/storage/uploads/2025/11/12/gbfddfhy-montaznaia-oblast-1.jpg,no photo at all
ibolit,JBL Tune Flex,Tune Flex,,,https://ibolit.mobi/product/jbl-tune-flex-white/,"44,900 AMD",In Stock,https://ibolit.mobi/wp-content/uploads/2025/03/red2084_1.jpg,no photo at all
ibolit,JBL Xtreme 3,Xtreme 3,,,https://ibolit.mobi/product/jbl-xtreme-3-black/,"99,900 AMD",In Stock,https://ibolit.mobi/wp-content/uploads/2025/03/red1779_1.jpg,no photo at all
redstore,JBL Xtreme 4 Squad,Xtreme 4 Squad,,,https://redstore.am/en/product/jbl-xtreme-4-squad,"142,000 AMD",In Stock,https://admin.redstore.am/storage/uploads/2025/10/26/img-8362.jpg,no photo at all
redstore,Lenovo IdeaCentre AIO 24IRH9,IdeaCentre AIO 24IRH9,,,https://redstore.am/en/product/lenovo-ideacentre-aio-24irh9,"389,900 AMD",In Stock,https://admin.redstore.am/storage/products/60813/image/bezymiannyi-1-montaznaia-oblast-1.webp,no photo at all
allsell,Lenovo IdeaPad 5 2-in-1 14IRU9,IdeaPad 5 2-in-1 14IRU9,512 GB,,https://allsell.am/en/lenovo-ideapad-5-2-in-1-14iru9-83dt0077rk-16gb-i-512gb,"479,900 AMD",In Stock,https://allsell.am/media/catalog/product/cache/6517c62f5899ad6aa0ba23ceb3eeff97/f/r/frame_1_-_2025-08-16t204542.288.jpg,no photo at all
vlv,Lenovo LOQ 15IRX10,LOQ 15IRX10,,,https://vlv.am/en/Product/47631,"599,900 AMD",In Stock,https://vlv.am/public/uploads/images/18-09-2026/6aace2e59f113.webp,no photo at all
allsell,Lenovo ThinkBOOK 16 G8 IRL,ThinkBOOK 16 G8 IRL,512 GB,,https://allsell.am/en/lenovo-thinkbook-16-g8-irl-core-3-8gb-i-512gb-21sh008lrt,"389,900 AMD",In Stock,https://allsell.am/media/catalog/product/cache/6517c62f5899ad6aa0ba23ceb3eeff97/t/h/thinkbook_2.jpg,no photo at all
allsell,LG 24U411A-B,24U411A-B,,,https://allsell.am/en/lg-24u411a-b,"57,900 AMD",In Stock,https://allsell.am/media/catalog/product/cache/6517c62f5899ad6aa0ba23ceb3eeff97/2/4/24u411a-b.png,no photo at all
ibolit,LG 27SR50F-W,27SR50F-W,,,https://ibolit.mobi/product/lg-27-27sr50f-w-with-webos/,"124,900 AMD",In Stock,https://ibolit.mobi/wp-content/uploads/2025/03/note_1643.jpg,no photo at all
allsell,LG 32SR50F-W,32SR50F-W,,,https://allsell.am/en/lg-32-32sr50f-w-with-webos,"159,900 AMD",In Stock,https://allsell.am/media/catalog/product/cache/6517c62f5899ad6aa0ba23ceb3eeff97/n/e/new_project_5_.png,no photo at all
ibolit,Marshall Uxbridge,Uxbridge,,,https://ibolit.mobi/product/marshall-uxbridge/,"105,000 AMD",In Stock,https://ibolit.mobi/wp-content/uploads/2025/03/red1786_1.jpg,no photo at all
mobilecentre,Samsung Galaxy A07s,Galaxy A07s,64 GB,,https://mobilecentre.am/product/samsung-galaxy-a07s/34452/,"59,900 AMD",In Stock,https://mobilecentre.am/img/prodpic/2ba510e219a82be75ecaNew_Project_-_2026-09-17T104639.829.png,no photo at all
mobilecentre,Samsung Galaxy A08,Galaxy A08,128 GB,,https://mobilecentre.am/product/samsung-galaxy-a08/34458/,"84,900 AMD",In Stock,https://mobilecentre.am/img/prodpic/c06d0bde49c777d37c29New_Project_-_2026-09-17T115526.899.png,no photo at all
pixel,Samsung Galaxy Buds 2 Pro,Galaxy Buds 2 Pro,,,https://www.pixel.am/am/product/galaxy-buds-2-pro,"48,000 AMD",In Stock,https://cdn.storech.com/uploads/products/000/000/000/000/022/068/800_1774851580-1663855773-web-akanjakali-chapser-buds-2-pro-sev-1.png,no photo at all
mobilecentre,Samsung Galaxy Buds 3 FE,Galaxy Buds 3 FE,,,https://mobilecentre.am/product/original-samsung-galaxy-buds-3-fe-headphone-r420-_gray_/32532/,"36,000 AMD",In Stock,https://mobilecentre.am/img/prodpic/8d75cd28f68af3a0a021New_Project_-_2025-09-09T143106.937.png,no photo at all
pixel,Samsung Galaxy Tab A9 X110,Galaxy Tab A9 X110,64 GB,,https://www.pixel.am/am/product/samsung-galaxy-tab-a9-x110,"43,900 AMD",In Stock,https://cdn.storech.com/uploads/products/000/000/000/000/022/140/800_1776189127-1740591647-a9-graphite.png,no photo at all
pixel,Samsung Galaxy Tab A9 X115,Galaxy Tab A9 X115,64 GB / 128 GB,,https://www.pixel.am/am/product/samsung-galaxy-tab-a9-x115,"55,900 AMD",In Stock,https://cdn.storech.com/uploads/products/000/000/000/000/022/141/800_1776189628-1740591647-a9-graphite.png,no photo at all
pixel,Samsung Galaxy Tab A9+ X210,Galaxy Tab A9+ X210,64 GB,,https://www.pixel.am/am/product/samsung-galaxy-tab-a9-plus-x210,"66,900 AMD",In Stock,https://cdn.storech.com/uploads/products/000/000/000/000/022/142/800_1776190367-1740594286-a9-plus-graphite.png,no photo at all
pixel,Samsung Galaxy Tab A9+ X216,Galaxy Tab A9+ X216,64 GB / 128 GB,,https://www.pixel.am/am/product/samsung-galaxy-tab-a9-plus-x216,"79,900 AMD",In Stock,https://cdn.storech.com/uploads/products/000/000/000/000/022/143/800_1776190805-1740594286-a9-plus-graphite.png,no photo at all
mobilecentre,Samsung Galaxy Watch Active 2,Galaxy Watch Active 2,,,https://mobilecentre.am/product/original-samsung-galaxy-watch-active-2-44mm-r820-_black_/14492/,"59,000 AMD",In Stock,https://mobilecentre.am/img/prodpic/d50a6559b3f5e87758961.png,no photo at all
vlv,Samsung UE65M80HAUXPY,UE65M80HAUXPY,,,https://vlv.am/en/Product/46184,"479,000 AMD",In Stock,https://vlv.am/public/uploads/images/13-06-2026/6a2d22a320162.webp,no photo at all
allsell,Sony PS5 PULSE Elite Wireless,PS5 PULSE Elite Wireless,,,https://allsell.am/en/ps5-pulse-elite-wireless-headset-white,"69,000 AMD",In Stock,https://allsell.am/media/catalog/product/cache/6517c62f5899ad6aa0ba23ceb3eeff97/f/r/frame_1_90__2.jpg,no photo at all
eldorado,Sony PULSE Explore,PULSE Explore,,,https://eldorado.am/en/sony-pulse-explore-white,"89,900 AMD",In Stock,https://eldorado.am/media/catalog/product/cache/681e1428580345c5767d232a095c7350/w/a/watch_s1_active_1__1.jpg,no photo at all
vlv,Sony WF-C510/YC,WF-C510/YC,,,https://vlv.am/en/Product/42922,"31,900 AMD",In Stock,https://vlv.am/public/uploads/images/04-12-2025/69313039caf75.webp,no photo at all
redstore,Sony WH-CH720,WH-CH720,,,https://redstore.am/en/product/sony-wh-ch720nc-white,"57,900 AMD",In Stock,https://admin.redstore.am/storage/uploads/2025/10/09/img-6499.jpg,no photo at all
mobilecentre,Xiaomi Redmi 10C,Redmi 10C,,,https://mobilecentre.am/product/xiaomi-redmi-10c/27428/,"52,900 AMD",In Stock,https://mobilecentre.am/img/prodpic/38dd4b0ed11fde552fc0Новый_проект__1_.png,no photo at all
ucom,Xiaomi Redmi Buds 4 Active,Redmi Buds 4 Active,,,https://shop.ucom.am/am/xiaomi-redmi-buds-4-active.html,"19,000 AMD",In Stock,https://shop.ucom.am/media/catalog/product/cache/9bb9d677791f8666003e194c8a94aeff/i/m/image_-_2026-06-05t111235.581_1.png?___store=am,no photo at all
redstore,Xiaomi Redmi Buds 8 Lite,Redmi Buds 8 Lite,,,https://redstore.am/en/product/xiaomi-redmi-buds-8-lite-black,"14,900 AMD",In Stock,https://admin.redstore.am/storage/products/60223/image/ser5r-montaznaia-oblast-1.webp,no photo at all
allsell,Xiaomi Redmi Note 14 Pro Plus 5G,Redmi Note 14 Pro Plus 5G,,,https://allsell.am/en/xiaomi-redmi-note-14-pro-plus-5g,"145,000 AMD",In Stock,https://allsell.am/media/catalog/product/cache/6517c62f5899ad6aa0ba23ceb3eeff97/n/e/new_project_2__153.jpg,no photo at all
mobilecentre,Xiaomi Redmi Note 15 Pro Plus 5G,Redmi Note 15 Pro Plus 5G,,,https://mobilecentre.am/product/xiaomi-redmi-note-15-pro+/33375/,"173,000 AMD",In Stock,https://mobilecentre.am/img/prodpic/c9d22d3cd067f7c0671bNew_Project_-_2026-01-21T101613.301.png,no photo at all
mobilecentre,Xiaomi Redmi Note 17 4G,Redmi Note 17 4G,8 GB,,https://mobilecentre.am/product/xiaomi-redmi-note-17-4g/34520/,"129,900 AMD",In Stock,https://mobilecentre.am/img/prodpic/68361043a6f8e9c4c28c1.jpg,no photo at all
eldorado,Xiaomi Redmi Pad 2 Pro,Redmi Pad 2 Pro,8 GB,,https://eldorado.am/en/tablet-redmi-pad-2-pro-8gb-256gb-ru-25099rp13g-graphite-gray,"142,900 AMD",In Stock,https://eldorado.am/media/catalog/product/cache/681e1428580345c5767d232a095c7350/t/a/tablet-redmi-pad-2-pro-8gb-256gb-ru-_25099rp13g_-graphite-gray-1-eldorado-armenia.jpg,no photo at all
redstore,Xiaomi Redmi Smart Band 2,Redmi Smart Band 2,,,https://redstore.am/en/product/xiaomi-redmi-smart-band-2-white,"14,900 AMD",In Stock,https://admin.redstore.am/storage/uploads/2025/11/06/4574-montaznaia-oblast-1.jpg,no photo at all
ibolit,Acer Aspire A16-51GM-71YF,Aspire A16-51GM-71YF,,,https://ibolit.mobi/product/acer-aspire-a16-51gm-71yf/,"413,000 AMD",In Stock,https://ibolit.mobi/wp-content/uploads/2025/04/nibl_339.jpg,no photo at all
ibolit,Acer Aspire A514-56M-770K,Aspire A514-56M-770K,,,https://ibolit.mobi/product/acer-aspire-a514-56m-770k-2/,"322,000 AMD",In Stock,https://ibolit.mobi/wp-content/uploads/2025/04/nibl_338.jpg,no photo at all
ibolit,Acer Aspire AL15-52,Aspire AL15-52,,,https://ibolit.mobi/product/acer-aspire-al15-52/,"214,000 AMD",In Stock,https://ibolit.mobi/wp-content/uploads/2025/04/nibl_336.jpg,no photo at all
eldorado,Acer Aspire Lite AL15-36P,Aspire Lite AL15-36P,,,https://eldorado.am/en/acer-aspire-lite-all15-36p-c0m7-n150-nx-de1aa-001-light-silver,"149,900 AMD",In Stock,https://eldorado.am/media/catalog/product/cache/681e1428580345c5767d232a095c7350/6/0/60719.png.png,no photo at all
ibolit,Acer Aspire Lite AL16-52P-32E3,Aspire Lite AL16-52P-32E3,,,https://ibolit.mobi/product/acer-aspire-lite-al16-52p-32e3/,"192,000 AMD",In Stock,https://ibolit.mobi/wp-content/uploads/2025/04/nibl_335.jpg,no photo at all
ibolit,Acer Aspire Lite AL16-52P-59QU,Aspire Lite AL16-52P-59QU,,,https://ibolit.mobi/product/acer-aspire-lite-al16-52p-59qu/,"251,000 AMD",In Stock,https://ibolit.mobi/wp-content/uploads/2025/04/nibl_337.jpg,no photo at all
ibolit,Acer Nitro 5 AN515-45-R7SL,Nitro 5 AN515-45-R7SL,,,https://ibolit.mobi/product/acer-nitro-5-an515-45-r7sl-2/,"628,000 AMD",In Stock,https://ibolit.mobi/wp-content/uploads/2025/03/note_1457.jpg,no photo at all
ibolit,Acer Nitro 5 ANV15-51-93HS,Nitro 5 ANV15-51-93HS,,,https://ibolit.mobi/product/acer-nitro-5-anv15-51-93hs/,"558,000 AMD",In Stock,https://ibolit.mobi/wp-content/uploads/2025/04/nibl_342.jpg,no photo at all
ibolit,Acer Nitro V15 ANV15-51-789J,Nitro V15 ANV15-51-789J,,,https://ibolit.mobi/product/acer-nitro-v15-anv15-51-789j/,"503,000 AMD",In Stock,https://ibolit.mobi/wp-content/uploads/2025/04/nibl_341.jpg,no photo at all
ibolit,Acer Nitro V16 ANV16-71-70F7,Nitro V16 ANV16-71-70F7,,,https://ibolit.mobi/product/acer-nitro-v16-anv16-71-70f7/,"623,000 AMD",In Stock,https://ibolit.mobi/wp-content/uploads/2025/04/nibl_343.jpg,no photo at all
ibolit,Acer Predator Helios Neo 14 PHN14-51-79UB,Predator Helios Neo 14 PHN14-51-79UB,,,https://ibolit.mobi/product/acer-predator-helios-neo-14-phn14-51-79ub/,"688,000 AMD",In Stock,https://ibolit.mobi/wp-content/uploads/2025/04/nibl_344.jpg,no photo at all
ibolit,Acer Predator Triton 300 PT 315-53-75 XX,Predator Triton 300 PT 315-53-75 XX,,,https://ibolit.mobi/product/acer-predator-triton-300-pt-315-53-75-xx/,"588,000 AMD",In Stock,https://ibolit.mobi/wp-content/uploads/2025/03/note_604.jpg,no photo at all
eldorado,"AOC 49"" LCD AG493UCX","49"" LCD AG493UCX",,,,"469,900 AMD",In Stock,,no photo at all
ibolit,Apple AirPods 3rd Generation,AirPods 3rd Generation,,,https://ibolit.mobi/product/tws-bluetooth-headsets-apple-airpods-3rd-generation/,"65,900 AMD",In Stock,https://ibolit.mobi/wp-content/uploads/2025/03/ispace_74.jpg,no photo at all
ibolit,Apple HomePod 2,HomePod 2,,,https://ibolit.mobi/product/apple-homepod-2-white/,"165,900 AMD",In Stock,https://ibolit.mobi/wp-content/uploads/2025/03/red1924_1.jpg,no photo at all
zigzag,Apple HomePod Mini /MJ2E3LL/A*,HomePod Mini /MJ2E3LL/A*,,,,"72,900 AMD",In Stock,,no photo at all
istyle,Apple iMac 24-inch M3 8RAM /2023,iMac 24-inch M3 8RAM /2023,,,,"879,000 AMD",In Stock,,no photo at all
istyle,Apple iPad 10 A16 Wi-Fi /2025,iPad 10 A16 Wi-Fi /2025,,,,"215,000 AMD",In Stock,,no photo at all
ibolit,Apple iPad 10.2 9th Gen Wi-Fi,iPad 10.2 9th Gen Wi-Fi,64 GB,,https://ibolit.mobi/product/ipad-10-2-9th-gen-64gb-wi-fi-silver/,"154,000 AMD",In Stock,https://ibolit.mobi/wp-content/uploads/2025/03/ispace_398.jpg,no photo at all
ibolit,"Apple iPad 10.2 9th Generation , , Wi-Fi","iPad 10.2 9th Generation , , Wi-Fi",64 GB,,https://ibolit.mobi/product/ipad-10-2-9th-generation-64gb-wi-fi-space-gray/,"152,000 AMD",In Stock,https://ibolit.mobi/wp-content/uploads/2025/03/ispace_169.jpg,no photo at all
pixel,Apple iPad 9,iPad 9,,,https://www.pixel.am/am/product/ipad-9,"139,000 AMD",In Stock,https://cdn.storech.com/uploads/products/000/000/000/000/022/085/800_1775501683-1732816518-1.png,no photo at all
ibolit,Apple iPad Air 11 Wi-Fi 2024,iPad Air 11 Wi-Fi 2024,128 GB,,https://ibolit.mobi/product/ipad-air-11-128gb-wi-fi-2024-purple/,"277,000 AMD",In Stock,https://ibolit.mobi/wp-content/uploads/2025/03/red1112_1.jpg,no photo at all
pixel,Apple iPad Air 13 M3,iPad Air 13 M3,,,https://www.pixel.am/am/product/ipad-air-13-m3,"335,000 AMD",In Stock,https://cdn.storech.com/uploads/products/000/000/000/000/022/136/800_1776151161-1766605847-m5gray.png,no photo at all
ibolit,Apple iPad Air 5 Wi-Fi + Cellular 2022,iPad Air 5 Wi-Fi + Cellular 2022,64 GB,,,"365,000 AMD",In Stock,,no photo at all
pixel,Apple iPad Mini 6,iPad Mini 6,,,https://www.pixel.am/am/product/ipad-mini-6,"209,000 AMD",In Stock,https://cdn.storech.com/uploads/products/000/000/000/000/022/083/800_1775474263-1634824939-gray12.png,no photo at all
pixel,Apple iPad Mini 7,iPad Mini 7,,,https://www.pixel.am/am/product/ipad-mini-7,"224,000 AMD",In Stock,https://cdn.storech.com/uploads/products/000/000/000/000/022/084/800_1775477479-1731253149-ipad-mini-grey.png,no photo at all
istyle,Apple iPad Mini 7 WiFi,iPad Mini 7 WiFi,,,,"223,000 AMD",In Stock,,no photo at all
zigzag,Apple iPad Pro 12.9 M2 Cell SpaceGray/MP5X3*,iPad Pro 12.9 M2 Cell SpaceGray/MP5X3*,128 GB,,,"537,400 AMD",In Stock,,no photo at all
zigzag,Apple iPad Pro 12.9 M2 WiFi S.Grey/MNXP3RK/A,iPad Pro 12.9 M2 WiFi S.Grey/MNXP3RK/A,128 GB,,,"505,400 AMD",In Stock,,no photo at all
zigzag,Apple iPad Pro 12.9 M2 WiFi Silver/MNXQ3RK/A,iPad Pro 12.9 M2 WiFi Silver/MNXQ3RK/A,128 GB,,,"505,400 AMD",In Stock,,no photo at all
pixel,Apple iPad Pro 13 M4,iPad Pro 13 M4,,,https://www.pixel.am/am/product/ipad-pro-13-m4,"459,000 AMD",In Stock,https://cdn.storech.com/uploads/products/000/000/000/000/022/089/800_1775505817-1722677942-ipad-pro-13-black.png,no photo at all
ibolit,Apple iPad Pro 13 M4 Wi-Fi + Cellular 2024,iPad Pro 13 M4 Wi-Fi + Cellular 2024,256 GB,,,"598,000 AMD",In Stock,,no photo at all
ibolit,Apple iPad Pro 13 Wi-Fi + Cellular 2024,iPad Pro 13 Wi-Fi + Cellular 2024,512 GB,,,"715,000 AMD",In Stock,,no photo at all
ibolit,Apple iPad Pro 13 Wi-Fi 2024,iPad Pro 13 Wi-Fi 2024,512 GB,,https://ibolit.mobi/product/ipad-pro-13-512gb-wi-fi-2024-silver/,"680,000 AMD",In Stock,https://ibolit.mobi/wp-content/uploads/2025/03/red1088_1.jpg,no photo at all
ibolit,Apple iPhone 14 Pro Max Magic Glass Box,iPhone 14 Pro Max Magic Glass Box,,,https://ibolit.mobi/product/iphone-14-pro-max-magic-glass-box/,"99,000 AMD",In Stock,https://ibolit.mobi/wp-content/uploads/2025/03/red4276_1.jpg,no photo at all
ibolit,Apple MacBook Air 13 M1 2024,MacBook Air 13 M1 2024,,,https://ibolit.mobi/product/macbook-air-13-m1-2024-starlight/,"719,000 AMD",In Stock,https://ibolit.mobi/wp-content/uploads/2025/03/red793_1.jpg,no photo at all
ibolit,Apple MacBook Air 13 MGN63 M1 2020,MacBook Air 13 MGN63 M1 2020,,,https://ibolit.mobi/product/macbook-air-13-mgn63-m1-2020-space-gray/,"275,000 AMD",In Stock,https://ibolit.mobi/wp-content/uploads/2025/03/red740_1.jpg,no photo at all
ibolit,Apple MacBook Air 13 MGN93 M1 2020,MacBook Air 13 MGN93 M1 2020,,,https://ibolit.mobi/product/macbook-air-13-mgn93-m1-2020-silver/,"305,000 AMD",In Stock,https://ibolit.mobi/wp-content/uploads/2025/03/red741_1.jpg,no photo at all
ibolit,Apple MacBook Air 13 MGND3 M1 2020,MacBook Air 13 MGND3 M1 2020,,,https://ibolit.mobi/product/macbook-air-13-mgnd3-m1-2020-gold/,"314,900 AMD",In Stock,https://ibolit.mobi/wp-content/uploads/2025/03/red742_1.jpg,no photo at all
istyle,Apple MacBook Air M5 13. RAM,MacBook Air M5 13. RAM,,,,"779,000 AMD",In Stock,,no photo at all
istyle,Apple MacBook Air M5 RAM,MacBook Air M5 RAM,16 GB / 24 GB,,,"579,000 AMD",In Stock,,no photo at all
ibolit,Apple MacBook Air MGN63 Late 2020,MacBook Air MGN63 Late 2020,,,https://ibolit.mobi/product/macbook-air-mgn63-late-2020-space-gray/,"305,000 AMD",In Stock,https://ibolit.mobi/wp-content/uploads/2025/03/note_235.jpg,no photo at all
ibolit,Apple MacBook Air MGN93 Late 2020,MacBook Air MGN93 Late 2020,,,https://ibolit.mobi/product/macbook-air-mgn93-late-2020-silver/,"339,000 AMD",In Stock,https://ibolit.mobi/wp-content/uploads/2025/03/note_222.jpg,no photo at all
ibolit,Apple MacBook Pro 14 2023 MTL73,MacBook Pro 14 2023 MTL73,,,https://ibolit.mobi/product/macbook-pro-14-2023-mtl73-space-gray/,"692,000 AMD",In Stock,https://ibolit.mobi/wp-content/uploads/2025/03/note_997.jpg,no photo at all
pixel,Apple Macbook PRO 14 M4 Max,Macbook PRO 14 M4 Max,,,https://www.pixel.am/am/product/macbook-pro-14-m4-max,"1,299,000 AMD",In Stock,https://cdn.storech.com/uploads/products/000/000/000/000/022/079/800_1775456488-1731943085-macbook-pro-14-silver-2.png,no photo at all
ibolit,Apple MacBook Pro 14 MR7J3 2023,MacBook Pro 14 MR7J3 2023,,,https://ibolit.mobi/product/macbook-pro-14-mr7j3-2023-silver/,"720,000 AMD",In Stock,https://ibolit.mobi/wp-content/uploads/2025/03/note_1372.jpg,no photo at all
ibolit,Apple MacBook Pro 14 MRX33 2023,MacBook Pro 14 MRX33 2023,,,https://ibolit.mobi/product/macbook-pro-14-mrx33-2023-space-black/,"889,000 AMD",In Stock,https://ibolit.mobi/wp-content/uploads/2025/03/note_1021.jpg,no photo at all
ibolit,Apple MacBook Pro 14 MRX43 2023,MacBook Pro 14 MRX43 2023,,,https://ibolit.mobi/product/macbook-pro-14-mrx43-2023-space-black/,"1,043,000 AMD",In Stock,https://ibolit.mobi/wp-content/uploads/2025/03/note_1377.jpg,no photo at all
pixel,Apple Macbook PRO 16 M4 Max,Macbook PRO 16 M4 Max,,,https://www.pixel.am/am/product/macbook-pro-16-m4-max,"1,499,000 AMD",In Stock,https://cdn.storech.com/uploads/products/000/000/000/000/022/082/800_1775458797-1767032930-4.png,no photo at all
pixel,Apple Macbook PRO 16 M4 Pro,Macbook PRO 16 M4 Pro,,,https://www.pixel.am/am/product/macbook-pro-16-m4-pro,"1,229,000 AMD",In Stock,https://cdn.storech.com/uploads/products/000/000/000/000/022/081/800_1775458328-1767032930-4.png,no photo at all
ibolit,Apple MacBook Pro 16 MRW23,MacBook Pro 16 MRW23,,,https://ibolit.mobi/product/macbook-pro-16-mrw23-space-black/,"1,175,000 AMD",In Stock,https://ibolit.mobi/wp-content/uploads/2025/03/note_1380.jpg,no photo at all
ibolit,Apple MacBook Pro 16 MRW63 2023,MacBook Pro 16 MRW63 2023,,,https://ibolit.mobi/product/macbook-pro-16-mrw63-2023-silver/,"1,175,000 AMD",In Stock,https://ibolit.mobi/wp-content/uploads/2025/03/note_1012.jpg,no photo at all
zigzag,Apple Studio Display XDR,Studio Display XDR,,,,"1,999,000 AMD",In Stock,,no photo at all
eldorado,ASUS B3405CCA-LY0189,B3405CCA-LY0189,,,https://eldorado.am/en/laptop-asus-b3405cca-ly0189-90nx08l1-m006p0,"429,900 AMD",In Stock,https://eldorado.am/media/catalog/product/cache/681e1428580345c5767d232a095c7350/l/a/laptop-_asus-_b3405cca-ly0189-_90nx08l1-m006p0_-dyurakir-hamakargich-noutbuk-1-eldorado-armenia.jpg,no photo at all
eldorado,ASUS B3405CCA-LY0191,B3405CCA-LY0191,,,https://eldorado.am/en/laptop-asus-b3405cca-ly0191-90nx08l1-m006u0,"498,900 AMD",In Stock,https://eldorado.am/media/catalog/product/cache/681e1428580345c5767d232a095c7350/l/a/laptop-_asus-_b3405cca-ly0189-_90nx08l1-m006p0_-dyurakir-hamakargich-noutbuk-1-eldorado-armenia_1.jpg,no photo at all
eldorado,ASUS B3605CCA-MB0080,B3605CCA-MB0080,,,https://eldorado.am/en/laptop-asus-b3605cca-mb0080-90nx08n1-m00340,"498,900 AMD",In Stock,https://eldorado.am/media/catalog/product/cache/681e1428580345c5767d232a095c7350/l/a/laptop-_asus_-b3605cca-mb0080_-_90nx08n1-m00340_-dyurakir-hamakargich-noutbuk-1-eldorado-armenia.jpg,no photo at all
eldorado,ASUS Expert Book B5 B5405CVA,Expert Book B5 B5405CVA,,,https://eldorado.am/en/asus-expert-book-b5-b5405cva-b5405cva-ly0592,"559,900 AMD",In Stock,https://eldorado.am/media/catalog/product/cache/681e1428580345c5767d232a095c7350/6/0/60328.png.png,no photo at all
eldorado,ASUS Expert Center P400 AiO P4 40VA,Expert Center P400 AiO P4 40VA,,,,"329,900 AMD",In Stock,,no photo at all
eldorado,ASUS Expert Center P400 AiO P4 70VA,Expert Center P400 AiO P4 70VA,,,,"455,900 AMD",In Stock,,no photo at all
eldorado,ASUS ExpertBook B5 B5405CCA,ExpertBook B5 B5405CCA,,,https://eldorado.am/en/laptop-asus-expertbook-b5-b5405cca-b5405cca-nz1264,"539,900 AMD",In Stock,https://eldorado.am/media/catalog/product/cache/681e1428580345c5767d232a095c7350/l/a/laptop-asus-expertbook-b5-b5405cca-_b5405cca-nz1264_-noutbuk-1-eldorado-armenia.png,no photo at all
eldorado,ASUS ExpertBook P1 P1503CVA Misty,ExpertBook P1 P1503CVA Misty,,,https://eldorado.am/en/laptop-asus-expertbook-p1-p1503cva-p1503cva-s72252-misty-grey,"389,900 AMD",In Stock,https://eldorado.am/media/catalog/product/cache/681e1428580345c5767d232a095c7350/l/a/laptop-asus-expertbook-p1-p1503cva-_p1503cva-s72252_-misty-grey-noutbuk-1-eldorado-armenia.png,no photo at all
eldorado,ASUS FA506N,FA506N,,,https://eldorado.am/en/laptop-asus-fa506n-fa506nc-hn024-90nr0jf7-m001u0,"419,900 AMD",In Stock,https://eldorado.am/media/catalog/product/cache/681e1428580345c5767d232a095c7350/l/a/laptop-_asus-_fa506n-_fa506nc-hn024_-_90nr0jf7-m001u0_-1-eldorado-armenia.png,no photo at all
eldorado,ASUS FA507,FA507,,,https://eldorado.am/en/tuf-gaming-a15-fa507-fa507nur-lp044,"565,900 AMD",In Stock,https://eldorado.am/media/catalog/product/cache/681e1428580345c5767d232a095c7350/t/u/tuf-gaming-a15-fa507-fa507nur-lp044-eldorado-armenia_.jpg,no photo at all
eldorado,ASUS FA707,FA707,,,https://eldorado.am/en/laptop-asus-fa707-fa707nur-hx057-90nr0jl5-m002w0,"549,900 AMD",In Stock,https://eldorado.am/media/catalog/product/cache/681e1428580345c5767d232a095c7350/l/a/laptop-_asus-fa707_fa707nur-hx057_90nr0jl5-m002w0_-1-eldorado-armenia.png,no photo at all
eldorado,ASUS FX607V,FX607V,,,https://eldorado.am/en/laptop-asus-fx607v-fx607vu-rl046-90nr0n06-m00310,"495,900 AMD",In Stock,https://eldorado.am/media/catalog/product/cache/681e1428580345c5767d232a095c7350/l/a/laptop_-asus-_fx607v_-_fx607vu-rl046_-_90nr0n06-m00310_-dyurakir-hamakargich-noutbuk-1-eldorado-armenia.jpg,no photo at all
eldorado,ASUS K3605V,K3605V,,,https://eldorado.am/en/laptop-asus-k3605v-k3605vc-rp475-90nb11d1-m00n40,"465,900 AMD",In Stock,https://eldorado.am/media/catalog/product/cache/681e1428580345c5767d232a095c7350/l/a/laptop_-asus_-k3605v_-_k3605vc-rp475_-_90nb11d1-m00n40_-1-eldorado-armenia.png,no photo at all
eldorado,"ASUS L410MA-TB02 N4020, 90NB0Q15-M32880 Star","L410MA-TB02 N4020, 90NB0Q15-M32880 Star",,,https://eldorado.am/en/asus-l410ma-tb02-n4020-90nb0q15-m32880-star-black,"129,900 AMD",In Stock,https://eldorado.am/media/catalog/product/cache/681e1428580345c5767d232a095c7350/6/0/60720.png.png,no photo at all
eldorado,ASUS L510MADS04,L510MADS04,,,https://eldorado.am/en/asus-l510mads04,"128,900 AMD",In Stock,https://eldorado.am/media/catalog/product/cache/681e1428580345c5767d232a095c7350/a/s/asus-laptop-l510mads04-1-eldorado-armenia.png,no photo at all
ibolit,ASUS Mouse ROG Keris P509 90MP01R0-B0UA00,Mouse ROG Keris P509 90MP01R0-B0UA00,,,https://ibolit.mobi/product/mouse-asus-rog-keris-p509-90mp01r0-b0ua00/,"29,100 AMD",In Stock,https://ibolit.mobi/wp-content/uploads/2025/03/note_287.jpg,no photo at all
ibolit,ASUS P504 ROG Gladius II Origin,P504 ROG Gladius II Origin,,,https://ibolit.mobi/product/asus-p504-rog-gladius-ii-origin/,"39,000 AMD",In Stock,https://ibolit.mobi/wp-content/uploads/2025/03/note_830.jpg,no photo at all
ibolit,ASUS ProArt LC 420,ProArt LC 420,,,https://ibolit.mobi/product/asus-proart-lc-420/,"153,000 AMD",In Stock,https://ibolit.mobi/wp-content/uploads/2025/03/note_1270.jpg,no photo at all
ibolit,ASUS ROG Gladius II Core P507,ROG Gladius II Core P507,,,https://ibolit.mobi/product/asus-rog-gladius-ii-core-p507/,"32,400 AMD",In Stock,https://ibolit.mobi/wp-content/uploads/2025/03/note_286.jpg,no photo at all
ibolit,ASUS ROG Hyperion GR701,ROG Hyperion GR701,,,https://ibolit.mobi/product/asus-rog-hyperion-gr701/,"195,000 AMD",In Stock,https://ibolit.mobi/wp-content/uploads/2025/03/note_858.jpg,no photo at all
ibolit,ASUS ROG Keris P513,ROG Keris P513,,,,"3,200 AMD",In Stock,,no photo at all
ibolit,ASUS ROG RG-07 Performance Thermal Paste Kit,ROG RG-07 Performance Thermal Paste Kit,,,https://ibolit.mobi/product/asus-rog-rg-07-performance-thermal-paste-kit/,"16,000 AMD",In Stock,https://ibolit.mobi/wp-content/uploads/2025/03/note_1269.jpg,no photo at all
ibolit,ASUS ROG Sheath Mouse Pad,ROG Sheath Mouse Pad,,,https://ibolit.mobi/product/mouse-pad-asus-nc01-rog-sheath-blk-90mp00k3-b0ua00/,"24,800 AMD",In Stock,https://ibolit.mobi/wp-content/uploads/2025/03/note_289.jpg,no photo at all
ibolit,ASUS ROG Strix 650G,ROG Strix 650G,,,https://ibolit.mobi/product/asus-rog-strix-650g/,"83,000 AMD",In Stock,https://ibolit.mobi/wp-content/uploads/2025/03/note_344.jpg,no photo at all
ibolit,ASUS ROG Strix B760-G Gaming Wi-Fi D4,ROG Strix B760-G Gaming Wi-Fi D4,,,https://ibolit.mobi/product/asus-rog-strix-b760-g-gaming-wi-fi-d4/,"112,000 AMD",In Stock,https://ibolit.mobi/wp-content/uploads/2025/03/note_1229.jpg,no photo at all
ibolit,ASUS ROG Strix B760-G Gaming WiFi,ROG Strix B760-G Gaming WiFi,,,https://ibolit.mobi/product/asus-rog-strix-b760-g-gaming-wifi/,"126,000 AMD",In Stock,https://ibolit.mobi/wp-content/uploads/2025/03/note_1274.jpg,no photo at all
ibolit,ASUS ROG Strix Carry Mouse,ROG Strix Carry Mouse,,,https://ibolit.mobi/product/mouse-asus-rog-strix-carry-p508-90mp01b0-b0ua00/,"37,800 AMD",In Stock,https://ibolit.mobi/wp-content/uploads/2025/03/note_284.jpg,no photo at all
ibolit,ASUS ROG Strix GS-AX3000,ROG Strix GS-AX3000,,,https://ibolit.mobi/product/asus-rog-strix-gs-ax3000/,"79,000 AMD",In Stock,https://ibolit.mobi/wp-content/uploads/2025/03/note_399.jpg,no photo at all
ibolit,ASUS ROG Strix GS-AX5400,ROG Strix GS-AX5400,,,https://ibolit.mobi/product/asus-rog-strix-gs-ax5400/,"115,000 AMD",In Stock,https://ibolit.mobi/wp-content/uploads/2025/03/note_780.jpg,no photo at all
ibolit,ASUS ROG Strix Helios GX601 90DC0020-B39000,ROG Strix Helios GX601 90DC0020-B39000,,,https://ibolit.mobi/product/asus-rog-strix-helios-gx601-90dc0020-b39000/,"163,000 AMD",In Stock,https://ibolit.mobi/wp-content/uploads/2025/03/note_859.jpg,no photo at all
ibolit,ASUS ROG Strix Impact II P506,ROG Strix Impact II P506,,,https://ibolit.mobi/product/asus-rog-strix-impact-ii-p506/,"36,700 AMD",In Stock,https://ibolit.mobi/wp-content/uploads/2025/03/note_288.jpg,no photo at all
ibolit,ASUS ROG Strix Impact II Wireless,ROG Strix Impact II Wireless,,,https://ibolit.mobi/product/asus-rog-strix-impact-ii-wireless/,"33,000 AMD",In Stock,https://ibolit.mobi/wp-content/uploads/2025/03/note_1495.jpg,no photo at all
ibolit,ASUS ROG Strix LC II 360,ROG Strix LC II 360,,,https://ibolit.mobi/product/asus-rog-strix-lc-ii-360/,"126,000 AMD",In Stock,https://ibolit.mobi/wp-content/uploads/2025/03/note_815.jpg,no photo at all
ibolit,ASUS ROG Strix Z790-F Gaming Wi-Fi II,ROG Strix Z790-F Gaming Wi-Fi II,,,https://ibolit.mobi/product/asus-rog-strix-z790-f-gaming-wi-fi-ii/,"263,000 AMD",In Stock,https://ibolit.mobi/wp-content/uploads/2025/03/note_1278.jpg,no photo at all
ibolit,ASUS ROG Strix Z790-H Gaming Wi-Fi,ROG Strix Z790-H Gaming Wi-Fi,,,https://ibolit.mobi/product/asus-rog-strix-z790-h-gaming-wi-fi/,"198,000 AMD",In Stock,https://ibolit.mobi/wp-content/uploads/2025/03/note_1277.jpg,no photo at all
ibolit,ASUS TUF Gaming 1200 G,TUF Gaming 1200 G,,,https://ibolit.mobi/product/asus-tuf-gaming-1200-g/,"132,000 AMD",In Stock,https://ibolit.mobi/wp-content/uploads/2025/03/note_949.jpg,no photo at all
ibolit,ASUS TUF Gaming 450B,TUF Gaming 450B,,,https://ibolit.mobi/product/asus-tuf-gaming-450b/,"43,000 AMD",In Stock,https://ibolit.mobi/wp-content/uploads/2025/03/note_342.jpg,no photo at all
ibolit,ASUS TUF Gaming 550W,TUF Gaming 550W,,,https://ibolit.mobi/product/asus-tuf-gaming-550w/,"49,000 AMD",In Stock,https://ibolit.mobi/wp-content/uploads/2025/03/note_343.jpg,no photo at all
ibolit,ASUS TUF Gaming 650B,TUF Gaming 650B,,,https://ibolit.mobi/product/asus-tuf-gaming-650b/,"65,000 AMD",In Stock,https://ibolit.mobi/wp-content/uploads/2025/03/note_468.jpg,no photo at all
eldorado,ASUS TUF Gaming A16 FA608P,TUF Gaming A16 FA608P,,,https://eldorado.am/en/asus-tuf-gaming-a16-fa608p-fa608pm-rv041,"779,900 AMD",In Stock,https://eldorado.am/media/catalog/product/cache/681e1428580345c5767d232a095c7350/6/0/60317_png.png,no photo at all
ibolit,ASUS TUF Gaming GT302 ARGB,TUF Gaming GT302 ARGB,,,https://ibolit.mobi/product/asus-tuf-gaming-gt302-argb-black/,"69,000 AMD",In Stock,https://ibolit.mobi/wp-content/uploads/2025/03/note_1629.jpg,no photo at all
ibolit,ASUS TUF Gaming K1,TUF Gaming K1,,,https://ibolit.mobi/product/asus-tuf-gaming-k1/,"28,000 AMD",In Stock,https://ibolit.mobi/wp-content/uploads/2025/03/note_1447.jpg,no photo at all
ibolit,ASUS TUF Gaming M3 Mouse P305 90MP01J0-B0UA00,TUF Gaming M3 Mouse P305 90MP01J0-B0UA00,,,https://ibolit.mobi/product/asus-tuf-gaming-m3-mouse-p305-90mp01j0-b0ua00/,"19,000 AMD",In Stock,https://ibolit.mobi/wp-content/uploads/2025/03/note_293.jpg,no photo at all
ibolit,ASUS TUF Gaming P3 06,TUF Gaming P3 06,,,https://ibolit.mobi/product/asus-tuf-gaming-p3-06/,"24,000 AMD",In Stock,https://ibolit.mobi/wp-content/uploads/2025/03/note_1449.jpg,no photo at all
ibolit,ASUS TUF H3 Wireless,TUF H3 Wireless,,,https://ibolit.mobi/product/asus-tuf-h3-wireless/,"39,000 AMD",In Stock,https://ibolit.mobi/wp-content/uploads/2025/03/note_1494.jpg,no photo at all
eldorado,ASUS VA249HG,VA249HG,,,,"55,900 AMD",In Stock,,no photo at all
eldorado,ASUS VA27DQSB-W,VA27DQSB-W,,,,"119,900 AMD",In Stock,,no photo at all
eldorado,ASUS VG249Q3A 90LM09B0-B01170,VG249Q3A 90LM09B0-B01170,,,,"99,000 AMD",In Stock,,no photo at all
eldorado,ASUS VG32AQA1A 90LM07L0-B02370,VG32AQA1A 90LM07L0-B02370,,,,"189,900 AMD",In Stock,,no photo at all
eldorado,ASUS Vivobook 15 M1502N,Vivobook 15 M1502N,,,https://eldorado.am/en/laptop-asus-vivobook-15-m1502n-m1502naq-bq255,"339,900 AMD",In Stock,https://eldorado.am/media/catalog/product/cache/681e1428580345c5767d232a095c7350/l/a/laptop-asus-vivobook-15-m1502n-_m1502naq-bq255_-noutbuk-1-eldorado-armenia.png,no photo at all
eldorado,ASUS Vivobook 15 X1504VAP,Vivobook 15 X1504VAP,,,https://eldorado.am/en/asus-vivobook-15-core-3-100u-x1504vap-c38128-w11-quiet-blue,"239,900 AMD",In Stock,https://eldorado.am/media/catalog/product/cache/681e1428580345c5767d232a095c7350/u/n/untitled_-_2026-09-06t192949.524.png,no photo at all
eldorado,ASUS Vivobook 16 (Ryzen 7),Vivobook 16 (Ryzen 7),,,https://eldorado.am/en/asus-vivobook-16-amd-ryzen-7-7730u-90nb10r1-m00ch0-w11,"419,900 AMD",In Stock,https://eldorado.am/media/catalog/product/cache/681e1428580345c5767d232a095c7350/6/0/60450.png.png,no photo at all
eldorado,"ASUS Vivobook 16, i7-1355U, F1605VA-WS74, W11","Vivobook 16, i7-1355U, F1605VA-WS74, W11",,,https://eldorado.am/en/asus-vivobook-16-i7-1355u-f1605va-ws74-w11-black,"419,900 AMD",In Stock,https://eldorado.am/media/catalog/product/cache/681e1428580345c5767d232a095c7350/6/0/60449.png.png,no photo at all
eldorado,ASUS Vivobook 17 X1704VAP,Vivobook 17 X1704VAP,,,https://eldorado.am/en/asus-vivobook-17-x1704vap-x1704va-au1017,"379,900 AMD",In Stock,https://eldorado.am/media/catalog/product/cache/681e1428580345c5767d232a095c7350/6/0/60320.png.png,no photo at all
ibolit,ASUS VivoBook E1404GA-NK053W,VivoBook E1404GA-NK053W,256 GB,,https://ibolit.mobi/product/asus-vivobook-e1404ga-nk053w/,"186,000 AMD",In Stock,https://ibolit.mobi/wp-content/uploads/2025/03/woocommerce-placeholder.png,no photo at all
ibolit,ASUS VivoBook E410MA-BV2490W,VivoBook E410MA-BV2490W,512 GB,,https://ibolit.mobi/product/asus-vivobook-e410ma-bv2490w/,"133,000 AMD",In Stock,https://ibolit.mobi/wp-content/uploads/2025/03/woocommerce-placeholder.png,no photo at all
zigzag,ASUS Vivobook S 15 (i9),Vivobook S 15 (i9),,,,"643,600 AMD",In Stock,,no photo at all
eldorado,ASUS Vivobook S14 S3407V,Vivobook S14 S3407V,,,https://eldorado.am/en/asus-vivobook-s14-s3407v-s3407va-ly084,"395,900 AMD",In Stock,https://eldorado.am/media/catalog/product/cache/681e1428580345c5767d232a095c7350/6/0/60316.png.png,no photo at all
eldorado,ASUS Vivobook S16 S3607V,Vivobook S16 S3607V,,,https://eldorado.am/en/asus-vivobook-s16-s3607v-s3607va-rp095,"389,900 AMD",In Stock,https://eldorado.am/media/catalog/product/cache/681e1428580345c5767d232a095c7350/6/0/60321.png.png,no photo at all
ibolit,ASUS VivoBook X1404ZA-I38128,VivoBook X1404ZA-I38128,512 GB,,https://ibolit.mobi/product/asus-vivobook-x1404za-i38128/,"200,000 AMD",In Stock,https://ibolit.mobi/wp-content/uploads/2025/03/woocommerce-placeholder.png,no photo at all
ibolit,ASUS VivoBook X1504VA-NJ451,VivoBook X1504VA-NJ451,256 GB,,https://ibolit.mobi/product/asus-vivobook-x1504va-nj451-4/,"204,000 AMD",In Stock,https://ibolit.mobi/wp-content/uploads/2025/03/woocommerce-placeholder.png,no photo at all
eldorado,ASUS VU279HFI-W,VU279HFI-W,,,,"99,900 AMD",In Stock,,no photo at all
eldorado,ASUS VZ24EHF-W,VZ24EHF-W,,,,"59,900 AMD",In Stock,,no photo at all
eldorado,ASUS VZ27EHF 90LM07B0-B01470,VZ27EHF 90LM07B0-B01470,,,,"69,900 AMD",In Stock,,no photo at all
eldorado,ASUS VZ27EHF-W 90LM07B0-B02470,VZ27EHF-W 90LM07B0-B02470,,,,"69,900 AMD",In Stock,,no photo at all
eldorado,Beats Solo Buds True Wireless,Solo Buds True Wireless,,,,"35,900 AMD",In Stock,,no photo at all
eldorado,Beats Solo4 OnEar,Solo4 OnEar,,,,"89,900 AMD",In Stock,,no photo at all
eldorado,Beats Studio Pro Wireless,Studio Pro Wireless,,,,"139,900 AMD",In Stock,,no photo at all
eldorado,Beats Studio Pro Wireless Model,Studio Pro Wireless Model,,,,"139,900 AMD",In Stock,,no photo at all
ibolit,Bose SoundLink Flex,SoundLink Flex,,,https://ibolit.mobi/product/bose-soundlink-flex-black/,"79,900 AMD",In Stock,https://ibolit.mobi/wp-content/uploads/2025/03/red1930_1.jpg,no photo at all
ibolit,Bose SoundLink Revolve,SoundLink Revolve,,,https://ibolit.mobi/product/bose-soundlink-revolve-gray/,"99,000 AMD",In Stock,https://ibolit.mobi/wp-content/uploads/2025/03/red1934_1.jpg,no photo at all
eldorado,Bose SoundSport Free,SoundSport Free,,,,"99,900 AMD",In Stock,,no photo at all
eldorado,Bose SoundSport Free Bright,SoundSport Free Bright,,,,"99,900 AMD",In Stock,,no photo at all
ibolit,Bose Sport,Sport,,,https://ibolit.mobi/product/bose-sport-earbuds-black/,"69,900 AMD",In Stock,https://ibolit.mobi/wp-content/uploads/2025/03/red2041_1.jpg,no photo at all
eldorado,"Dell 15, LDC15250-7427BLK-PUS, Touch, W11","15, LDC15250-7427BLK-PUS, Touch, W11",,,https://eldorado.am/en/dell-15-ldc15250-7427blk-pus-touch-w11-black,"419,900 AMD",In Stock,https://eldorado.am/media/catalog/product/cache/681e1428580345c5767d232a095c7350/6/0/60451.png.png,no photo at all
eldorado,Dell 27'' E2723H,27'' E2723H,,,,"98,900 AMD",In Stock,,no photo at all
ibolit,Dell AX510 2.0,AX510 2.0,,,https://ibolit.mobi/product/dell-ax510-2-0-speaker/,"11,000 AMD",In Stock,https://ibolit.mobi/wp-content/uploads/2025/03/note_739.jpg,no photo at all
ibolit,Dell Inspiron 7445,Inspiron 7445,512 GB,,https://ibolit.mobi/product/dell-inspiron-7445-3/,"383,000 AMD",In Stock,https://ibolit.mobi/wp-content/uploads/2025/09/qq.png,no photo at all
eldorado,Dell N2Y94,N2Y94,,,https://eldorado.am/en/laptop-dell-n2y94,"569,900 AMD",In Stock,https://eldorado.am/media/catalog/product/cache/681e1428580345c5767d232a095c7350/l/a/laptop-dell-n2y94-noutbuk-1-eldorado-armenia.png,no photo at all
ibolit,Dell Vostro 3520 i3,Vostro 3520 i3,512 GB,,https://ibolit.mobi/product/dell-vostro-3520-i3-8gb-512gb/,"169,000 AMD",In Stock,https://ibolit.mobi/wp-content/uploads/2025/03/red840_1.jpg,no photo at all
ibolit,Dell Vostro 3520 i5,Vostro 3520 i5,512 GB,,https://ibolit.mobi/product/dell-vostro-3520-i5-8gb-512gb/,"216,000 AMD",In Stock,https://ibolit.mobi/wp-content/uploads/2025/03/red844_1.jpg,no photo at all
ibolit,Dell Vostro 3910,Vostro 3910,1 TB,,https://ibolit.mobi/product/dell-vostro-3910-4/,"155,000 AMD",In Stock,https://ibolit.mobi/wp-content/uploads/2025/03/note_582.jpg,no photo at all
istyle,Dyson AirStarit,AirStarit,,,,"157,000 AMD",In Stock,,no photo at all
istyle,Dyson AirStarit 2026,AirStarit 2026,,,,"175,000 AMD",In Stock,,no photo at all
istyle,Dyson AirStarit Kanzan,AirStarit Kanzan,,,,"162,000 AMD",In Stock,,no photo at all
istyle,Dyson AirStarit Plum,AirStarit Plum,,,,"165,000 AMD",In Stock,,no photo at all
ibolit,Dyson Airwrap HS05,Airwrap HS05,,,https://ibolit.mobi/product/dyson-airwrap-multi-styler-complete-long-hs05-prussian-blue-rich-copper/,"258,000 AMD",In Stock,https://ibolit.mobi/wp-content/uploads/2025/04/nibl_60.jpg,no photo at all
ibolit,Dyson Airwrap HS05 Complete Long,Airwrap HS05 Complete Long,,,https://ibolit.mobi/product/dyson-airwrap-multi-styler-complete-long-hs05-blue-blush/,"256,000 AMD",In Stock,https://ibolit.mobi/wp-content/uploads/2025/04/nibl_54.jpg,no photo at all
pixel,Dyson HD16 Supersonic Nural Red Velvet,HD16 Supersonic Nural Red Velvet,,,,"279,000 AMD",In Stock,,no photo at all
pixel,Dyson HD16 Supersonic Vinca Blue/Topaz,HD16 Supersonic Vinca Blue/Topaz,,,,"215,000 AMD",In Stock,,no photo at all
pixel,Dyson HS08 Airwrap ID Multi- Jasper Plum,HS08 Airwrap ID Multi- Jasper Plum,,,,"269,000 AMD",In Stock,,no photo at all
pixel,Dyson HS08 Airwrap ID Multi- Red Velvet/Gold,HS08 Airwrap ID Multi- Red Velvet/Gold,,,,"299,000 AMD",In Stock,,no photo at all
pixel,Dyson Supersonic HD07,Supersonic HD07,,,,"192,000 AMD",In Stock,,no photo at all
ibolit,Dyson Supersonic HD15,Supersonic HD15,,,https://ibolit.mobi/product/dyson-supersonic-hair-dryer-hd15-nickel-copper/,"203,000 AMD",In Stock,https://ibolit.mobi/wp-content/uploads/2025/04/nibl_57.jpg,no photo at all
istyle,Dyson Supersonic Nural hair dryer,Supersonic Nural hair dryer,,,,"229,000 AMD",In Stock,,no photo at all
istyle,Dyson Supersonic r DH17,Supersonic r DH17,,,,"229,000 AMD",In Stock,,no photo at all
eldorado,Dyson Zone Absolute+,Zone Absolute+,,,,"349,900 AMD",In Stock,,no photo at all
zigzag,Garmin CIRQA Smart Band,CIRQA Smart Band,,,,"89,000 AMD",In Stock,,no photo at all
eldorado,Garmin CIRQA Smart Band French L/XL,CIRQA Smart Band French L/XL,,,https://eldorado.am/en/garmin-cirqa-smart-band-french-gray-l-xl-010-04675-01,"89,000 AMD",In Stock,https://eldorado.am/media/catalog/product/cache/681e1428580345c5767d232a095c7350/6/0/60494.png.png,no photo at all
eldorado,Garmin CIRQA Smart Band Mauve L-XL,CIRQA Smart Band Mauve L-XL,,,https://eldorado.am/en/garmin-cirqatm-smart-band-mauve-l-xl-010-04675-02,"89,000 AMD",In Stock,https://eldorado.am/media/catalog/product/cache/681e1428580345c5767d232a095c7350/6/0/60495.png.png,no photo at all
zigzag,"Garmin CIRQA Smart Band, Black, S-M","CIRQA Smart Band, Black, S-M",,,,"89,000 AMD",In Stock,,no photo at all
eldorado,Garmin epix Pro – Sapphire Edition,epix Pro – Sapphire Edition,51mm,,https://eldorado.am/en/garmin-epix-pro-gen-2-sapphire-edition-51-mm-010-02804-01,"345,000 AMD",In Stock,https://eldorado.am/media/catalog/product/cache/681e1428580345c5767d232a095c7350/0/1/010-02804-01.jpg,no photo at all
eldorado,Garmin epix Pro – Standard Edition,epix Pro – Standard Edition,47mm,,https://eldorado.am/en/garmin-epix-pro-gen-2-standard-edition-47mm-010-02803-01,"327,000 AMD",In Stock,https://eldorado.am/media/catalog/product/cache/681e1428580345c5767d232a095c7350/0/1/010-02803-01_4_.jpg,no photo at all
zigzag,Garmin Fenix 7 Pro Sapphire Solar,Fenix 7 Pro Sapphire Solar,,,,"299,000 AMD",In Stock,,no photo at all
zigzag,Garmin Fenix 7X Pro – Sapphire Solar Edition,Fenix 7X Pro – Sapphire Solar Edition,,,,"329,000 AMD",In Stock,,no photo at all
zigzag,"Garmin Fenix 8 Pro, AMOLED","Fenix 8 Pro, AMOLED",47mm / 51mm,,,"434,130 AMD",In Stock,,no photo at all
zigzag,"Garmin Fenix 8, AMOLED","Fenix 8, AMOLED",47mm,,,"348,000 AMD",In Stock,,no photo at all
zigzag,"Garmin Fenix 8, AMOLED Sapphire Carbon","Fenix 8, AMOLED Sapphire Carbon",47mm,,,"386,280 AMD",In Stock,,no photo at all
zigzag,"Garmin Fenix 8, AMOLED Sapphire Spark","Fenix 8, AMOLED Sapphire Spark",47mm,,,"386,280 AMD",In Stock,,no photo at all
zigzag,"Garmin Fenix 9 Pro, AMOLED, Carbon DLC","Fenix 9 Pro, AMOLED, Carbon DLC",47mm,,,"489,000 AMD",In Stock,,no photo at all
zigzag,"Garmin Fenix 9, Carbon DLC, Band","Fenix 9, Carbon DLC, Band",51mm,,,"489,000 AMD",In Stock,,no photo at all
zigzag,Garmin Forerunner 170,Forerunner 170,,,,"129,000 AMD",In Stock,,no photo at all
zigzag,Garmin Forerunner 170 Music,Forerunner 170 Music,,,,"159,000 AMD",In Stock,,no photo at all
zigzag,Garmin Forerunner 170 Music Whitestone,Forerunner 170 Music Whitestone,,,,"159,000 AMD",In Stock,,no photo at all
zigzag,Garmin Forerunner 170 Whitestone,Forerunner 170 Whitestone,,,,"129,000 AMD",In Stock,,no photo at all
zigzag,Garmin Forerunner 570,Forerunner 570,,,,"215,100 AMD",In Stock,,no photo at all
zigzag,Garmin Forerunner 70,Forerunner 70,,,,"109,000 AMD",In Stock,,no photo at all
zigzag,Garmin Forerunner 70 Citron,Forerunner 70 Citron,,,,"109,000 AMD",In Stock,,no photo at all
zigzag,Garmin Forerunner 70 Whitestone,Forerunner 70 Whitestone,,,,"109,000 AMD",In Stock,,no photo at all
zigzag,Garmin Forerunner 965 Black/Powder Grey,Forerunner 965 Black/Powder Grey,,,,"206,100 AMD",In Stock,,no photo at all
eldorado,Garmin Forerunner 970 010-02969-10,Forerunner 970 010-02969-10,,,https://eldorado.am/en/garmin-forerunner-970-010-02969-10-black,"329,000 AMD",In Stock,https://eldorado.am/media/catalog/product/cache/681e1428580345c5767d232a095c7350/s/m/smart-watch-garmin-forerunner-970-black-010-02969-10-4.png,no photo at all
zigzag,Garmin Forerunner 970 Black,Forerunner 970 Black,,,,"296,100 AMD",In Stock,,no photo at all
zigzag,Garmin Instinct 2X Solar,Instinct 2X Solar,,,,"169,150 AMD",In Stock,,no photo at all
zigzag,Garmin Instinct 2X Solar – Tactical Edition,Instinct 2X Solar – Tactical Edition,,,,"166,440 AMD",In Stock,,no photo at all
zigzag,Garmin Instinct 2X Solar Moss,Instinct 2X Solar Moss,,,,"169,150 AMD",In Stock,,no photo at all
zigzag,"Garmin Instinct 3, Solar","Instinct 3, Solar",45mm / 50mm,,,"140,800 AMD",In Stock,,no photo at all
zigzag,Garmin Venu 3 leather,Venu 3 leather,,,,"179,100 AMD",In Stock,,no photo at all
eldorado,Garmin Venu 3 with Leather,Venu 3 with Leather,,,https://eldorado.am/en/garmin-venu-3-black-slate-with-black-leather-010-02784-52,"199,000 AMD",In Stock,https://eldorado.am/media/catalog/product/cache/681e1428580345c5767d232a095c7350/0/1/010-02784-52_20_.jpg,no photo at all
zigzag,Garmin Venu 3s French,Venu 3s French,,,,"189,000 AMD",In Stock,,no photo at all
eldorado,Garmin Venu X1 Moss,Venu X1 Moss,,,https://eldorado.am/en/garmin-venu-x1-moss-010-02980-03,"359,000 AMD",In Stock,https://eldorado.am/media/catalog/product/cache/681e1428580345c5767d232a095c7350/g/a/garmin_venu_x1_moss_010-02980-03.png,no photo at all
zigzag,"Garmin Venu X1, GPS","Venu X1, GPS",,,,"269,100 AMD",In Stock,,no photo at all
zigzag,"Garmin Venu X1, GPS, Moss","Venu X1, GPS, Moss",,,,"269,100 AMD",In Stock,,no photo at all
zigzag,Garmin Vivoactive 5,Vivoactive 5,,,,"121,500 AMD",In Stock,,no photo at all
eldorado,Garmin vivoactive 5 Metallic orchid,vivoactive 5 Metallic orchid,,,https://eldorado.am/en/garmin-vivoactive-5-metallic-orchid-010-02862-13,"135,000 AMD",In Stock,https://eldorado.am/media/catalog/product/cache/681e1428580345c5767d232a095c7350/0/1/010-02862-13.jpg,no photo at all
zigzag,Garmin vivoactive 6 Lunar Gold,vivoactive 6 Lunar Gold,,,,"144,000 AMD",In Stock,,no photo at all
zigzag,Google Pixel 10 Pro Fold /GU0NP,Pixel 10 Pro Fold /GU0NP,512 GB,,,"919,000 AMD",In Stock,,no photo at all
pixel,Google Pixel 9,Pixel 9,,,,"285,000 AMD",In Stock,,no photo at all
pixel,Google Pixel 9 Pro,Pixel 9 Pro,,,,"375,000 AMD",In Stock,,no photo at all
pixel,Google Pixel 9 Pro XL,Pixel 9 Pro XL,,,,"389,000 AMD",In Stock,,no photo at all
vlv,Hisense 32A4N,32A4N,,,https://vlv.am/en/Product/31950,"99,600 AMD",In Stock,https://vlv.am/public/uploads/images/28-08-2024/66cefd29baf05.webp,no photo at all
vlv,Hisense 40A4N,40A4N,,,https://vlv.am/en/Product/31952,"119,600 AMD",In Stock,https://vlv.am/public/uploads/images/28-08-2024/66cf085928db4.webp,no photo at all
vlv,Hisense 43A7KQ,43A7KQ,,,https://vlv.am/en/Product/27896,"163,600 AMD",In Stock,https://vlv.am/public/uploads/images/06-05-2024/6505765eabd64.webp,no photo at all
vlv,Hisense 50A7NQ,50A7NQ,,,https://vlv.am/en/Product/32900,"222,200 AMD",In Stock,https://vlv.am/public/uploads/images/31-07-2024/66a3b246e2040.webp,no photo at all
vlv,Hisense 55A6N,55A6N,,,https://vlv.am/en/Product/32896,"219,700 AMD",In Stock,https://vlv.am/public/uploads/images/19-09-2024/66ec0ca8f0e69.webp,no photo at all
vlv,Hisense 55E7Q PRO,55E7Q PRO,,,https://vlv.am/en/Product/38783,"312,500 AMD",In Stock,https://vlv.am/public/uploads/images/18-07-2025/687a60d3d4bf4.webp,no photo at all
vlv,Hisense 65A7NQ,65A7NQ,,,https://vlv.am/en/Product/32140,"435,000 AMD",In Stock,https://vlv.am/public/uploads/images/18-07-2024/6698b60a5bd02.webp,no photo at all
vlv,Hisense 65A85K,65A85K,,,https://vlv.am/en/Product/28791,"1,119,000 AMD",In Stock,https://vlv.am/public/uploads/images/04-09-2024/66d847641a96b.webp,no photo at all
vlv,Hisense 65U7HQ,65U7HQ,,,https://vlv.am/en/Product/19711,"549,000 AMD",In Stock,https://vlv.am/public/uploads/images/26-04-2024/63f507c2e0031.webp,no photo at all
vlv,Hisense 65UXKQ,65UXKQ,,,https://vlv.am/en/Product/28111,"999,000 AMD",In Stock,https://vlv.am/public/uploads/images/20-09-2024/652647fcf1760.webp,no photo at all
vlv,Hisense 75E8S,75E8S,,,https://vlv.am/en/Product/46342,"759,000 AMD",In Stock,https://vlv.am/public/logos/vlv_open_graph.png,no photo at all
vlv,Hisense 85A6BG,85A6BG,,,https://vlv.am/en/Product/26586,"869,000 AMD",In Stock,https://vlv.am/public/uploads/images/04-09-2024/66d83494a5b24.webp,no photo at all
vlv,Hisense 85E8S,85E8S,,,https://vlv.am/en/Product/47560,"989,000 AMD",In Stock,https://vlv.am/public/uploads/images/29-07-2026/6a6a04041a07c.webp,no photo at all
vlv,Hisense 85U7S PRO,85U7S PRO,,,https://vlv.am/en/Product/47562,"1,199,000 AMD",In Stock,https://vlv.am/public/uploads/images/29-07-2026/6a6a049aaaa88.webp,no photo at all
eldorado,Honor Choice Clip MAK-ME01,Choice Clip MAK-ME01,,,,"25,900 AMD",In Stock,,no photo at all
zigzag,Honor MagicBook Pro 16,MagicBook Pro 16,,,,"559,900 AMD",In Stock,,no photo at all
ibolit,Honor MagicBook Pro 16 3K,MagicBook Pro 16 3K,1 TB,,https://ibolit.mobi/product/honor-magicbook-pro-16-3k-core-ultra-5-125h-24gb-ram-1t-win11/,"539,000 AMD",In Stock,https://ibolit.mobi/wp-content/uploads/2025/04/nibl_282.jpg,no photo at all
eldorado,Honor MagicBook X16 2025,MagicBook X16 2025,16 GB,,https://eldorado.am/en/laptop-honor-magicbook-x16-2025-16gb-512gb-5301alws-space-gray,"319,900 AMD",In Stock,https://eldorado.am/media/catalog/product/cache/681e1428580345c5767d232a095c7350/l/a/laptop-honor-magicbook-x16-2025-16gb-512gb-_5301alws_-_space-_gray-dyurakir-hamakargich-noutbuk-1-eldorado-armenia.png,no photo at all
eldorado,"Honor MagicBook X16 2026 16"" WUXGA /SSD1TB","MagicBook X16 2026 16"" WUXGA /SSD1TB",16 GB,,https://eldorado.am/en/honor-magicbook-x16-2026-brg-x-5301argn-16-wuxga-16gb-ssd1tb-space-gray,"369,900 AMD",In Stock,https://eldorado.am/media/catalog/product/cache/681e1428580345c5767d232a095c7350/6/0/60314.png.png,no photo at all
eldorado,Honor Pad X7 JMS-W09,Pad X7 JMS-W09,,,https://eldorado.am/en/tablet-honor-pad-x7-jms-w09-5504adqh-gray,"59,900 AMD",In Stock,https://eldorado.am/media/catalog/product/cache/681e1428580345c5767d232a095c7350/t/a/tablet-honor-pad-x7-jms-w09-_5504adqh_-gray-planshet-1-eldorado-armenia.png,no photo at all
eldorado,Honor Pad X7 LTE JMS-L09,Pad X7 LTE JMS-L09,,,https://eldorado.am/en/tablet-honor-pad-x7-lte-jms-l09-5504adrg-gray,"64,900 AMD",In Stock,https://eldorado.am/media/catalog/product/cache/681e1428580345c5767d232a095c7350/t/a/tablet-honor-pad_x7-lte-_jms-l09-5504adrg-gray-1-eldorado-armenia.png,no photo at all
eldorado,Honor Pad X8b NDL2-L09,Pad X8b NDL2-L09,,,https://eldorado.am/en/honor-pad-x8b-ndl2-w09-5301armh-space-gray,"104,900 AMD",In Stock,https://eldorado.am/media/catalog/product/cache/681e1428580345c5767d232a095c7350/t/a/tablet-honor-pad-x8b-ndl2-l09-5301armf-space-gray-1-eldorado-armenia.png,no photo at all
eldorado,Honor Pad X8b NDL2-W09,Pad X8b NDL2-W09,,,https://eldorado.am/en/tablet-honor-pad-x8b-ndl2-w09-5301armh-space-gray,"94,900 AMD",In Stock,https://eldorado.am/media/catalog/product/cache/681e1428580345c5767d232a095c7350/t/a/tablet-honor-pad-x8b-ndl2-w09-_5301armh_-space-gray-planshet-1-eldorado-armenia.png,no photo at all
zigzag,Honor Watch 5,Watch 5,,,,"64,900 AMD",In Stock,,no photo at all
ibolit,HP EliteBook 640 G10,EliteBook 640 G10,512 GB,,https://ibolit.mobi/product/hp-elitebook-640-g10/,"363,000 AMD",In Stock,https://ibolit.mobi/wp-content/uploads/2025/03/note_991.jpg,no photo at all
ibolit,HP Envy 16-h1023dx Touch 7Z0P3UA,Envy 16-h1023dx Touch 7Z0P3UA,1 TB,,https://ibolit.mobi/product/hp-envy-16-h1023dx-touch-7z0p3ua/,"704,000 AMD",In Stock,https://ibolit.mobi/wp-content/uploads/2025/03/note_860.jpg,no photo at all
ibolit,HP Envy 16-h1053dx Touch 9U360UA,Envy 16-h1053dx Touch 9U360UA,1 TB,,https://ibolit.mobi/product/hp-envy-16-h1053dx-touch-9u360ua/,"630,000 AMD",In Stock,https://ibolit.mobi/wp-content/uploads/2025/03/note_1485.jpg,no photo at all
eldorado,HP ENVY Hayden 22C1,ENVY Hayden 22C1,16 GB,,https://eldorado.am/en/hp-envy-hayden-22c1-16-gb-1-tb-6y9t0ea,"699,900 AMD",In Stock,https://eldorado.am/media/catalog/product/cache/681e1428580345c5767d232a095c7350/h/p/hp_envy_hayden_22c1_.jpg,no photo at all
ibolit,HP Envy PC 7X9X5EA,Envy PC 7X9X5EA,1 TB,,https://ibolit.mobi/product/hp-envy-desktop-pc-7x9x5ea/,"875,000 AMD",In Stock,https://ibolit.mobi/wp-content/uploads/2025/03/note_979.jpg,no photo at all
ibolit,HP Envy Rechargeable Mouse 500,Envy Rechargeable Mouse 500,,,https://ibolit.mobi/product/hp-envy-rechargeable-mouse-500/,"19,000 AMD",In Stock,https://ibolit.mobi/wp-content/uploads/2025/03/note_977.jpg,no photo at all
eldorado,HP G10 470G10,G10 470G10,8 GB,,https://eldorado.am/en/hp-g10-470g10-8gb-512-gb-859v4ea,"429,900 AMD",In Stock,https://eldorado.am/media/catalog/product/cache/681e1428580345c5767d232a095c7350/7/p/7p4e1ea_6_.jpg,no photo at all
zigzag,HP OmniBook 5 16 (Ultra 7),OmniBook 5 16 (Ultra 7),,,,"499,000 AMD",In Stock,,no photo at all
eldorado,HP PC Maokong24I1C23,PC Maokong24I1C23,,,,"309,900 AMD",In Stock,,no photo at all
ibolit,HP ProBook 450 G10 85C38EA,ProBook 450 G10 85C38EA,512 GB,,https://ibolit.mobi/product/hp-probook-450-g10-85c38ea/,"455,000 AMD",In Stock,https://ibolit.mobi/wp-content/uploads/2025/03/note_1648.jpg,no photo at all
ibolit,HP ProBook 450 G9 7C196PA,ProBook 450 G9 7C196PA,512 GB,,https://ibolit.mobi/product/hp-probook-450-g9-7c196pa/,"380,000 AMD",In Stock,https://ibolit.mobi/wp-content/uploads/2025/03/note_585.jpg,no photo at all
ibolit,HP Victus 15 FA0018NQ,Victus 15 FA0018NQ,512 GB,,https://ibolit.mobi/product/hp-victus-15-fa0018nq/,"390,000 AMD",In Stock,https://ibolit.mobi/wp-content/uploads/2025/03/red865_1.jpg,no photo at all
ibolit,HP Victus 15 FA0020NQ,Victus 15 FA0020NQ,512 GB,,https://ibolit.mobi/product/hp-victus-15-fa0020nq/,"390,000 AMD",In Stock,https://ibolit.mobi/wp-content/uploads/2025/03/red866_1.jpg,no photo at all
ibolit,HP Victus 15-fa0033dx 9T9R8UA,Victus 15-fa0033dx 9T9R8UA,512 GB,,https://ibolit.mobi/product/hp-victus-15-fa0033dx-9t9r8ua-16/,"330,000 AMD",In Stock,https://ibolit.mobi/wp-content/uploads/2025/03/note_1792.jpg,no photo at all
eldorado,HP Victus Clamshell Roaree 24C1,Victus Clamshell Roaree 24C1,,,https://eldorado.am/en/hp-victus-clamshell-roaree-24c1-a1lj8ea,"469,900 AMD",In Stock,https://eldorado.am/media/catalog/product/cache/681e1428580345c5767d232a095c7350/u/n/untitled_-_2025-01-13t130602.321.png,no photo at all
ibolit,JBL Boombox 3 Wi-Fi,Boombox 3 Wi-Fi,,,https://ibolit.mobi/product/jbl-boombox-3-wi-fi-black/,"249,900 AMD",In Stock,https://ibolit.mobi/wp-content/uploads/2025/03/red1870_1.jpg,no photo at all
ibolit,JBL Clip 4 Squad,Clip 4 Squad,,,https://ibolit.mobi/product/jbl-clip-4-squad/,"21,900 AMD",In Stock,https://ibolit.mobi/wp-content/uploads/2025/03/red1843_1.jpg,no photo at all
ibolit,JBL Flip 6 Squared,Flip 6 Squared,,,https://ibolit.mobi/product/jbl-flip-6-squared/,"53,900 AMD",In Stock,https://ibolit.mobi/wp-content/uploads/2025/03/red1828_1.jpg,no photo at all
ibolit,JBL Flip 6 Star,Flip 6 Star,,,https://ibolit.mobi/product/jbl-flip-6-black-star/,"59,000 AMD",In Stock,https://ibolit.mobi/wp-content/uploads/2025/03/red1807_1.jpg,no photo at all
ibolit,JBL Go 3 Squad,Go 3 Squad,,,https://ibolit.mobi/product/jbl-go-3-squad/,"16,000 AMD",In Stock,https://ibolit.mobi/wp-content/uploads/2025/03/red1817_1.jpg,no photo at all
ibolit,JBL Live 460 NC,Live 460 NC,,,https://ibolit.mobi/product/jbl-live-460-nc/,"39,900 AMD",In Stock,https://ibolit.mobi/wp-content/uploads/2025/03/note_988.jpg,no photo at all
ibolit,JBL Live 660 NC,Live 660 NC,,,https://ibolit.mobi/product/jbl-live-660-nc-white/,"55,900 AMD",In Stock,https://ibolit.mobi/wp-content/uploads/2025/03/red2155_1.jpg,no photo at all
ibolit,JBL Live Pro 2 TWS,Live Pro 2 TWS,,,https://ibolit.mobi/product/jbl-live-pro-2-tws-black/,"65,900 AMD",In Stock,https://ibolit.mobi/wp-content/uploads/2025/03/red2161_1.jpg,no photo at all
ibolit,JBL PartyBox 110,PartyBox 110,,,https://ibolit.mobi/product/jbl-partybox-110/,"180,000 AMD",In Stock,https://ibolit.mobi/wp-content/uploads/2025/03/red1784_1.jpg,no photo at all
istyle,JBL PartyBox Club 120,PartyBox Club 120,,,,"184,000 AMD",In Stock,,no photo at all
ibolit,JBL Quantum 200 Wired,Quantum 200 Wired,,,https://ibolit.mobi/product/jbl-quantum-200-wired-black/,"26,900 AMD",In Stock,https://ibolit.mobi/wp-content/uploads/2025/03/red2000_1.jpg,no photo at all
ibolit,JBL Quantum 300,Quantum 300,,,https://ibolit.mobi/product/jbl-quantum-300-black/,"26,900 AMD",In Stock,https://ibolit.mobi/wp-content/uploads/2025/03/red2025_1.jpg,no photo at all
ibolit,JBL Tune 125 TWS,Tune 125 TWS,,,https://ibolit.mobi/product/jbl-tune-125-tws-blue/,"49,900 AMD",In Stock,https://ibolit.mobi/wp-content/uploads/2025/03/red2017_1.jpg,no photo at all
ibolit,JBL Tune 130 TWS,Tune 130 TWS,,,https://ibolit.mobi/product/jbl-tune-130-tws-white/,"29,900 AMD",In Stock,https://ibolit.mobi/wp-content/uploads/2025/03/red2039_1.jpg,no photo at all
ibolit,JBL Tune 215 TWS,Tune 215 TWS,,,https://ibolit.mobi/product/jbl-tune-215-tws-green/,"49,000 AMD",In Stock,https://ibolit.mobi/wp-content/uploads/2025/03/red30_1.jpg,no photo at all
ibolit,JBL Tune 230 NC TWS,Tune 230 NC TWS,,,https://ibolit.mobi/product/jbl-tune-230-nc-tws/,"33,000 AMD",In Stock,https://ibolit.mobi/wp-content/uploads/2025/03/note_944.jpg,no photo at all
ibolit,JBL Tune 230 TWS,Tune 230 TWS,,,https://ibolit.mobi/product/jbl-tune-230-tws-beige/,"39,900 AMD",In Stock,https://ibolit.mobi/wp-content/uploads/2025/03/red2040_1.jpg,no photo at all
ibolit,JBL Tune 500 Wired,Tune 500 Wired,,,https://ibolit.mobi/product/jbl-tune-500-wired-black/,"11,900 AMD",In Stock,https://ibolit.mobi/wp-content/uploads/2025/03/red2062_1.jpg,no photo at all
ibolit,JBL Tune 520 BT,Tune 520 BT,,,https://ibolit.mobi/product/jbl-tune-520-bt-black/,"19,900 AMD",In Stock,https://ibolit.mobi/wp-content/uploads/2025/03/red2100_1.jpg,no photo at all
ibolit,JBL Tune 670 NC,Tune 670 NC,,,https://ibolit.mobi/product/jbl-tune-670-nc-black/,"39,900 AMD",In Stock,https://ibolit.mobi/wp-content/uploads/2025/03/red2165_1.jpg,no photo at all
ibolit,JBL Tune 720 BT,Tune 720 BT,,,https://ibolit.mobi/product/jbl-tune-720-bt-black/,"28,900 AMD",In Stock,https://ibolit.mobi/wp-content/uploads/2025/03/red2095_1.jpg,no photo at all
ibolit,JBL Tune 760 NC,Tune 760 NC,,,https://ibolit.mobi/product/jbl-tune-760-nc-black/,"37,900 AMD",In Stock,https://ibolit.mobi/wp-content/uploads/2025/03/red2166_1.jpg,no photo at all
ibolit,JBL Xtreme 3 Camouflage,Xtreme 3 Camouflage,,,https://ibolit.mobi/product/jbl-xtreme-3-camouflage/,"99,900 AMD",In Stock,https://ibolit.mobi/wp-content/uploads/2025/03/red1781_1.jpg,no photo at all
eldorado,Lenovo 82VG00WXUS,82VG00WXUS,,,https://eldorado.am/en/laptop-lenovo-82vg00wxus,"279,900 AMD",In Stock,https://eldorado.am/media/catalog/product/cache/681e1428580345c5767d232a095c7350/l/a/laptop-lenovo-82vg00wxus-noutbuk-3-eldorado-armenia.png,no photo at all
eldorado,Lenovo 82XB00HVUS,82XB00HVUS,,,https://eldorado.am/en/lenovo-82xb00hvus,"149,900 AMD",In Stock,https://eldorado.am/media/catalog/product/cache/681e1428580345c5767d232a095c7350/6/0/60721.png.png,no photo at all
eldorado,Lenovo 82YU016TPB,82YU016TPB,,,https://eldorado.am/en/lenovo-82yu016tpb,"299,900 AMD",In Stock,https://eldorado.am/media/catalog/product/cache/681e1428580345c5767d232a095c7350/6/0/60723.png.png,no photo at all
eldorado,Lenovo 83B40008US,83B40008US,,,https://eldorado.am/en/laptop-lenovo-83b40008us,"319,900 AMD",In Stock,https://eldorado.am/media/catalog/product/cache/681e1428580345c5767d232a095c7350/l/a/laptop-lenovo-83b40008us-noutbuk-1-eldorado-armenia.png,no photo at all
eldorado,Lenovo 83F00005US,83F00005US,,,https://eldorado.am/en/laptop-lenovo-83f00005us,"779,900 AMD",In Stock,https://eldorado.am/media/catalog/product/cache/681e1428580345c5767d232a095c7350/l/a/laptop-lenovo-83f00005us-noutbuk-1-eldorado-armenia.png,no photo at all
eldorado,Lenovo 83L7002NUS,83L7002NUS,,,https://eldorado.am/en/lenovo-83l7002nus,"229,900 AMD",In Stock,https://eldorado.am/media/catalog/product/cache/681e1428580345c5767d232a095c7350/6/0/60722.png.png,no photo at all
eldorado,Lenovo 83LK0001US,83LK0001US,,,https://eldorado.am/en/laptop-lenovo-83lk0001us,"349,900 AMD",In Stock,https://eldorado.am/media/catalog/product/cache/681e1428580345c5767d232a095c7350/l/a/laptop-lenovo-83lk0001us-noutbuk-dyurakir-hamakargich-1-eldorado-armenia.jpg,no photo at all
eldorado,Lenovo 83LK00CVUS,83LK00CVUS,,,https://eldorado.am/en/laptop-lenovo-83lk00cvus,"439,900 AMD",In Stock,https://eldorado.am/media/catalog/product/cache/681e1428580345c5767d232a095c7350/l/a/laptop-lenovo-83lk00cvus-noutbuk-1-eldorado-armenia.png,no photo at all
eldorado,"Lenovo IdeaCentre AIO 23. 8"" 24IRH 9","IdeaCentre AIO 23. 8"" 24IRH 9",,,,"429,900 AMD",In Stock,,no photo at all
eldorado,"Lenovo IdeaCentre AIO 27IRH 9 27""","IdeaCentre AIO 27IRH 9 27""",,,,"459,900 AMD",In Stock,,no photo at all
eldorado,"Lenovo IdeaPad 5 2-in 1, Touch, W11, 83DS0056US","IdeaPad 5 2-in 1, Touch, W11, 83DS0056US",,,https://eldorado.am/en/lenovo-ideapad-5-2-in-1-touch-w11-grey-83ds0056us,"429,900 AMD",In Stock,https://eldorado.am/media/catalog/product/cache/681e1428580345c5767d232a095c7350/6/0/60447_png.png,no photo at all
eldorado,Lenovo IdeaPad Pro 5 16IRH8,IdeaPad Pro 5 16IRH8,512 GB,,https://eldorado.am/en/lenovo-ideapad-pro-5-16irh8-16-512gb-83aq0024rk,"569,900 AMD",In Stock,https://eldorado.am/media/catalog/product/cache/681e1428580345c5767d232a095c7350/l/e/lenovo_ideapad_pro_5_16irh8_core_i5-13500h_16gb_83aq00.jpg,no photo at all
eldorado,Lenovo IdeaPad Slim 3 (Ryzen 7),IdeaPad Slim 3 (Ryzen 7),,,https://eldorado.am/en/lenovo-ideapad-slim-3-ryzen-7-8840hs-83ka000qus-touch-bklit-w11,"409,900 AMD",In Stock,https://eldorado.am/media/catalog/product/cache/681e1428580345c5767d232a095c7350/6/0/60452.png.png,no photo at all
eldorado,Lenovo IdeaPad Slim 3 15AMN8,IdeaPad Slim 3 15AMN8,,,https://eldorado.am/en/lenovo-ideapad-slim-3-15-6-w11-abyss-bl-82xq012hus,"259,900 AMD",In Stock,https://eldorado.am/media/catalog/product/cache/681e1428580345c5767d232a095c7350/6/0/60446.png.png,no photo at all
eldorado,Lenovo IdeaPad Slim 3 16IRH10,IdeaPad Slim 3 16IRH10,,,https://eldorado.am/en/lenovo-ideapad-slim-5-16irh10-r-83j1001drk,"319,900 AMD",In Stock,https://eldorado.am/media/catalog/product/cache/681e1428580345c5767d232a095c7350/6/0/60331.png.png,no photo at all
eldorado,Lenovo IdeaPad Slim 5 14IRH10,IdeaPad Slim 5 14IRH10,,,https://eldorado.am/en/laptop-lenovo-ideapad-slim-5-14irh10-83hr002srk-luna-grey,"349,900 AMD",In Stock,https://eldorado.am/media/catalog/product/cache/681e1428580345c5767d232a095c7350/l/a/laptop-lenovo-ideapad-slim-5-14irh10-_83hr002srk_-luna-grey-notbuk-1-eldorado-armenia.png,no photo at all
eldorado,Lenovo IdeaPad Slim 5 14IRH10R,IdeaPad Slim 5 14IRH10R,,,https://eldorado.am/en/laptop-lenovo-ideapad-slim-5-14irh10r-83j0001ark,"459,900 AMD",In Stock,https://eldorado.am/media/catalog/product/cache/681e1428580345c5767d232a095c7350/l/a/laptop-lenovo-ideapad-slim-5-14irh10-_83hr002urk_-luna-grey-dyurakir-hamakargich-noutbuk-tesqy-arjevic-eldorado-armenia_1.png,no photo at all
eldorado,"Lenovo IdeaPad Slim 5 16IRH10 16"" i5-13420H /TB","IdeaPad Slim 5 16IRH10 16"" i5-13420H /TB",16 GB,,https://eldorado.am/en/lenovo-ideapad-slim-5-16irh10-r-83j1001drk,"389,900 AMD",In Stock,https://eldorado.am/media/catalog/product/cache/681e1428580345c5767d232a095c7350/6/0/60331.png.png,no photo at all
eldorado,Lenovo IdeaPad Slim 516IRH10,IdeaPad Slim 516IRH10,,,https://eldorado.am/en/laptop-lenovo-ideapad-slim-5-16irh10r-83j1001erk,"459,900 AMD",In Stock,https://eldorado.am/media/catalog/product/cache/681e1428580345c5767d232a095c7350/l/a/laptop-lenovo-ideapad-slim-5-16irh10r-_83j1001erk_-noutbuk-tesqy-arjevic-eldorado-armenia.png,no photo at all
eldorado,"Lenovo IdeaPad Slim 5i, Core 7 240H, 83J1002SUS","IdeaPad Slim 5i, Core 7 240H, 83J1002SUS",,,https://eldorado.am/en/lenovo-ideapad-slim-5i-core-7-240h-83j1002sus-luna-grey,"449,900 AMD",In Stock,https://eldorado.am/media/catalog/product/cache/681e1428580345c5767d232a095c7350/6/0/60448.png.png,no photo at all
ibolit,Lenovo Legion 5 Pro 16 IRX9,Legion 5 Pro 16 IRX9,1 TB,,https://ibolit.mobi/product/lenovo-legion-5-pro-16-irx9/,"755,000 AMD",In Stock,https://ibolit.mobi/wp-content/uploads/2025/03/red1012_1.jpg,no photo at all
ibolit,Lenovo Legion Pro 5 Slim,Legion Pro 5 Slim,512 GB,,https://ibolit.mobi/product/lenovo-legion-pro-5-slim/,"680,000 AMD",In Stock,https://ibolit.mobi/wp-content/uploads/2025/03/red1013_1.jpg,no photo at all
ibolit,Lenovo Legion Slim 5 14 APH8 OLED 82Y5000AUS,Legion Slim 5 14 APH8 OLED 82Y5000AUS,1 TB,,https://ibolit.mobi/product/lenovo-legion-slim-5-14-aph8-oled-82y5000aus/,"599,000 AMD",In Stock,https://ibolit.mobi/wp-content/uploads/2025/03/note_1738.jpg,no photo at all
ibolit,Lenovo LOQ 15 ARP9 83JC0000US,LOQ 15 ARP9 83JC0000US,512 GB,,https://ibolit.mobi/product/lenovo-loq-15-arp9-83jc0000us/,"475,000 AMD",In Stock,https://ibolit.mobi/wp-content/uploads/2025/03/note_1747.jpg,no photo at all
eldorado,Lenovo LOQ 15IAX9,LOQ 15IAX9,,,https://eldorado.am/en/laptop-lenono-loq-15iax9-83gs00e7rk,"469,900 AMD",In Stock,https://eldorado.am/media/catalog/product/cache/681e1428580345c5767d232a095c7350/l/a/laptop_-lenono-_loq_-15iax9_-_83gs00e7rk_-1-eldorado-armenia_1.png,no photo at all
ibolit,Lenovo LOQ Tower 17 IRR9 90X0002MGH,LOQ Tower 17 IRR9 90X0002MGH,512 GB,,https://ibolit.mobi/product/lenovo-loq-tower-17-irr9-90x0002mgh/,"399,000 AMD",In Stock,https://ibolit.mobi/wp-content/uploads/2025/03/note_1675.jpg,no photo at all
eldorado,Lenovo Think Book 14 G8 IRL,Think Book 14 G8 IRL,,,https://eldorado.am/en/lenovo-think-book-14-g8-irl-21sg008krt,"389,900 AMD",In Stock,https://eldorado.am/media/catalog/product/cache/681e1428580345c5767d232a095c7350/6/0/60329.png.png,no photo at all
ibolit,Lenovo ThinkPad E16 Gen 1 21JN001QGP,ThinkPad E16 Gen 1 21JN001QGP,512 GB,,https://ibolit.mobi/product/lenovo-thinkpad-e16-gen-1-21jn001qgp/,"439,000 AMD",In Stock,https://ibolit.mobi/wp-content/uploads/2025/03/note_1639.jpg,no photo at all
ibolit,Lenovo ThinkPad E16 Gen 2 21MA002XRT,ThinkPad E16 Gen 2 21MA002XRT,1 TB,,https://ibolit.mobi/product/lenovo-thinkpad-e16-gen-2-21ma002xrt/,"520,000 AMD",In Stock,https://ibolit.mobi/wp-content/uploads/2025/03/note_1616.jpg,no photo at all
ibolit,Lenovo ThinkPad E16 Gen 2 21MA004VRT,ThinkPad E16 Gen 2 21MA004VRT,512 GB,,https://ibolit.mobi/product/lenovo-thinkpad-e16-gen-2-21ma004vrt/,"467,000 AMD",In Stock,https://ibolit.mobi/wp-content/uploads/2025/03/note_1651.jpg,no photo at all
zigzag,Lenovo ThinkPad T16 G4,ThinkPad T16 G4,16 GB,,,"839,000 AMD",In Stock,,no photo at all
ibolit,Lenovo ThinkPad T16 Gen 2 21HH005AGQ,ThinkPad T16 Gen 2 21HH005AGQ,512 GB,,https://ibolit.mobi/product/lenovo-thinkpad-t16-gen-2-21hh005agq/,"655,000 AMD",In Stock,https://ibolit.mobi/wp-content/uploads/2025/03/note_1798.jpg,no photo at all
redstore,Lenovo Yoga 9 13IMU9,Yoga 9 13IMU9,1 TB,,https://redstore.am/en/product/lenovo-yoga-9-13imu9,"899,000 AMD",In Stock,https://admin.redstore.am/storage/products/53916/image/hytgfredsw-montaznaia-oblast-1.jpg,no photo at all
redstore,Lenovo Yoga 9 14ILL10,Yoga 9 14ILL10,1 TB,,https://redstore.am/en/product/lenovo-yoga-9-14ill10,"899,000 AMD",In Stock,https://admin.redstore.am/storage/products/59090/image/ssdw-montaznaia-oblast-1.jpg,no photo at all
ibolit,Lenovo Yoga Pro 7 14 AHP9 83E3002ARK,Yoga Pro 7 14 AHP9 83E3002ARK,1 TB,,https://ibolit.mobi/product/lenovo-yoga-pro-7-14-ahp9-83e3002ark/,"548,000 AMD",In Stock,https://ibolit.mobi/wp-content/uploads/2025/03/note_1614.jpg,no photo at all
ibolit,Lenovo Yoga Pro 9 16IMH9,Yoga Pro 9 16IMH9,1 TB,,https://ibolit.mobi/product/lenovo-yoga-pro-9-16imh9/,"1,099,000 AMD",In Stock,https://ibolit.mobi/wp-content/uploads/2025/03/red1019_1.jpg,no photo at all
ibolit,Lenovo Yoga Pro 9 16IMH9 83DN002RRK Mini LED,Yoga Pro 9 16IMH9 83DN002RRK Mini LED,1 TB,,https://ibolit.mobi/product/lenovo-yoga-pro-9-16imh9-83dn002rrk-mini-led/,"1,165,000 AMD",In Stock,https://ibolit.mobi/wp-content/uploads/2025/03/note_1546.jpg,no photo at all
eldorado,LG 24G411A-B,24G411A-B,,,,"69,900 AMD",In Stock,,no photo at all
eldorado,LG 24GS50F-B,24GS50F-B,,,,"89,900 AMD",In Stock,,no photo at all
eldorado,LG 27GS50F-B,27GS50F-B,,,,"91,900 AMD",In Stock,,no photo at all
eldorado,LG 27U421A-B,27U421A-B,,,,"79,900 AMD",In Stock,,no photo at all
eldorado,LG 27U511SA-W,27U511SA-W,,,,"129,900 AMD",In Stock,,no photo at all
eldorado,LG 29U531A-W,29U531A-W,,,,"119,900 AMD",In Stock,,no photo at all
eldorado,LG 32UR500K-B,32UR500K-B,,,,"168,900 AMD",In Stock,,no photo at all
eldorado,LG 34GP63A-B,34GP63A-B,,,,"239,900 AMD",In Stock,,no photo at all
vlv,LG 43NANO766QA,43NANO766QA,,,https://vlv.am/en/Product/20466,"219,000 AMD",In Stock,https://vlv.am/public/uploads/images/07-02-2024/63f518654bbf2.webp,no photo at all
eldorado,LG 43NANO80A6B,43NANO80A6B,,,,"219,900 AMD",In Stock,,no photo at all
eldorado,LG 43NU850B6LA,43NU850B6LA,,,,"178,900 AMD",In Stock,,no photo at all
eldorado,LG 43QNED70B6C,43QNED70B6C,,,,"215,900 AMD",In Stock,,no photo at all
eldorado,LG 43UA75009LA,43UA75009LA,,,,"177,900 AMD",In Stock,,no photo at all
vlv,LG 43UQ81006LB,43UQ81006LB,,,https://vlv.am/en/Product/20467,"269,000 AMD",In Stock,https://vlv.am/public/uploads/images/21-02-2023/63f51867a777f.webp,no photo at all
eldorado,LG 50NU850B6LA,50NU850B6LA,,,,"247,900 AMD",In Stock,,no photo at all
eldorado,LG 50QNED70B6C,50QNED70B6C,,,,"278,900 AMD",In Stock,,no photo at all
eldorado,LG 50QNED80A6A,50QNED80A6A,,,,"289,900 AMD",In Stock,,no photo at all
vlv,LG 55NANO766QA,55NANO766QA,,,https://vlv.am/en/Product/31875,"389,900 AMD",In Stock,https://vlv.am/public/uploads/images/17-04-2024/661f6dfe37908.webp,no photo at all
vlv,LG 55NANO816NA,55NANO816NA,,,https://vlv.am/en/Product/15723,"589,000 AMD",In Stock,https://vlv.am/public/uploads/images/20-02-2023/63f33e93e889b.webp,no photo at all
eldorado,LG 55NU850B6LA,55NU850B6LA,,,,"287,900 AMD",In Stock,,no photo at all
eldorado,LG 55QNED70A6A,55QNED70A6A,,,,"298,900 AMD",In Stock,,no photo at all
eldorado,LG 55QNED80A6A,55QNED80A6A,,,,"359,900 AMD",In Stock,,no photo at all
eldorado,LG 55QNED80B6B,55QNED80B6B,,,,"372,900 AMD",In Stock,,no photo at all
eldorado,LG 55QNED80T6A,55QNED80T6A,,,,"449,100 AMD",In Stock,,no photo at all
vlv,LG 55QNED816RA,55QNED816RA,,,https://vlv.am/en/Product/31218,"569,900 AMD",In Stock,https://vlv.am/public/uploads/images/04-03-2024/65e5578c2ecc0.webp,no photo at all
eldorado,LG 55QNED82A6B,55QNED82A6B,,,,"399,900 AMD",In Stock,,no photo at all
eldorado,LG 55QNED86A6A,55QNED86A6A,,,,"566,900 AMD",In Stock,,no photo at all
eldorado,LG 55QNED86T6A,55QNED86T6A,,,,"429,900 AMD",In Stock,,no photo at all
vlv,LG 55UR81006LJ,55UR81006LJ,,,https://vlv.am/en/Product/32789,"309,000 AMD",In Stock,https://vlv.am/public/uploads/images/22-05-2024/664d98e5d72a7.webp,no photo at all
vlv,LG 65NANO766QA,65NANO766QA,,,https://vlv.am/en/Product/21193,"529,900 AMD",In Stock,https://vlv.am/public/uploads/images/21-02-2023/63f51d04494f0.webp,no photo at all
eldorado,LG 65NU850B6LA,65NU850B6LA,,,,"367,900 AMD",In Stock,,no photo at all
eldorado,LG 65QNED70A6A,65QNED70A6A,,,,"339,900 AMD",In Stock,,no photo at all
eldorado,LG 65QNED80A6A,65QNED80A6A,,,,"611,900 AMD",In Stock,,no photo at all
eldorado,LG 65QNED80B6B,65QNED80B6B,,,,"494,900 AMD",In Stock,,no photo at all
eldorado,LG 65QNED86T6A,65QNED86T6A,,,,"549,900 AMD",In Stock,,no photo at all
eldorado,LG 65UA75009LA,65UA75009LA,,,,"329,900 AMD",In Stock,,no photo at all
eldorado,LG 75NU850B6LA,75NU850B6LA,,,,"469,900 AMD",In Stock,,no photo at all
eldorado,LG 75QNED70B6A,75QNED70B6A,,,,"569,900 AMD",In Stock,,no photo at all
eldorado,LG 75QNED85B6B,75QNED85B6B,,,,"1,097,900 AMD",In Stock,,no photo at all
eldorado,LG 75QNED86A6A,75QNED86A6A,,,,"1,079,900 AMD",In Stock,,no photo at all
eldorado,LG 85QNED70B6A,85QNED70B6A,,,,"773,900 AMD",In Stock,,no photo at all
eldorado,LG OLED55C6RLA,OLED55C6RLA,,,,"1,016,900 AMD",In Stock,,no photo at all
eldorado,LG OLED65B5RLA,OLED65B5RLA,,,,"899,900 AMD",In Stock,,no photo at all
eldorado,LG OLED65C5RLA,OLED65C5RLA,,,,"1,249,900 AMD",In Stock,,no photo at all
eldorado,LG OLED65G5RLA,OLED65G5RLA,,,,"1,399,900 AMD",In Stock,,no photo at all
eldorado,LG OLED83C4RLA,OLED83C4RLA,,,,"2,549,900 AMD",In Stock,,no photo at all
istyle,Marshall Acton 3,Acton 3,,,,"125,000 AMD",In Stock,,no photo at all
istyle,Marshall Woburn 3,Woburn 3,,,,"219,000 AMD",In Stock,,no photo at all
eldorado,Microsoft Surface 4,Surface 4,16 GB,,https://eldorado.am/en/laptop-microsoft-surface-laptop-4-16gb-1tb,"519,900 AMD",In Stock,https://eldorado.am/media/catalog/product/cache/681e1428580345c5767d232a095c7350/l/a/laptop-_microsoft_-surface-_laptop_-4_16gb-1tb-noutbuk-dyurakir-hamakargich-eldorado-armenia.jpg,no photo at all
eldorado,Microsoft Surface Go 2,Surface Go 2,8 GB,,https://eldorado.am/en/microsoft-surface-laptop-go-2,"429,900 AMD",In Stock,https://eldorado.am/media/catalog/product/cache/681e1428580345c5767d232a095c7350/m/i/microsoft_-surface_-laptop_-go-_2_-dyurakir-hamakargich-noutbuk-eldorado-armenia.jpg,no photo at all
eldorado,Microsoft Xbox Headset,Xbox Headset,,,https://eldorado.am/en/microsoft-xbox-controller-series-deep-pink,"65,900 AMD",In Stock,https://eldorado.am/media/catalog/product/cache/681e1428580345c5767d232a095c7350/j/o/joystick-xbox-series-sx-eldorado-armenia_2.jpg,no photo at all
ibolit,MSI Cyborg 15 A12VF 043US,Cyborg 15 A12VF 043US,512 GB,,https://ibolit.mobi/product/msi-cyborg-15-a12-vf-043-us/,"445,000 AMD",In Stock,https://ibolit.mobi/wp-content/uploads/2025/03/note_1259.jpg,no photo at all
ibolit,MSI Cyborg 15 A13UC-821XAE,Cyborg 15 A13UC-821XAE,512 GB,,https://ibolit.mobi/product/msi-cyborg-15-a13uc-821xae-2/,"456,000 AMD",In Stock,https://ibolit.mobi/wp-content/uploads/2025/04/nibl_349.jpg,no photo at all
ibolit,MSI Cyborg 15 A13VE-218US,Cyborg 15 A13VE-218US,512 GB,,https://ibolit.mobi/product/msi-cyborg-15-a13ve-218us/,"539,000 AMD",In Stock,https://ibolit.mobi/wp-content/uploads/2025/04/nibl_351.jpg,no photo at all
ibolit,MSI Modern 15 A11MU 1006XGE,Modern 15 A11MU 1006XGE,256 GB,,https://ibolit.mobi/product/msi-modern-15-a11mu-1006xge/,"220,000 AMD",In Stock,https://ibolit.mobi/wp-content/uploads/2025/03/note_413.jpg,no photo at all
ibolit,MSI Modern 15 B11M 006XGE,Modern 15 B11M 006XGE,512 GB,,https://ibolit.mobi/product/msi-modern-15-b11m-006xge/,"305,000 AMD",In Stock,https://ibolit.mobi/wp-content/uploads/2025/03/note_589.jpg,no photo at all
ibolit,MSI MODERN 15 B5M-008XGE,MODERN 15 B5M-008XGE,512 GB,,https://ibolit.mobi/product/msi-modern-15-b5m-008xge/,"247,000 AMD",In Stock,https://ibolit.mobi/wp-content/uploads/2025/03/note_1590.jpg,no photo at all
zigzag,Nothing 6974434224179,6974434224179,,,,"157,000 AMD",In Stock,,no photo at all
zigzag,Nothing CMF Watch 3 Pro,CMF Watch 3 Pro,,,,"55,000 AMD",In Stock,,no photo at all
eldorado,Nothing CMF Watch Pro 2,CMF Watch Pro 2,,,https://eldorado.am/en/nothing-watch-pro-2-d398-blue,"45,900 AMD",In Stock,https://eldorado.am/media/catalog/product/cache/681e1428580345c5767d232a095c7350/u/n/untitjjjjled-1.png,no photo at all
eldorado,Nothing Ear Open B182,Ear Open B182,,,,"89,900 AMD",In Stock,,no photo at all
eldorado,"Philips 24"" USB-C 24E1N3300A/00","24"" USB-C 24E1N3300A/00",,,,"82,900 AMD",In Stock,,no photo at all
eldorado,Samsung 27D300GAU,27D300GAU,,,,"59,900 AMD",In Stock,,no photo at all
eldorado,"Samsung EO-IC100, USB Type-C","EO-IC100, USB Type-C",,,,"9,900 AMD",In Stock,,no photo at all
ibolit,Samsung Galaxy Book 4 NP750XGK-KS2US,Galaxy Book 4 NP750XGK-KS2US,512 GB,,https://ibolit.mobi/product/samsung-galaxy-book-4-np750xgk-ks2us-2/,"372,000 AMD",In Stock,https://ibolit.mobi/wp-content/uploads/2025/03/note_1381.jpg,no photo at all
ibolit,Samsung Galaxy Tab A8 10.5 X200,Galaxy Tab A8 10.5 X200,32 GB,,https://ibolit.mobi/product/samsung-galaxy-tab-a8-10-5-32gb-x200-gray/,"77,000 AMD",In Stock,https://ibolit.mobi/wp-content/uploads/2025/03/red1128_1.jpg,no photo at all
ibolit,Samsung Galaxy Tab A8 10.5 X205,Galaxy Tab A8 10.5 X205,32 GB,,https://ibolit.mobi/product/samsung-galaxy-tab-a8-10-5-32gb-x205-gray/,"77,000 AMD",In Stock,https://ibolit.mobi/wp-content/uploads/2025/03/red1129_1.jpg,no photo at all
ibolit,Samsung Galaxy Tab S9 FE X510,Galaxy Tab S9 FE X510,128 GB / 256 GB,,https://ibolit.mobi/product/samsung-galaxy-tab-s9-fe-6gb-128gb-x510-gray/,"164,000 AMD",In Stock,https://ibolit.mobi/wp-content/uploads/2025/03/red1163_1.jpg,no photo at all
ibolit,Samsung Galaxy Tab S9 FE X516,Galaxy Tab S9 FE X516,128 GB / 256 GB,,https://ibolit.mobi/product/samsung-galaxy-tab-s9-fe-6gb-128gb-x516-gray/,"209,000 AMD",In Stock,https://ibolit.mobi/wp-content/uploads/2025/03/red1181_1.jpg,no photo at all
pixel,Samsung Galaxy Tab S9 Ultra,Galaxy Tab S9 Ultra,,,https://www.pixel.am/am/product/samsung-galaxy-tab-s9-ultra,"462,900 AMD",In Stock,https://cdn.storech.com/uploads/products/000/000/000/000/022/147/800_1776192867-1701091416-tab-s9-ultra-graphite-2-sides.png,no photo at all
eldorado,Samsung Galaxy Watch 6 Classic,Galaxy Watch 6 Classic,43mm,,https://eldorado.am/en/samsung-galaxy-watch-6-classic-43mm-r950-silver,"148,900 AMD",In Stock,https://eldorado.am/media/catalog/product/cache/681e1428580345c5767d232a095c7350/s/a/samsung_galaxy_watch_6_classic.jpg,no photo at all
zigzag,Samsung Galaxy Watch 7 Ultra,Galaxy Watch 7 Ultra,47mm,,,"229,900 AMD",In Stock,,no photo at all
pixel,Samsung Galaxy Watch FE,Galaxy Watch FE,,,,"62,000 AMD",In Stock,,no photo at all
pixel,Samsung Galaxy Watch Ultra 2024,Galaxy Watch Ultra 2024,47mm,,,"159,000 AMD",In Stock,,no photo at all
pixel,Samsung Galaxy Watch Ultra 2025,Galaxy Watch Ultra 2025,47mm,,,"159,000 AMD",In Stock,,no photo at all
eldorado,Samsung Galaxy Watch4,Galaxy Watch4,40mm / 44mm,,https://eldorado.am/en/samsung-galaxy-watch4-40-mm-classic-black-r860,"99,900 AMD",In Stock,https://eldorado.am/media/catalog/product/cache/681e1428580345c5767d232a095c7350/g/a/galaxy_watch4_40mm_1_.jpg,no photo at all
eldorado,Samsung Galaxy Watch8 Classic L500,Galaxy Watch8 Classic L500,,,https://eldorado.am/en/smart-watch-samsung-galaxy-watch8-classic-l500-white,"155,900 AMD",In Stock,https://eldorado.am/media/catalog/product/cache/681e1428580345c5767d232a095c7350/s/m/smart-watch-samsung-galaxy-watch8-classic-l500-white-smart-jamacuyc-smart-chasy-3-eldorado-armenia.png,no photo at all
eldorado,Samsung LS24D304GAU,LS24D304GAU,,,,"46,900 AMD",In Stock,,no photo at all
eldorado,Samsung LS27BG400EUXEN,LS27BG400EUXEN,,,,"99,900 AMD",In Stock,,no photo at all
eldorado,Samsung LS27BG650EU,LS27BG650EU,,,,"209,900 AMD",In Stock,,no photo at all
eldorado,Samsung LS27DG300EU,LS27DG300EU,,,,"85,900 AMD",In Stock,,no photo at all
eldorado,Samsung LS32CG554EU,LS32CG554EU,,,,"129,900 AMD",In Stock,,no photo at all
eldorado,Samsung LS32D700EAU,LS32D700EAU,,,,"149,900 AMD",In Stock,,no photo at all
eldorado,Samsung LS32FM700UU,LS32FM700UU,,,,"199,900 AMD",In Stock,,no photo at all
eldorado,Samsung LS34C500GAU,LS34C500GAU,,,,"149,900 AMD",In Stock,,no photo at all
ibolit,Samsung Odyssey Ark 55” LS55CG97WNIXCI,Odyssey Ark 55” LS55CG97WNIXCI,,,https://ibolit.mobi/product/samsung-odyssey-ark-55-ls55cg97wnixci/,"1,240,000 AMD",In Stock,https://ibolit.mobi/wp-content/uploads/2025/03/note_1194.jpg,no photo at all
ibolit,Samsung Odyssey G3 24” S24AG304NR,Odyssey G3 24” S24AG304NR,,,https://ibolit.mobi/product/samsung-odyssey-g3-24-s24ag304nr/,"72,000 AMD",In Stock,https://ibolit.mobi/wp-content/uploads/2025/03/note_1545.jpg,no photo at all
eldorado,Samsung Odyssey G4 LS25BG400EIXCI,Odyssey G4 LS25BG400EIXCI,,,,"89,900 AMD",In Stock,,no photo at all
eldorado,Samsung Odyssey G5 S32CG552EU,Odyssey G5 S32CG552EU,,,,"149,900 AMD",In Stock,,no photo at all
ibolit,Samsung Odyssey G8 OLED 34” S34BG850SU,Odyssey G8 OLED 34” S34BG850SU,,,https://ibolit.mobi/product/samsung-odyssey-g8-oled-34-s34bg850su-smart-tv/,"499,000 AMD",In Stock,https://ibolit.mobi/wp-content/uploads/2025/03/note_1715.jpg,no photo at all
eldorado,Samsung QE43Q60BA,QE43Q60BA,,,,"199,900 AMD",In Stock,,no photo at all
eldorado,Samsung QE43Q7FAAUXRU,QE43Q7FAAUXRU,,,,"223,900 AMD",In Stock,,no photo at all
eldorado,Samsung QE50Q7FAAUXRU,QE50Q7FAAUXRU,,,,"298,900 AMD",In Stock,,no photo at all
vlv,Samsung QE55LS03BAUXCE,QE55LS03BAUXCE,,,https://vlv.am/en/Product/27256,"429,000 AMD",In Stock,https://vlv.am/public/uploads/images/06-05-2024/6479f28dd1981.webp,no photo at all
eldorado,Samsung QE55Q60ABUXRU,QE55Q60ABUXRU,,,,"479,900 AMD",In Stock,,no photo at all
eldorado,Samsung QE55Q7FAAUXRU,QE55Q7FAAUXRU,,,,"352,900 AMD",In Stock,,no photo at all
eldorado,Samsung QE55Q7FAM,QE55Q7FAM,,,,"4,894,000 AMD",In Stock,,no photo at all
eldorado,Samsung QE55S95CAUXRU,QE55S95CAUXRU,,,,"697,900 AMD",In Stock,,no photo at all
eldorado,Samsung QE65QN85DBUXRU,QE65QN85DBUXRU,,,,"718,900 AMD",In Stock,,no photo at all
eldorado,Samsung QE65QN90FAUXRU,QE65QN90FAUXRU,,,,"1,307,900 AMD",In Stock,,no photo at all
eldorado,Samsung QE65S90DAUXRU,QE65S90DAUXRU,,,,"1,199,000 AMD",In Stock,,no photo at all
vlv,Samsung QE65S95HAUXPY,QE65S95HAUXPY,,,https://vlv.am/en/Product/46672,"1,317,000 AMD",In Stock,https://vlv.am/public/uploads/images/30-07-2026/6a6b3285074fa.webp,no photo at all
eldorado,Samsung QE75Q60DAUXRU,QE75Q60DAUXRU,,,,"689,900 AMD",In Stock,,no photo at all
eldorado,Samsung QE75Q70DAUXRU,QE75Q70DAUXRU,,,,"849,900 AMD",In Stock,,no photo at all
eldorado,Samsung QE75QN70FAUXRU,QE75QN70FAUXRU,,,,"690,000 AMD",In Stock,,no photo at all
eldorado,Samsung QE75QN90CAUXRU,QE75QN90CAUXRU,,,,"1,184,900 AMD",In Stock,,no photo at all
eldorado,Samsung QE77S95FAUXRU,QE77S95FAUXRU,,,,"1,710,000 AMD",In Stock,,no photo at all
vlv,Samsung QE83S90DAEXRU,QE83S90DAEXRU,,,https://vlv.am/en/Product/33282,"3,119,000 AMD",In Stock,https://vlv.am/public/uploads/images/21-06-2024/66751a23008c3.webp,no photo at all
eldorado,Samsung QE85Q60DAUXRU,QE85Q60DAUXRU,,,,"1,319,000 AMD",In Stock,,no photo at all
vlv,Samsung QE85QN800AUXRU,QE85QN800AUXRU,,,https://vlv.am/en/Product/25736,"2,525,000 AMD",In Stock,https://vlv.am/public/uploads/images/20-04-2024/662381ffe6bbe.webp,no photo at all
vlv,Samsung QE85QN90BAUXCE,QE85QN90BAUXCE,,,https://vlv.am/en/Product/27484,"1,899,000 AMD",In Stock,https://vlv.am/public/uploads/images/06-05-2024/64954d3822fd5.webp,no photo at all
vlv,Samsung QE85QN90CAUXRU,QE85QN90CAUXRU,,,https://vlv.am/en/Product/29489,"1,879,000 AMD",In Stock,https://vlv.am/public/uploads/images/20-04-2024/66237f84c77bc.webp,no photo at all
eldorado,Samsung S27D402G,S27D402G,,,,"205,900 AMD",In Stock,,no photo at all
eldorado,Samsung UE55DU8000UXRU,UE55DU8000UXRU,,,,"359,000 AMD",In Stock,,no photo at all
eldorado,Samsung UE55U8000FUXRU,UE55U8000FUXRU,,,,"192,000 AMD",In Stock,,no photo at all
eldorado,Samsung UE65U8000FUXRU,UE65U8000FUXRU,,,,"247,000 AMD",In Stock,,no photo at all
eldorado,Samsung UE75M80HAUXPY,UE75M80HAUXPY,,,,"629,000 AMD",In Stock,,no photo at all
vlv,Samsung UE98DU9000UXRU,UE98DU9000UXRU,,,https://vlv.am/en/Product/33286,"1,552,000 AMD",In Stock,https://vlv.am/public/uploads/images/04-09-2024/66d84ce54ac29.webp,no photo at all
eldorado,Sennheiser Accentum ACAEBT,Accentum ACAEBT,,,,"89,900 AMD",In Stock,,no photo at all
eldorado,Sennheiser Accentum Plus,Accentum Plus,,,,"119,900 AMD",In Stock,,no photo at all
eldorado,Sennheiser Accentum True Special Edition ATW1 SE,Accentum True Special Edition ATW1 SE,,,,"99,900 AMD",In Stock,,no photo at all
eldorado,Sennheiser Accentum True Wireless ATW1,Accentum True Wireless ATW1,,,,"99,900 AMD",In Stock,,no photo at all
eldorado,Sennheiser Accentum Wireless ACAEBT,Accentum Wireless ACAEBT,,,,"89,900 AMD",In Stock,,no photo at all
eldorado,Sennheiser HD 450BT,HD 450BT,,,,"69,900 AMD",In Stock,,no photo at all
eldorado,Sennheiser HD 599,HD 599,,,,"95,900 AMD",In Stock,,no photo at all
eldorado,Sennheiser HD 620S,HD 620S,,,,"159,900 AMD",In Stock,,no photo at all
eldorado,Sennheiser Momentum M4AEBT,Momentum M4AEBT,,,,"169,900 AMD",In Stock,,no photo at all
eldorado,Sennheiser Momentum Sport MSPORT1,Momentum Sport MSPORT1,,,,"159,900 AMD",In Stock,,no photo at all
eldorado,Sennheiser RS 195,RS 195,,,,"159,900 AMD",In Stock,,no photo at all
vlv,Sony KD-50X75WL,KD-50X75WL,,,https://vlv.am/en/Product/31530,"237,900 AMD",In Stock,,no photo at all
vlv,Sony KD-55X85L,KD-55X85L,,,https://vlv.am/en/Product/31142,"399,990 AMD",In Stock,https://vlv.am/public/uploads/images/21-02-2024/65d5acacd11e6.webp,no photo at all
vlv,Sony KD-65X75WL,KD-65X75WL,,,https://vlv.am/en/Product/31143,"379,900 AMD",In Stock,https://vlv.am/public/uploads/images/21-02-2024/65d5ac66689a3.webp,no photo at all
vlv,Sony KD-65X85L,KD-65X85L,,,https://vlv.am/en/Product/31144,"522,900 AMD",In Stock,https://vlv.am/public/uploads/images/21-02-2024/65d5ac2a74b4a.webp,no photo at all
eldorado,Sony Playstation DualSense PS5,Playstation DualSense PS5,,,https://eldorado.am/en/sony-playstation-dualsense-ps5-wireless-controller-cosmic-red,"37,900 AMD",In Stock,https://eldorado.am/media/catalog/product/cache/681e1428580345c5767d232a095c7350/u/n/untitled_-_2025-01-28t213750.439.png,no photo at all
eldorado,Sony Playstation Pulse Elite wireless PS5,Playstation Pulse Elite wireless PS5,,,,"79,900 AMD",In Stock,,no photo at all
ibolit,Sony PlayStation VR2,PlayStation VR2,,,https://ibolit.mobi/product/sony-playstation-vr2/,"229,000 AMD",In Stock,https://ibolit.mobi/wp-content/uploads/2025/03/red1657_1.jpg,no photo at all
ibolit,Sony PlayStation VR2 Horizon,PlayStation VR2 Horizon,,,https://ibolit.mobi/product/sony-playstation-vr2-horizon/,"289,900 AMD",In Stock,https://ibolit.mobi/wp-content/uploads/2025/03/red1658_1.jpg,no photo at all
pixel,Sony PS5 BackBone,PS5 BackBone,,,,"55,000 AMD",In Stock,,no photo at all
pixel,Sony PS5 Driving Force Hori Racing Wheel,PS5 Driving Force Hori Racing Wheel,,,,"78,000 AMD",In Stock,,no photo at all
pixel,Sony PS5 HD Camera,PS5 HD Camera,,,,"28,000 AMD",In Stock,,no photo at all
pixel,Sony PS5 PULSE Explore Wireless,PS5 PULSE Explore Wireless,,,,"99,000 AMD",In Stock,,no photo at all
pixel,Sony PS5 VR 2,PS5 VR 2,,,,"229,000 AMD",In Stock,,no photo at all
ibolit,Sony WF-1000XM5 Wireless Headphones,WF-1000XM5 Wireless Headphones,,,https://ibolit.mobi/product/sony-wf-1000xm5-wireless-headphones-silver/,"139,900 AMD",In Stock,https://ibolit.mobi/wp-content/uploads/2025/03/red2152_1.jpg,no photo at all
zigzag,Sony WF-1000XM5/BCE,WF-1000XM5/BCE,,,,"147,900 AMD",In Stock,,no photo at all
zigzag,Sony WF-1000XM5/SCE,WF-1000XM5/SCE,,,,"147,900 AMD",In Stock,,no photo at all
eldorado,Sony WF-C500 True Wireless,WF-C500 True Wireless,,,,"37,900 AMD",In Stock,,no photo at all
zigzag,Sony WF-C510/B,WF-C510/B,,,,"31,900 AMD",In Stock,,no photo at all
zigzag,Sony WF-C510/L,WF-C510/L,,,,"31,900 AMD",In Stock,,no photo at all
zigzag,Sony WF-C510/W,WF-C510/W,,,,"31,900 AMD",In Stock,,no photo at all
zigzag,Sony WF-C700N/GZ E,WF-C700N/GZ E,,,,"54,900 AMD",In Stock,,no photo at all
zigzag,Sony WF-C700N/WZ E,WF-C700N/WZ E,,,,"52,900 AMD",In Stock,,no photo at all
zigzag,Sony WH-G900N/WZ E,WH-G900N/WZ E,,,,"151,900 AMD",In Stock,,no photo at all
eldorado,Sony WHULT900N,WHULT900N,,,,"89,900 AMD",In Stock,,no photo at all
eldorado,TCL 115C7K,115C7K,,,,"6,398,900 AMD",In Stock,,no photo at all
eldorado,TCL 43P7K,43P7K,,,,"179,900 AMD",In Stock,,no photo at all
eldorado,TCL 43V6C,43V6C,,,,"149,900 AMD",In Stock,,no photo at all
eldorado,TCL 50C6K,50C6K,,,,"309,900 AMD",In Stock,,no photo at all
eldorado,TCL 50P7L,50P7L,,,,"275,900 AMD",In Stock,,no photo at all
eldorado,TCL 50V6C,50V6C,,,,"209,900 AMD",In Stock,,no photo at all
eldorado,TCL 55C7K,55C7K,,,,"439,900 AMD",In Stock,,no photo at all
eldorado,TCL 55P7K,55P7K,,,,"279,900 AMD",In Stock,,no photo at all
eldorado,TCL 55P8L,55P8L,,,,"299,800 AMD",In Stock,,no photo at all
eldorado,TCL 65C7L,65C7L,,,,"639,900 AMD",In Stock,,no photo at all
eldorado,TCL 65P8K,65P8K,,,,"279,900 AMD",In Stock,,no photo at all
eldorado,TCL 65P8L,65P8L,,,,"381,700 AMD",In Stock,,no photo at all
eldorado,TCL 65T6D,65T6D,,,,"409,900 AMD",In Stock,,no photo at all
eldorado,TCL 75C6K,75C6K,,,,"729,900 AMD",In Stock,,no photo at all
eldorado,TCL 75C7K,75C7K,,,,"779,900 AMD",In Stock,,no photo at all
eldorado,TCL 75T6D,75T6D,,,,"519,900 AMD",In Stock,,no photo at all
eldorado,TCL 75V6D,75V6D,,,,"459,900 AMD",In Stock,,no photo at all
eldorado,TCL 85P7L,85P7L,,,,"699,900 AMD",In Stock,,no photo at all
eldorado,TCL 85P8L,85P8L,,,,"695,900 AMD",In Stock,,no photo at all
eldorado,TCL 98C6K,98C6K,,,,"1,499,000 AMD",In Stock,,no photo at all
eldorado,TCL 98P8K,98P8K,,,,"1,199,000 AMD",In Stock,,no photo at all
vlv,Toshiba 32V35ME,32V35ME,,,https://vlv.am/en/Product/31953,"99,900 AMD",In Stock,https://vlv.am/public/uploads/images/08-06-2024/666300156722b.webp,no photo at all
vlv,Toshiba 43C350KE,43C350KE,,,https://vlv.am/en/Product/18262,"164,900 AMD",In Stock,https://vlv.am/public/uploads/images/28-08-2024/66cf01056ba65.webp,no photo at all
vlv,Toshiba 43C350LE,43C350LE,,,https://vlv.am/en/Product/25559,"175,900 AMD",In Stock,https://vlv.am/public/uploads/images/13-02-2024/65cb2fef44f70.webp,no photo at all
vlv,Toshiba 43C450KE,43C450KE,,,https://vlv.am/en/Product/20665,"169,900 AMD",In Stock,https://vlv.am/public/uploads/images/20-01-2024/63f51ad8b0922.webp,no photo at all
vlv,Toshiba 43C450ME,43C450ME,,,https://vlv.am/en/Product/31951,"185,900 AMD",In Stock,https://vlv.am/public/uploads/images/29-08-2024/66d0448bd18a7.webp,no photo at all
vlv,Toshiba 50M550LE,50M550LE,,,https://vlv.am/en/Product/21266,"209,900 AMD",In Stock,https://vlv.am/public/uploads/images/19-09-2024/66ec102dc47d4.webp,no photo at all
vlv,Toshiba 55C450ME,55C450ME,,,https://vlv.am/en/Product/31733,"259,900 AMD",In Stock,https://vlv.am/public/uploads/images/08-06-2024/6663021ccab98.webp,no photo at all
vlv,Toshiba 55Z670ME,55Z670ME,,,https://vlv.am/en/Product/30984,"339,900 AMD",In Stock,https://vlv.am/public/uploads/images/15-05-2024/6642ff45a2474.webp,no photo at all
vlv,Toshiba 65C450ME,65C450ME,,,https://vlv.am/en/Product/31734,"349,900 AMD",In Stock,https://vlv.am/public/uploads/images/10-06-2024/66670ca623ae7.webp,no photo at all
vlv,Toshiba 85M550LE,85M550LE,,,https://vlv.am/en/Product/20489,"699,900 AMD",In Stock,https://vlv.am/public/uploads/images/19-02-2024/63f5194476420.webp,no photo at all
vlv,Toshiba 85Z670ME,85Z670ME,,,https://vlv.am/en/Product/32902,"829,900 AMD",In Stock,https://vlv.am/public/uploads/images/07-08-2024/6698b759a487e.webp,no photo at all
eldorado,Xiaomi A 43 2026,A 43 2026,,,https://eldorado.am/en/honor-magicbook-x16-2026-brg-x-5301argn-16-wuxga-16gb-ssd1tb-space-gray,"157,900 AMD",In Stock,https://eldorado.am/media/catalog/product/cache/681e1428580345c5767d232a095c7350/6/0/60314.png.png,no photo at all
eldorado,Xiaomi A 50 2026,A 50 2026,,,https://eldorado.am/en/honor-magicbook-x16-2026-brg-x-5301argn-16-wuxga-16gb-ssd1tb-space-gray,"187,900 AMD",In Stock,https://eldorado.am/media/catalog/product/cache/681e1428580345c5767d232a095c7350/6/0/60314.png.png,no photo at all
eldorado,Xiaomi A 65 2025,A 65 2025,,,https://eldorado.am/en/honor-magicbook-x16-plus-2025-5301ambc,"339,900 AMD",In Stock,https://eldorado.am/media/catalog/product/cache/681e1428580345c5767d232a095c7350/n/o/notebook-noutbook-noutbuk-5301-ambc-_honor-_magicbook-_x16-_plus_-2025-_16_-notebook-eldorado-yerevan.jpg,no photo at all
eldorado,Xiaomi A 65 2026,A 65 2026,,,https://eldorado.am/en/honor-magicbook-x16-2026-brg-x-5301argn-16-wuxga-16gb-ssd1tb-space-gray,"339,900 AMD",In Stock,https://eldorado.am/media/catalog/product/cache/681e1428580345c5767d232a095c7350/6/0/60314.png.png,no photo at all
eldorado,Xiaomi A Pro 43 2026,A Pro 43 2026,,,https://eldorado.am/en/honor-magicbook-x16-2026-brg-x-5301argn-16-wuxga-16gb-ssd1tb-space-gray,"199,900 AMD",In Stock,https://eldorado.am/media/catalog/product/cache/681e1428580345c5767d232a095c7350/6/0/60314.png.png,no photo at all
ibolit,Xiaomi Mi Electric Kettle Pro 2,Mi Electric Kettle Pro 2,,,,"3,200 AMD",In Stock,,no photo at all
ibolit,Xiaomi Mi Smart Band 8 Active,Mi Smart Band 8 Active,,,https://ibolit.mobi/product/xiaomi-mi-smart-band-8-active-pink/,"11,400 AMD",In Stock,https://ibolit.mobi/wp-content/uploads/2025/03/red1251_1.jpg,no photo at all
ibolit,Xiaomi Mi Smart Band 9,Mi Smart Band 9,,,https://ibolit.mobi/product/xiaomi-mi-smart-band-9/,"19,000 AMD",In Stock,https://ibolit.mobi/wp-content/uploads/2025/03/note_1838.jpg,no photo at all
ibolit,Xiaomi Mi Smart Kettle Pro MJHWSH02YM,Mi Smart Kettle Pro MJHWSH02YM,,,https://ibolit.mobi/product/xiaomi-mi-smart-kettle-pro-mjhwsh02ym/,"32,000 AMD",In Stock,https://ibolit.mobi/wp-content/uploads/2025/03/note_1166.jpg,no photo at all
ibolit,Xiaomi Poco F6 Pro,Poco F6 Pro,512 GB / 1 TB,,https://ibolit.mobi/product/xiaomi-poco-f6-pro-12gb-512gb-black/,"236,000 AMD",In Stock,https://ibolit.mobi/wp-content/uploads/2025/04/nibl-177.jpg,no photo at all
ibolit,Xiaomi Poco X5 5G,Poco X5 5G,256 GB,,https://ibolit.mobi/product/xiaomi-poco-x5-5g-8gb-256gb-blue/,"97,000 AMD",In Stock,https://ibolit.mobi/wp-content/uploads/2025/04/nibl-125.jpg,no photo at all
ibolit,Xiaomi Redmi 10A,Redmi 10A,32 GB,,https://ibolit.mobi/product/xiaomi-redmi-10a-2gb-32gb-black/,"40,000 AMD",In Stock,https://ibolit.mobi/wp-content/uploads/2025/04/nibl-62.jpg,no photo at all
pixel,Xiaomi Redmi 15 4G,Redmi 15 4G,,,https://www.pixel.am/am/product/xiaomi-redmi-15-4g,"58,000 AMD",In Stock,https://cdn.storech.com/uploads/products/000/000/000/000/022/211/800_1786391306-1766340082-blk-125.png,no photo at all
ibolit,Xiaomi Redmi Buds 4 BHR 5846 GL,Redmi Buds 4 BHR 5846 GL,,,https://ibolit.mobi/product/xiaomi-redmi-buds-4-bhr-5846-gl/,"15,000 AMD",In Stock,https://ibolit.mobi/wp-content/uploads/2025/03/note_644.jpg,no photo at all
ibolit,Xiaomi Redmi Buds 4 Lite,Redmi Buds 4 Lite,,,https://ibolit.mobi/product/xiaomi-redmi-buds-4-lite/,"11,000 AMD",In Stock,https://ibolit.mobi/wp-content/uploads/2025/03/note_943.jpg,no photo at all
ibolit,Xiaomi Redmi Buds 5,Redmi Buds 5,,,https://ibolit.mobi/product/xiaomi-redmi-buds-5-black/,"19,900 AMD",In Stock,https://ibolit.mobi/wp-content/uploads/2025/03/red2232_1.jpg,no photo at all
eldorado,Xiaomi Redmi Buds 8 Active,Redmi Buds 8 Active,,,,"10,900 AMD",In Stock,,no photo at all
pixel,Xiaomi Redmi Pad SE 8.7 4G,Redmi Pad SE 8.7 4G,,,https://www.pixel.am/am/product/xiaomi-redmi-pad-se-8-7,"69,900 AMD",In Stock,https://cdn.storech.com/uploads/products/000/000/000/000/022/145/800_1776191460-1770065587-458.png,no photo at all
ibolit,Xiaomi Smart Band 8 Active,Smart Band 8 Active,,,https://ibolit.mobi/product/xiaomi-smart-band-8-active/,"17,000 AMD",In Stock,https://ibolit.mobi/wp-content/uploads/2025/03/note_1209.jpg,no photo at all
eldorado,Xiaomi Smart Band 8 Champagne BHR7166GL,Smart Band 8 Champagne BHR7166GL,,,https://eldorado.am/en/xiaomi-smart-band-8-champagne-gold-m2239b1-bhr7166gl,"16,500 AMD",In Stock,https://eldorado.am/media/catalog/product/cache/681e1428580345c5767d232a095c7350/x/i/xiaomi_smart_band_8_champagne_gold.jpg,no photo at all
ibolit,Xiaomi Smart IR Control,Smart IR Control,,,https://ibolit.mobi/product/xiaomi-smart-speaker-ir-control/,"22,600 AMD",In Stock,https://ibolit.mobi/wp-content/uploads/2025/03/note_1689.jpg,no photo at all
ibolit,Xiaomi Smart Mi Band 8 Pro,Smart Mi Band 8 Pro,,,https://ibolit.mobi/product/xiaomi-smart-mi-band-8-pro-black/,"34,400 AMD",In Stock,https://ibolit.mobi/wp-content/uploads/2025/03/red1248_1.jpg,no photo at all
ucom,Xiaomi Watch S1 Active,Watch S1 Active,,,https://shop.ucom.am/en/xiaomi-watch-s1-active.html,"79,900 AMD",In Stock,https://shop.ucom.am/media/catalog/product/cache/6517c62f5899ad6aa0ba23ceb3eeff97/1/x/1xiaomi_watch_s1_active_space_black_front.png?___store=en,no photo at all
,Xiaomi Redmi Buds 6,Redmi Buds 6,,,,"19,900 AMD",,,no photo at all
vlv,TCL 55V6C,55V6C,,,https://vlv.am/en/Product/42077,"249,900 AMD",In Stock,https://vlv.am/public/uploads/images/24-10-2025/68fb4b5f03999.webp,"photo only 579px, need 600+"
ucom,Xiaomi Poco F4,Poco F4,,,https://shop.ucom.am/en/xiaomi-poco-f4.html,"164,900 AMD",In Stock,https://shop.ucom.am/media/catalog/product/cache/6517c62f5899ad6aa0ba23ceb3eeff97/1/x/1xiaomi_poco_f4_8gb256gb_moonlight_silver.png?___store=en,"photo only 596px, need 600+"
mobilecentre,Xiaomi Redmi 12C,Redmi 12C,,,https://mobilecentre.am/product/xiaomi-redmi-12c/29014/,"56,900 AMD",In Stock,https://mobilecentre.am/img/prodpic/452e044ffd6dce0349b8744b9bf356015b6b30bcНовый_проект__16_.png,"photo only 595px, need 600+"
ucom,Xiaomi Redmi Buds 3 Lite,Redmi Buds 3 Lite,,,https://shop.ucom.am/en/xiaomi-redmi-buds-3-lite.html,"11,900 AMD",In Stock,https://shop.ucom.am/media/catalog/product/cache/6517c62f5899ad6aa0ba23ceb3eeff97/1/-/1-xiaomi-redmi-buds-3-lite-_m2110e1_-black-fococlipping-standard.png?___store=en,"photo only 594px, need 600+"
mobilecentre,Xiaomi Redmi Note 12,Redmi Note 12,256 GB,,https://mobilecentre.am/product/xiaomi-redmi-note-12-_4gb_128gb_/29509/,"70,700 AMD",In Stock,https://mobilecentre.am/img/prodpic/c880a7c4d37752c390fdНовый_проект__38_.png,"photo only 556px, need 600+"
eldorado,Yandex Station 2,Station 2,,,https://eldorado.am/en/jandeks-yndx-00051-black,"119,900 AMD",In Stock,https://eldorado.am/media/catalog/product/cache/681e1428580345c5767d232a095c7350/_/y/_yndx-00051_black_3.jpg,"photo only 526px, need 600+"
yerevanmobile,Amazon Kindle Paperwhite Kids (11th gen),Kindle Paperwhite Kids (11th gen),16 GB,,https://www.yerevanmobile.am/en/electronics.html,"75,000 AMD",In Stock,,"photo only 545px, need 600+"
ucom,Apple Watch Series 12 GPS,Watch Series 12 GPS,42mm / 46mm,,https://shop.ucom.am/am/apple-watch-series-12.html,"194,900 AMD",In Stock,https://shop.ucom.am/media/catalog/product/cache/9bb9d677791f8666003e194c8a94aeff/a/p/apple_watch_series_12_42mm_gps_plus_cellular_black_aluminum_sport_band_black_pdp_image_position_1__ce-ww-removebg-preview.webp,"photo only 491px, need 600+"
ucom,Apple Watch Ultra 4 GPS + Cellular + Band,Watch Ultra 4 GPS + Cellular + Band,,,https://shop.ucom.am/am/apple-watch-ultra-4-gps-cellular-ocean-band.html,"384,900 AMD",In Stock,https://shop.ucom.am/media/catalog/product/cache/9bb9d677791f8666003e194c8a94aeff/a/p/apple_watch_ultra_4_49mm_gps_plus_cellular_natural_titanium_ocean_band_translucent_gray_pdp_image_position_1__ce-ww-removebg-preview.webp,"photo only 520px, need 600+"
ucom,Apple Watch Ultra 4 GPS + Cellular + Milanese Loop,Watch Ultra 4 GPS + Cellular + Milanese Loop,,,https://shop.ucom.am/am/apple-watch-ultra-4-gps-cellular-milanese-loop.html,"434,900 AMD",In Stock,https://shop.ucom.am/media/catalog/product/cache/9bb9d677791f8666003e194c8a94aeff/a/p/apple_watch_ultra_4_49mm_gps_plus_cellular_black_titanium_milanese_loop_black_pdp_image_position_1__ce-ww-removebg-preview.webp,"photo only 527px, need 600+"
ucom,Apple Watch Ultra 4 GPS + Cellular + Trail Loop,Watch Ultra 4 GPS + Cellular + Trail Loop,,,https://shop.ucom.am/am/apple-watch-ultra-4-gps-cellular.html,"384,900 AMD",In Stock,https://shop.ucom.am/media/catalog/product/cache/9bb9d677791f8666003e194c8a94aeff/a/p/apple_watch_ultra_4_49mm_gps_plus_cellular_natural_titanium_trail_loop_sand_pdp_image_position_1__ce-ww-removebg-preview.webp,"photo only 527px, need 600+"
ibolit,ASUS TUF Gaming H1,TUF Gaming H1,,,https://ibolit.mobi/product/asus-tuf-gaming-h1/,"36,000 AMD",In Stock,https://ibolit.mobi/wp-content/uploads/2025/03/note_1451.jpg,"photo only 435px, need 600+"
telecom,ASUS V241EAK-BA06,V241EAK-BA06,,,https://www.telecomarmenia.am/eshop/hy/devices/asus-v241eak-ba06/2088/,"259,900 AMD",In Stock,https://www.telecomarmenia.am/eshop/images/product/8/17331405098739.jpeg,"photo only 295px, need 600+"
telecom,ASUS Vivobook X1404VA-V14.I38128,Vivobook X1404VA-V14.I38128,,,https://www.telecomarmenia.am/eshop/hy/devices/notebook-asus-vivobook-x1404va-quiet-blue/2707/,"199,900 AMD",In Stock,https://www.telecomarmenia.am/eshop/images/product/13/1783325001419.png,"photo only 526px, need 600+"
mobilecentre,Bose SoundTouch 10,SoundTouch 10,,,https://www.mobilecentre.am/product/bose-soundtouch-10-bluetooth-speaker-_black_/25215/,"159,900 AMD",In Stock,https://www.mobilecentre.am/img/prodpic/fcada967eb1cf66a1e03New_Project_-_2025-05-15T150820.174.png,"photo only 485px, need 600+"
pixel,DJI Mavic 3 Pro,Mavic 3 Pro,,,https://www.pixel.am/am/product/dji-mavic-3-pro,"1,049,000 AMD",In Stock,https://cdn.storech.com/uploads/store-media-files/000/000/000/000/002/152/1735415102-dji-mavic-3-pro.png,"photo only 517px, need 600+"
ucom,Honor Choice Earbuds X3,Choice Earbuds X3,,,https://shop.ucom.am/en/honor-choice-earbuds-x3-mln-00.html,"22,900 AMD",In Stock,https://shop.ucom.am/media/catalog/product/cache/6517c62f5899ad6aa0ba23ceb3eeff97/1/h/1honor_choice_earbuds_x3_glacier_white_mln-00_.png?___store=en,"photo only 570px, need 600+"
ucom,Honor Choice Earbuds X7e AST-ME00,Choice Earbuds X7e AST-ME00,,,https://shop.ucom.am/en/honor-choice-earbuds-x7e-white-ast-me00.html,"8,900 AMD",In Stock,https://shop.ucom.am/media/catalog/product/cache/6517c62f5899ad6aa0ba23ceb3eeff97/1/h/1honor_choice_earbuds_x7e_white_ast-me00.png?___store=en,"photo only 540px, need 600+"
telecom,Honor X7c,X7c,256 GB,,https://www.telecomarmenia.am/eshop/hy/smartphones/honor-x7c-8-256gb-forest-green/2148/,"77,900 AMD",In Stock,https://www.telecomarmenia.am/eshop/images/product/9/17373637082301.jpeg,"photo only 534px, need 600+"
mobilecentre,Realme 16 5G Air,16 5G Air,256 GB,,https://mobilecentre.am/product/realme-16/34228/,"159,900 AMD",In Stock,https://mobilecentre.am/img/prodpic/ab899b317c5555e29310New_Project_-_2026-07-15T170317.344.png,"photo only 590px, need 600+"
mobilecentre,Realme C75,C75,128 GB / 256 GB,,https://mobilecentre.am/product/realme-c75/31557/,"75,000 AMD",In Stock,https://mobilecentre.am/img/prodpic/8e4e8c2fc16d35675cf5New_Project__23_.png,"photo only 580px, need 600+"
mobilecentre,Realme GT 7T,GT 7T,256 GB / 512 GB,,https://mobilecentre.am/product/realme-gt-7t/32333/,"212,900 AMD",In Stock,https://mobilecentre.am/img/prodpic/0a7778d1b6bc34292156New_Project_-_2025-07-18T110637.313.png,"photo only 570px, need 600+"
telecom,Samsung A15,A15,256 GB,,https://www.telecomarmenia.am/eshop/hy/smartphones/samsung-a-15-8-256-light-blue/1740/,"69,900 AMD",In Stock,https://www.telecomarmenia.am/eshop/images/product/7/17132483891495.jpeg,"photo only 519px, need 600+"
telecom,Samsung Galaxy A35,Galaxy A35,128 GB / 256 GB,,https://www.telecomarmenia.am/eshop/hy/smartphones/samsung-galaxy-a35-128gb-black/2142/,"116,900 AMD",In Stock,https://www.telecomarmenia.am/eshop/images/product/9/17364946154363.png,"photo only 466px, need 600+"
ucom,Samsung Galaxy Buds Live,Galaxy Buds Live,,,https://shop.ucom.am/en/samsung-galaxy-buds-live.html,"39,900 AMD",In Stock,https://shop.ucom.am/media/catalog/product/cache/6517c62f5899ad6aa0ba23ceb3eeff97/g/a/galaxy-buds-live-black-case-buds-1-fococlipping-standard.png?___store=en,"photo only 580px, need 600+"
ucom,Samsung Galaxy Watch 3,Galaxy Watch 3,41mm,,https://shop.ucom.am/en/samsung-galaxy-watch-3-41mm.html,"59,900 AMD",In Stock,https://shop.ucom.am/media/catalog/product/cache/6517c62f5899ad6aa0ba23ceb3eeff97/1/s/1smart-watch-template.png?___store=en,"photo only 548px, need 600+"
telecom,Sony Xperia 10V,Xperia 10V,128 GB,,https://www.telecomarmenia.am/eshop/hy/smartphones/sony-xperia-10-v-8-128-white/1611/,"166,900 AMD",In Stock,https://www.telecomarmenia.am/eshop/images/product/7/17048096462273.jpeg,"photo only 551px, need 600+"
vlv,Toshiba 32V35RE,32V35RE,,,https://vlv.am/en/Product/47387,"109,000 AMD",In Stock,https://vlv.am/public/uploads/images/25-06-2026/6a3d41b6f2531.webp,"photo only 534px, need 600+"
vlv,Toshiba 43V35RE,43V35RE,,,https://vlv.am/en/Product/40407,"119,900 AMD",In Stock,https://vlv.am/public/uploads/images/04-09-2026/6a9a9288eb6bc.webp,"photo only 561px, need 600+"
vlv,Toshiba 50C350RE,50C350RE,,,https://vlv.am/en/Product/41888,"188,000 AMD",In Stock,https://vlv.am/public/uploads/images/04-09-2026/6a9a9a4075436.webp,"photo only 562px, need 600+"
vlv,Toshiba 55C350RE,55C350RE,,,https://vlv.am/en/Product/41887,"249,900 AMD",In Stock,https://vlv.am/public/uploads/images/04-09-2026/6a9a9b06c7a12.webp,"photo only 564px, need 600+"
vlv,Toshiba 55Z670RE,55Z670RE,,,https://vlv.am/en/Product/41496,"339,900 AMD",In Stock,https://vlv.am/public/uploads/images/04-09-2026/6a9a9cef70a10.webp,"photo only 564px, need 600+"
vlv,Toshiba 65C350RE,65C350RE,,,https://vlv.am/en/Product/41885,"317,400 AMD",In Stock,https://vlv.am/public/uploads/images/04-09-2026/6a9a9e7e6bda7.webp,"photo only 564px, need 600+"
vlv,Toshiba 65Z670RE,65Z670RE,,,https://vlv.am/en/Product/41502,"409,100 AMD",In Stock,https://vlv.am/public/uploads/images/02-04-2026/69ce13cda6782.webp,"photo only 565px, need 600+"
vlv,Toshiba 65Z680SE,65Z680SE,,,https://vlv.am/en/Product/47557,"575,000 AMD",In Stock,https://vlv.am/public/uploads/images/18-07-2026/6a5b34be3eed5.webp,"photo only 541px, need 600+"
telecom,Xiaomi Poco M6 Pro,Poco M6 Pro,256 GB / 512 GB,,https://www.telecomarmenia.am/eshop/hy/smartphones/xiaomi-poco-m6-pro-8-256-purple/1621/,"89,900 AMD",In Stock,https://www.telecomarmenia.am/eshop/images/product/7/17072156479364.jpeg,"photo only 494px, need 600+"
mobilecentre,Xiaomi Redmi 14C,Redmi 14C,128 GB / 256 GB,,https://mobilecentre.am/product/xiaomi-redmi-14c/31234/,"57,000 AMD",In Stock,https://mobilecentre.am/img/prodpic/43520f0d8055c5708c50New_Project__45_.png,"photo only 525px, need 600+"
ucom,Xiaomi Redmi Watch 2 Lite,Redmi Watch 2 Lite,,,https://shop.ucom.am/en/xiaomi-redmi-watch-2-lite-black-m2109w1.html,"33,900 AMD",In Stock,https://shop.ucom.am/media/catalog/product/cache/6517c62f5899ad6aa0ba23ceb3eeff97/i/m/image_-_2026-01-15t103415.773_1.png?___store=en,"photo only 580px, need 600+"
ucom,Xiaomi Smart Band 7,Smart Band 7,,,https://shop.ucom.am/en/xiaomi-smart-band-7.html,"22,900 AMD",In Stock,https://shop.ucom.am/media/catalog/product/cache/6517c62f5899ad6aa0ba23ceb3eeff97/1/1/11-1663158477_1__1.png?___store=en,"photo only 495px, need 600+"
ucom,Xiaomi Smart Watch 70mai Saphir,Smart Watch 70mai Saphir,,,https://shop.ucom.am/en/smart-watch-xiaomi-70-mai-saphir.html,"99,900 AMD",In Stock,https://shop.ucom.am/media/catalog/product/cache/6517c62f5899ad6aa0ba23ceb3eeff97/7/0/70mai-saphir-smartwatch_1_1.png?___store=en,"photo only 561px, need 600+"
ucom,Xiaomi Watch S1,Watch S1,,,https://shop.ucom.am/en/xiaomi-watch-s1.html,"109,900 AMD",In Stock,https://shop.ucom.am/media/catalog/product/cache/6517c62f5899ad6aa0ba23ceb3eeff97/1/x/1xiaomi_watch_s1_black.png?___store=en,"photo only 580px, need 600+"
ucom,Yandex Smart Lamp E14,Smart Lamp E14,,,https://shop.ucom.am/en/yandex-smart-lamp-00017-e14.html,"5,900 AMD",In Stock,https://shop.ucom.am/media/catalog/product/cache/6517c62f5899ad6aa0ba23ceb3eeff97/1/y/1yandex_smart_lamp_00017_e14.png?___store=en,"photo only 515px, need 600+"
planet3d,Samsung Galaxy A57 5G Awesome Grey,Galaxy A57 5G,128 GB / 256 GB,Awesome Grey,https://3dplanet.am/en/store/product/samsung-galaxy-a57,"149,000 AMD",In Stock,https://3dplanet.am/images/logo.png,no photo of this colour
pixel,Apple AirPods Pro 3 White,AirPods Pro 3,,White,https://www.pixel.am/am/product/airpods-pro-3-2025,"119,900 AMD",In Stock,https://cdn.storech.com/uploads/products/000/000/000/000/021/723/800_1766084288-web-akanjakali-chapser1.png,no photo of this colour
pixel,Samsung Galaxy A37 5G Awesome Green,Galaxy A37 5G,128 GB / 256 GB,Awesome Green,https://www.pixel.am/am/product/samsung-galaxy-a37,"124,000 AMD",In Stock,https://cdn.storech.com/uploads/products/000/000/000/000/022/181/800_1779640200-a37-blk-2-sides.png,no photo of this colour
pixel,Samsung Galaxy A37 5G Awesome Grey,Galaxy A37 5G,128 GB / 256 GB,Awesome Grey,https://www.pixel.am/am/product/samsung-galaxy-a37,"124,000 AMD",In Stock,https://cdn.storech.com/uploads/products/000/000/000/000/022/181/800_1779640200-a37-blk-2-sides.png,no photo of this colour
redstore,Apple AirPods 4 White,AirPods 4,,White,https://redstore.am/en/product/apple-airpods-4,"59,900 AMD",In Stock,https://admin.redstore.am/storage/uploads/2025/11/12/gdsdxs-montaznaia-oblast-1.jpg,no photo of this colour
ibolit,Samsung Galaxy A56 5G Awesome Light Gray,Galaxy A56 5G,128 GB / 256 GB,Awesome Light Gray,https://ibolit.mobi/product/samsung-galaxy-a56-5g-8-128gb-lightgray/,"209,000 AMD",In Stock,https://ibolit.mobi/wp-content/uploads/2025/09/13.gif,no photo of this colour
redstore,Samsung Galaxy Buds 3 Silver,Galaxy Buds 3,,Silver,https://redstore.am/en/product/samsung-galaxy-buds-3-white,"44,000 AMD",In Stock,https://admin.redstore.am/storage/uploads/2025/10/05/img-6149.jpg,no photo of this colour
ibolit,Samsung Galaxy Z Fold 8 Pistachio,Galaxy Z Fold 8,256 GB / 512 GB,Pistachio,https://ibolit.mobi/product/samsung-galaxy-z-fold-8/,"688,000 AMD",In Stock,https://ibolit.mobi/wp-content/uploads/2026/07/8.jpg,no photo of this colour
ibolit,Samsung Galaxy Z Flip 8 Mint,Galaxy Z Flip 8,256 GB / 512 GB,Mint,https://ibolit.mobi/product/samsung-galaxy-z-flip8/,"479,000 AMD",In Stock,https://ibolit.mobi/wp-content/uploads/2026/07/61i5pa32s4l._ac_sl1500_.jpg,no photo of this colour
ibolit,Samsung Galaxy Z Fold 8 Ultra Green Shadow,Galaxy Z Fold 8 Ultra,256 GB / 512 GB,Green Shadow,https://ibolit.mobi/product/samsung-galaxy-z-fold8-ultra/,"788,000 AMD",In Stock,https://ibolit.mobi/wp-content/uploads/2026/07/51bygijptpl._ac_sl1500_.jpg,no photo of this colour
allsell,Apple AirPods Pro 2 White,AirPods Pro 2,,White,https://allsell.am/en/airpods-pro-2-type-c,"147,900 AMD",In Stock,https://allsell.am/media/catalog/product/cache/6517c62f5899ad6aa0ba23ceb3eeff97/y/e/yeeeeeeeeeeeyy_26_.jpg,no photo of this colour
redstore,Xiaomi 17T Pro Gray,17T Pro,256 GB / 512 GB,Gray,https://redstore.am/en/product/xiaomi-17t-pro-12gb256gb-black,"399,000 AMD",In Stock,https://admin.redstore.am/storage/products/60529/image/dw-montaznaia-oblast-1.webp,no photo of this colour
allsell,Apple AirPods 4 with Active Noise Cancellation White,AirPods 4 with Active Noise Cancellation,,White,https://allsell.am/en/airpods-4-anc,"85,900 AMD",In Stock,https://allsell.am/media/catalog/product/cache/6517c62f5899ad6aa0ba23ceb3eeff97/y/e/yeeeeeeeeeeeyy_25_.jpg,no photo of this colour
redstore,Samsung Galaxy S26 FE Navy,Galaxy S26 FE,128 GB / 256 GB,Navy,https://redstore.am/en/product/samsung-galaxy-s26-fe-8gb128gb-graphite,"289,000 AMD",In Stock,https://admin.redstore.am/storage/products/61695/image/3-montaznaia-oblast-1.webp,no photo of this colour
redstore,Samsung Galaxy S26 FE White,Galaxy S26 FE,128 GB / 256 GB,White,https://redstore.am/en/product/samsung-galaxy-s26-fe-8gb128gb-graphite,"289,000 AMD",In Stock,https://admin.redstore.am/storage/products/61695/image/3-montaznaia-oblast-1.webp,no photo of this colour
allsell,Sony PlayStation 5 Slim White,PlayStation 5 Slim,1 TB,White,https://allsell.am/en/playstation5-slim-digital,"309,000 AMD",In Stock,https://allsell.am/media/catalog/product/cache/6517c62f5899ad6aa0ba23ceb3eeff97/p/s/ps5-digital-hero2_1.png,no photo of this colour
mobilecentre,Apple iPhone 16 Plus Ultramarine,iPhone 16 Plus,128 GB / 256 GB / 512 GB,Ultramarine,https://mobilecentre.am/product/apple-iphone-16-plus/30903/,"429,000 AMD",In Stock,https://mobilecentre.am/img/prodpic/7a88954cb3fb1012716eNew_Project.png,no photo of this colour
redstore,Dyson Airwrap HS09 Nickel/Copper,Airwrap HS09,,Nickel/Copper,https://redstore.am/en/product/dyson-airwrap-hs09-ceramic-pink,"299,000 AMD",In Stock,https://admin.redstore.am/storage/uploads/2025/10/29/bezymiannyi-3vbhy-montaznaia-oblast-1.jpg,no photo of this colour
planet3d,JBL Go 4 Black,Go 4,,Black,https://3dplanet.am/en/store/product/jbl-go-4,"21,900 AMD",In Stock,https://3dplanet.am/images/logo.png,no photo of this colour
planet3d,JBL Go 4 Blue,Go 4,,Blue,https://3dplanet.am/en/store/product/jbl-go-4,"21,900 AMD",In Stock,https://3dplanet.am/images/logo.png,no photo of this colour
planet3d,JBL Go 4 Red,Go 4,,Red,https://3dplanet.am/en/store/product/jbl-go-4,"21,900 AMD",In Stock,https://3dplanet.am/images/logo.png,no photo of this colour
ibolit,JBL Tune Buds Ghost,Tune Buds,,Ghost,https://ibolit.mobi/product/jbl-tune-520c-wired-headphonesblack/,"37,900 AMD",In Stock,https://ibolit.mobi/wp-content/uploads/2025/10/708ed30519f4ad52ce677b9226b0836d.jpg,no photo of this colour
ibolit,JBL Tune Buds Purple,Tune Buds,,Purple,https://ibolit.mobi/product/jbl-tune-520c-wired-headphonesblack/,"37,900 AMD",In Stock,https://ibolit.mobi/wp-content/uploads/2025/10/708ed30519f4ad52ce677b9226b0836d.jpg,no photo of this colour
ibolit,Samsung Galaxy S25+ Icyblue,Galaxy S25+,256 GB / 512 GB,Icyblue,https://ibolit.mobi/product/samsung-galaxy-s25-256gb-mint/,"349,000 AMD",In Stock,https://ibolit.mobi/wp-content/uploads/2025/04/nibl_26.jpg,no photo of this colour
ibolit,Samsung Galaxy S25+ Mint,Galaxy S25+,256 GB / 512 GB,Mint,https://ibolit.mobi/product/samsung-galaxy-s25-256gb-mint/,"349,000 AMD",In Stock,https://ibolit.mobi/wp-content/uploads/2025/04/nibl_26.jpg,no photo of this colour
planet3d,Xiaomi Redmi Note 14 Pro 5G Coral Green,Redmi Note 14 Pro 5G,256 GB / 512 GB,Coral Green,https://3dplanet.am/en/store/product/xiaomi-redmi-note-14-pro,"145,000 AMD",In Stock,https://3dplanet.am/images/logo.png,no photo of this colour
pixel,Xiaomi Redmi Pad 2 Blue,Redmi Pad 2,128 GB / 256 GB,Blue,https://www.pixel.am/am/product/xiaomi-redmi-pad-2-9-7,"89,900 AMD",In Stock,https://cdn.storech.com/uploads/products/000/000/000/000/022/207/800_1785008944-blk-2-sides.png,no photo of this colour
pixel,Xiaomi Redmi Pad 2 Green,Redmi Pad 2,128 GB / 256 GB,Green,https://www.pixel.am/am/product/xiaomi-redmi-pad-2-9-7,"89,900 AMD",In Stock,https://cdn.storech.com/uploads/products/000/000/000/000/022/207/800_1785008944-blk-2-sides.png,no photo of this colour
pixel,Apple MacBook Air 15 M4 Midnight,MacBook Air 15 M4,512 GB,Midnight,https://www.pixel.am/am/product/macbook-air-15-m4,"717,900 AMD",In Stock,https://cdn.storech.com/uploads/products/000/000/000/000/022/074/800_1775252709-1751743886-silver-2.png,no photo of this colour
eldorado,ASUS Zenbook 14 UX3405CA OLED Jasper Gray,Zenbook 14 UX3405CA OLED,512 GB / 1 TB,Jasper Gray,https://eldorado.am/en/asus-zenbook-14-oled-um3402ya-kp290-90nb0w95-m00j70,"539,000 AMD",In Stock,https://eldorado.am/media/catalog/product/cache/681e1428580345c5767d232a095c7350/a/s/asus_zenbook_14_oled_7_.jpg,no photo of this colour
ibolit,Google Pixel 10 Frost,Pixel 10,128 GB / 256 GB,Frost,https://ibolit.mobi/product/google-pixel-10-12-256-frost/,"310,000 AMD",In Stock,https://ibolit.mobi/wp-content/uploads/2026/08/61yvbauglyl._ac_sl1500_.webp,no photo of this colour
ibolit,Google Pixel 10 Indigo,Pixel 10,128 GB / 256 GB,Indigo,https://ibolit.mobi/product/google-pixel-10-12-256-frost/,"310,000 AMD",In Stock,https://ibolit.mobi/wp-content/uploads/2026/08/61yvbauglyl._ac_sl1500_.webp,no photo of this colour
ibolit,Google Pixel 10 Lemongrass,Pixel 10,128 GB / 256 GB,Lemongrass,https://ibolit.mobi/product/google-pixel-10-12-256-frost/,"310,000 AMD",In Stock,https://ibolit.mobi/wp-content/uploads/2026/08/61yvbauglyl._ac_sl1500_.webp,no photo of this colour
ibolit,Google Pixel 10 Obsidian,Pixel 10,128 GB / 256 GB,Obsidian,https://ibolit.mobi/product/google-pixel-10-12-256-frost/,"310,000 AMD",In Stock,https://ibolit.mobi/wp-content/uploads/2026/08/61yvbauglyl._ac_sl1500_.webp,no photo of this colour
redstore,JBL PartyBox Ultimate Black,PartyBox Ultimate,,Black,https://redstore.am/en/product/jbl-partybox-ultimate-black,"559,900 AMD",In Stock,https://admin.redstore.am/storage/uploads/2025/10/26/img-8354.jpg,no photo of this colour
allsell,Lenovo LOQ 15IRX9 Luna Grey,LOQ 15IRX9,512 GB / 1 TB,Luna Grey,https://allsell.am/en/lenovo-loq-15irx9-core-i5-16gb-i-512gb-83dv00fmrk,"449,000 AMD",In Stock,https://allsell.am/media/catalog/product/cache/6517c62f5899ad6aa0ba23ceb3eeff97/8/3/83dv01gbrk_1.png,no photo of this colour
allsell,Samsung Galaxy S25 Edge Titanium Icyblue,Galaxy S25 Edge,256 GB / 512 GB,Titanium Icyblue,https://allsell.am/en/samsung-galaxy-s25-edge,"329,000 AMD",In Stock,https://allsell.am/media/catalog/product/cache/6517c62f5899ad6aa0ba23ceb3eeff97/i/m/img_4030_1.jpeg,no photo of this colour
allsell,Samsung Galaxy S25 Edge Titanium Silver,Galaxy S25 Edge,256 GB / 512 GB,Titanium Silver,https://allsell.am/en/samsung-galaxy-s25-edge,"329,000 AMD",In Stock,https://allsell.am/media/catalog/product/cache/6517c62f5899ad6aa0ba23ceb3eeff97/i/m/img_4030_1.jpeg,no photo of this colour
ucom,Samsung Galaxy Watch Ultra 2 Titanium White,Galaxy Watch Ultra 2,47mm,Titanium White,https://shop.ucom.am/am/samsung-galaxy-watch-ultra-2.html,"289,900 AMD",In Stock,https://shop.ucom.am/media/catalog/product/cache/9bb9d677791f8666003e194c8a94aeff/2/0/20f227051a9450579213new_project__32__2.webp,no photo of this colour
allsell,Sony PlayStation 5 Pro White,PlayStation 5 Pro,2 TB,White,https://allsell.am/en/playstation-5-pro,"529,000 AMD",In Stock,https://allsell.am/media/catalog/product/cache/6517c62f5899ad6aa0ba23ceb3eeff97/p/s/ps5pro-hero-1_1.png,no photo of this colour
planet3d,Xiaomi 15 Liquid Silver,15,256 GB / 512 GB,Liquid Silver,https://3dplanet.am/en/store/product/xiaomi-15,"329,000 AMD",In Stock,https://3dplanet.am/images/logo.png,no photo of this colour
ibolit,Xiaomi POCO X7 Pro Nebula Green,POCO X7 Pro,256 GB / 512 GB,Nebula Green,https://ibolit.mobi/product/xiaomi-poco-x7-pro-8gb-256gb-blackgb-yellow/,"155,000 AMD",In Stock,https://ibolit.mobi/wp-content/uploads/2025/04/nibl-161.jpg,no photo of this colour
ibolit,Xiaomi POCO X7 Pro Obsidian Black,POCO X7 Pro,256 GB / 512 GB,Obsidian Black,https://ibolit.mobi/product/xiaomi-poco-x7-pro-8gb-256gb-blackgb-yellow/,"155,000 AMD",In Stock,https://ibolit.mobi/wp-content/uploads/2025/04/nibl-161.jpg,no photo of this colour
mobilecentre,Xiaomi Redmi Note 17 Pro 5G Black,Redmi Note 17 Pro 5G,256 GB,Black,https://mobilecentre.am/product/xiaomi-redmi-note-17-pro/34541/,"135,900 AMD",In Stock,https://mobilecentre.am/img/prodpic/98c54d630cc36e5f9f531.jpg,no photo of this colour
mobilecentre,Xiaomi Redmi Note 17 Pro 5G Orange,Redmi Note 17 Pro 5G,256 GB,Orange,https://mobilecentre.am/product/xiaomi-redmi-note-17-pro/34541/,"135,900 AMD",In Stock,https://mobilecentre.am/img/prodpic/98c54d630cc36e5f9f531.jpg,no photo of this colour
mobilecentre,Xiaomi Redmi Note 17 Pro 5G Purple,Redmi Note 17 Pro 5G,256 GB,Purple,https://mobilecentre.am/product/xiaomi-redmi-note-17-pro/34541/,"135,900 AMD",In Stock,https://mobilecentre.am/img/prodpic/98c54d630cc36e5f9f531.jpg,no photo of this colour
ibolit,Yandex Station Lite Black,Station Lite,,Black,https://ibolit.mobi/product/yandex-smart-station-lite/,"51,900 AMD",In Stock,https://ibolit.mobi/wp-content/uploads/2025/10/176010-2.jpg,no photo of this colour
ibolit,Yandex Station Lite Purple,Station Lite,,Purple,https://ibolit.mobi/product/yandex-smart-station-lite/,"51,900 AMD",In Stock,https://ibolit.mobi/wp-content/uploads/2025/10/176010-2.jpg,no photo of this colour
ibolit,Yandex Station Lite Yellow,Station Lite,,Yellow,https://ibolit.mobi/product/yandex-smart-station-lite/,"51,900 AMD",In Stock,https://ibolit.mobi/wp-content/uploads/2025/10/176010-2.jpg,no photo of this colour
ibolit,Apple MacBook Pro 14 M4 Pro Silver,MacBook Pro 14 M4 Pro,512 GB / 1 TB,Silver,https://ibolit.mobi/product/macbook-pro-14-m4-pro-mx2e3-2024-silver/,"899,000 AMD",In Stock,https://ibolit.mobi/wp-content/uploads/2025/11/10.webp,no photo of this colour
ibolit,Apple MacBook Pro 14 M4 Pro Space Black,MacBook Pro 14 M4 Pro,512 GB / 1 TB,Space Black,https://ibolit.mobi/product/macbook-pro-14-m4-pro-mx2e3-2024-silver/,"899,000 AMD",In Stock,https://ibolit.mobi/wp-content/uploads/2025/11/10.webp,no photo of this colour
planet3d,Apple Watch Series 10 Jet Black,Watch Series 10,46mm,Jet Black,https://3dplanet.am/en/store/product/apple-watch-series-10,"189,000 AMD",In Stock,https://3dplanet.am/images/logo.png,no photo of this colour
planet3d,Apple Watch Series 10 Rose Gold,Watch Series 10,46mm,Rose Gold,https://3dplanet.am/en/store/product/apple-watch-series-10,"189,000 AMD",In Stock,https://3dplanet.am/images/logo.png,no photo of this colour
planet3d,Apple Watch Ultra 2 Blue,Watch Ultra 2,49mm,Blue,https://3dplanet.am/en/store/product/apple-watch-ultra-2,"406,500 AMD",In Stock,https://3dplanet.am/images/logo.png,no photo of this colour
notebookcentre,ASUS ROG Strix G16 G614 Eclipse Gray,ROG Strix G16 G614,1 TB,Eclipse Gray,https://notebookcentre.am/en/category/notebooks?sort=low&page=4,"899,000 AMD",In Stock,,no photo of this colour
redstore,Beats Studio Buds + Black/Gold,Studio Buds +,,Black/Gold,https://redstore.am/en/product/beats-studio-buds-transparent,"76,900 AMD",In Stock,https://admin.redstore.am/storage/uploads/2025/10/05/img-6067.jpg,no photo of this colour
redstore,Beats Studio Buds + Ivory,Studio Buds +,,Ivory,https://redstore.am/en/product/beats-studio-buds-transparent,"76,900 AMD",In Stock,https://admin.redstore.am/storage/uploads/2025/10/05/img-6067.jpg,no photo of this colour
redstore,Beats Studio Buds + Transparent,Studio Buds +,,Transparent,https://redstore.am/en/product/beats-studio-buds-transparent,"76,900 AMD",In Stock,https://admin.redstore.am/storage/uploads/2025/10/05/img-6067.jpg,no photo of this colour
planet3d,Dyson Supersonic Nural HD16 Ceramic,Supersonic Nural HD16,,Ceramic,https://3dplanet.am/en/store/product/dyson-supersonic-nural-hd16-diffuse-red-velvet,"246,000 AMD",In Stock,https://3dplanet.am/images/logo.png,no photo of this colour
planet3d,Dyson Supersonic Nural HD16 Strawberry,Supersonic Nural HD16,,Strawberry,https://3dplanet.am/en/store/product/dyson-supersonic-nural-hd16-diffuse-red-velvet,"246,000 AMD",In Stock,https://3dplanet.am/images/logo.png,no photo of this colour
ibolit,Google Pixel 10a Porcelain,Pixel 10a,128 GB / 256 GB,Porcelain,https://ibolit.mobi/product/google-pixel-10a-8-128-gb-obsidian/,"299,900 AMD",In Stock,https://ibolit.mobi/wp-content/uploads/2026/08/61-uqovhk0l._ac_sl1500__1_1.webp,no photo of this colour
redstore,Google Pixel 11 Pro XL Canyon,Pixel 11 Pro XL,256 GB,Canyon,https://redstore.am/en/product/google-pixel-11-pro-xl-12gb256gb-obsidian,"587,700 AMD",In Stock,https://admin.redstore.am/storage/products/61365/image/12-montaznaia-oblast-1.webp,no photo of this colour
redstore,JBL Wave Buds White,Wave Buds,,White,https://redstore.am/en/product/jbl-wave-buds-teal,"27,900 AMD",In Stock,https://admin.redstore.am/storage/uploads/2025/11/12/5678i9-montaznaia-oblast-1.jpg,no photo of this colour
mobilecentre,Lenovo IdeaPad Slim 3 15IRH8 Gray,IdeaPad Slim 3 15IRH8,512 GB,Gray,https://mobilecentre.am/product/lenovo-pc-notebook-ideapad-slim-3-15irh8-_-core-i5-13420h-_-8gb-ram-_-512gb-ssd-_-15.6-inch-fhd-_-dos-_arctic-grey_/34346/,"274,900 AMD",In Stock,https://mobilecentre.am/img/prodpic/e311de5f0f69bcab38f8New_Project_-_2026-08-06T155341.649.png,no photo of this colour
allsell,OnePlus Nord 6 Green,Nord 6,256 GB,Green,https://allsell.am/en/oneplus-nord-6,"216,700 AMD",In Stock,https://allsell.am/media/catalog/product/cache/6517c62f5899ad6aa0ba23ceb3eeff97/1/1/111_16__1.jpg,no photo of this colour
pixel,Samsung Galaxy A16 5G Gray,Galaxy A16 5G,128 GB / 256 GB,Gray,https://www.pixel.am/en/product/samsung-galaxy-a16,"85,000 AMD",In Stock,https://cdn.storech.com/uploads/store-media-files/000/000/000/000/002/072/1731699602-1.png,no photo of this colour
pixel,Samsung Galaxy A16 5G Light Gray,Galaxy A16 5G,128 GB / 256 GB,Light Gray,https://www.pixel.am/en/product/samsung-galaxy-a16,"85,000 AMD",In Stock,https://cdn.storech.com/uploads/store-media-files/000/000/000/000/002/072/1731699602-1.png,no photo of this colour
pixel,Samsung Galaxy A16 5G Light Green,Galaxy A16 5G,128 GB / 256 GB,Light Green,https://www.pixel.am/en/product/samsung-galaxy-a16,"85,000 AMD",In Stock,https://cdn.storech.com/uploads/store-media-files/000/000/000/000/002/072/1731699602-1.png,no photo of this colour
redstore,Samsung Galaxy A26 5G Awesome White,Galaxy A26 5G,128 GB / 256 GB,Awesome White,https://redstore.am/en/product/samsung-galaxy-a26-6gb128gb-black,"105,000 AMD",In Stock,https://admin.redstore.am/storage/uploads/2025/09/28/img-4547.jpg,no photo of this colour
ucom,Xiaomi Redmi Watch 5 Active Matte,Redmi Watch 5 Active,,Matte,https://shop.ucom.am/en/xiaomi-redmi-watch-5-active.html,"15,900 AMD",In Stock,https://shop.ucom.am/media/catalog/product/cache/6517c62f5899ad6aa0ba23ceb3eeff97/6/5/65465465.png?___store=en,no photo of this colour
redstore,Xiaomi Redmi Watch 5 Lite Silver,Redmi Watch 5 Lite,,Silver,https://redstore.am/en/product/xiaomi-redmi-watch-5-lite-light-gold,"34,900 AMD",In Stock,https://admin.redstore.am/storage/uploads/2025/10/15/img-7043.jpg,no photo of this colour
mobilecentre,Xiaomi Smart Band 10 Black,Smart Band 10,,Black,https://mobilecentre.am/product/xiaomi-smart-band-10-bhr07psgl-glacier-silver-/34376/,"24,900 AMD",In Stock,https://mobilecentre.am/img/prodpic/c32c925ab7427a9258f9New_Project_-_2026-08-27T101143.452.png,no photo of this colour
ibolit,Yandex Station Mini Black,Station Mini,,Black,https://ibolit.mobi/product/yandex-station-mini/,"51,900 AMD",In Stock,https://ibolit.mobi/wp-content/uploads/2025/10/176064.jpg,no photo of this colour
ibolit,Yandex Station Mini White,Station Mini,,White,https://ibolit.mobi/product/yandex-station-mini/,"51,900 AMD",In Stock,https://ibolit.mobi/wp-content/uploads/2025/10/176064.jpg,no photo of this colour
redstore,Acer Aspire AL15-72P Steel Gray,Aspire AL15-72P,512 GB,Steel Gray,https://redstore.am/en/product/acer-aspire-al15-72p-58x5,"289,900 AMD",In Stock,https://admin.redstore.am/storage/products/60831/image/bezymiannyi-7-montaznaia-oblast-1.webp,no photo of this colour
yerevanmobile,Amazon Kindle Paperwhite (12th gen) Black,Kindle Paperwhite (12th gen),16 GB / 32 GB,Black,https://www.yerevanmobile.am/en/electronics/tablets.html,"89,000 AMD",In Stock,,no photo of this colour
yerevanmobile,Amazon Kindle Paperwhite (12th gen) Jade,Kindle Paperwhite (12th gen),16 GB / 32 GB,Jade,https://www.yerevanmobile.am/en/electronics/tablets.html,"89,000 AMD",In Stock,,no photo of this colour
yerevanmobile,Amazon Kindle Paperwhite (12th gen) Raspberry,Kindle Paperwhite (12th gen),16 GB / 32 GB,Raspberry,https://www.yerevanmobile.am/en/electronics/tablets.html,"89,000 AMD",In Stock,,no photo of this colour
pixel,Apple iPad Air 11 (2025) M3 Blue,iPad Air 11 (2025) M3,128 GB,Blue,https://www.pixel.am/am/product/ipad-air-11-m3,"289,000 AMD",In Stock,https://cdn.storech.com/uploads/products/000/000/000/000/022/139/800_1776172804-1722527471-ipad-air-11-space-gray.png,no photo of this colour
pixel,Apple iPad Air 11 (2025) M3 Purple,iPad Air 11 (2025) M3,128 GB,Purple,https://www.pixel.am/am/product/ipad-air-11-m3,"289,000 AMD",In Stock,https://cdn.storech.com/uploads/products/000/000/000/000/022/139/800_1776172804-1722527471-ipad-air-11-space-gray.png,no photo of this colour
pixel,Apple iPad Air 11 (2025) M3 Starlight,iPad Air 11 (2025) M3,128 GB,Starlight,https://www.pixel.am/am/product/ipad-air-11-m3,"289,000 AMD",In Stock,https://cdn.storech.com/uploads/products/000/000/000/000/022/139/800_1776172804-1722527471-ipad-air-11-space-gray.png,no photo of this colour
ispace,Apple Mac mini M4 Silver,Mac mini M4,256 GB / 512 GB,Silver,https://ispace.am/product/mac-mini-apple-m4-16-gb-512-gb-ssd-mu9e3rua,"314,900 AMD",In Stock,https://prod-cdn.prod.asbis.io/s3size/el:t/f:webp/rt:fill/plain/s3://cms/product/bc/a6/bca6fe6b578e0693e807201962391337/250807140016594915.webp,no photo of this colour
pixel,Apple MacBook Air 13 M4 Midnight,MacBook Air 13 M4,256 GB / 512 GB,Midnight,https://www.pixel.am/am/product/macbook-air-13-m4,"469,000 AMD",In Stock,https://cdn.storech.com/uploads/products/000/000/000/000/022/075/800_1775253791-1743270611-macbook-air-13-silver.png,no photo of this colour
pixel,Apple MacBook Air 13 M4 Sky Blue,MacBook Air 13 M4,256 GB / 512 GB,Sky Blue,https://www.pixel.am/am/product/macbook-air-13-m4,"469,000 AMD",In Stock,https://cdn.storech.com/uploads/products/000/000/000/000/022/075/800_1775253791-1743270611-macbook-air-13-silver.png,no photo of this colour
pixel,ASUS VivoBook Go 15 E1504FA OLED Black,VivoBook Go 15 E1504FA OLED,512 GB,Black,https://www.pixel.am/am/product/asus-vivobook-e1504fa-l1834-oled,"277,000 AMD",In Stock,https://cdn.storech.com/uploads/products/000/000/000/000/020/452/800_1713273492-macbook1.png,no photo of this colour
pixel,ASUS VivoBook Go 15 E1504FA OLED Silver,VivoBook Go 15 E1504FA OLED,512 GB,Silver,https://www.pixel.am/am/product/asus-vivobook-e1504fa-l1834-oled,"277,000 AMD",In Stock,https://cdn.storech.com/uploads/products/000/000/000/000/020/452/800_1713273492-macbook1.png,no photo of this colour
allsell,Dyson Airstrait HT01 Ceramic,Airstrait HT01,,Ceramic,https://allsell.am/en/dyson-ht01-airstrait-straightener-jasper-plum,"189,000 AMD",In Stock,https://allsell.am/media/catalog/product/cache/6517c62f5899ad6aa0ba23ceb3eeff97/h/t/ht01jasperplum.png,no photo of this colour
allsell,Dyson Airstrait HT01 Ceramic Pink,Airstrait HT01,,Ceramic Pink,https://allsell.am/en/dyson-ht01-airstrait-straightener-jasper-plum,"189,000 AMD",In Stock,https://allsell.am/media/catalog/product/cache/6517c62f5899ad6aa0ba23ceb3eeff97/h/t/ht01jasperplum.png,no photo of this colour
allsell,Dyson Airstrait HT01 Jasper Plum,Airstrait HT01,,Jasper Plum,https://allsell.am/en/dyson-ht01-airstrait-straightener-jasper-plum,"189,000 AMD",In Stock,https://allsell.am/media/catalog/product/cache/6517c62f5899ad6aa0ba23ceb3eeff97/h/t/ht01jasperplum.png,no photo of this colour
allsell,Dyson Airstrait HT01 Prussian Blue,Airstrait HT01,,Prussian Blue,https://allsell.am/en/dyson-ht01-airstrait-straightener-jasper-plum,"189,000 AMD",In Stock,https://allsell.am/media/catalog/product/cache/6517c62f5899ad6aa0ba23ceb3eeff97/h/t/ht01jasperplum.png,no photo of this colour
allsell,Dyson Airstrait HT01 Red Velvet,Airstrait HT01,,Red Velvet,https://allsell.am/en/dyson-ht01-airstrait-straightener-jasper-plum,"189,000 AMD",In Stock,https://allsell.am/media/catalog/product/cache/6517c62f5899ad6aa0ba23ceb3eeff97/h/t/ht01jasperplum.png,no photo of this colour
allsell,Dyson Airstrait HT01 Strawberry,Airstrait HT01,,Strawberry,https://allsell.am/en/dyson-ht01-airstrait-straightener-jasper-plum,"189,000 AMD",In Stock,https://allsell.am/media/catalog/product/cache/6517c62f5899ad6aa0ba23ceb3eeff97/h/t/ht01jasperplum.png,no photo of this colour
ibolit,Dyson Airwrap HS08 Ceramic Patina,Airwrap HS08,,Ceramic Patina,https://ibolit.mobi/product/dyson-airwrap-hs08-red-velvet-gold/,"254,000 AMD",In Stock,https://ibolit.mobi/wp-content/uploads/2025/04/nibl_41.jpg,no photo of this colour
ibolit,Dyson Airwrap HS08 Red,Airwrap HS08,,Red,https://ibolit.mobi/product/dyson-airwrap-hs08-red-velvet-gold/,"254,000 AMD",In Stock,https://ibolit.mobi/wp-content/uploads/2025/04/nibl_41.jpg,no photo of this colour
ibolit,Dyson Airwrap HS08 Red Velvet,Airwrap HS08,,Red Velvet,https://ibolit.mobi/product/dyson-airwrap-hs08-red-velvet-gold/,"254,000 AMD",In Stock,https://ibolit.mobi/wp-content/uploads/2025/04/nibl_41.jpg,no photo of this colour
ibolit,Dyson Airwrap HS08 Strawberry,Airwrap HS08,,Strawberry,https://ibolit.mobi/product/dyson-airwrap-hs08-red-velvet-gold/,"254,000 AMD",In Stock,https://ibolit.mobi/wp-content/uploads/2025/04/nibl_41.jpg,no photo of this colour
ibolit,Dyson Airwrap HS08 Strawberry Bronze,Airwrap HS08,,Strawberry Bronze,https://ibolit.mobi/product/dyson-airwrap-hs08-red-velvet-gold/,"254,000 AMD",In Stock,https://ibolit.mobi/wp-content/uploads/2025/04/nibl_41.jpg,no photo of this colour
ibolit,Dyson Airwrap HS08 Vinca,Airwrap HS08,,Vinca,https://ibolit.mobi/product/dyson-airwrap-hs08-red-velvet-gold/,"254,000 AMD",In Stock,https://ibolit.mobi/wp-content/uploads/2025/04/nibl_41.jpg,no photo of this colour
ibolit,Dyson Airwrap HS08 Vinca Blue,Airwrap HS08,,Vinca Blue,https://ibolit.mobi/product/dyson-airwrap-hs08-red-velvet-gold/,"254,000 AMD",In Stock,https://ibolit.mobi/wp-content/uploads/2025/04/nibl_41.jpg,no photo of this colour
planet3d,Dyson Gen5detect Absolute Prussian Blue/Copper,Gen5detect Absolute,,Prussian Blue/Copper,https://3dplanet.am/en/store/product/dyson-gen5detect-absolute-ironpurple,"435,000 AMD",In Stock,https://3dplanet.am/images/logo.png,no photo of this colour
eldorado,Honor Choice Watch 2i Black,Choice Watch 2i,,Black,https://eldorado.am/en/smart-watch-honor-choice-infowear-watch-2i-kch-wb01-5504acgm-black,"19,900 AMD",In Stock,https://eldorado.am/media/catalog/product/cache/681e1428580345c5767d232a095c7350/s/m/smart-watch-honor-choice-infowear-watch-2i-kch-wb01-_5504acgm_-black_-smart-jamacuyc-smart-chasy-1-eldorado-armenia.png,no photo of this colour
eldorado,Honor Choice Watch 2i White,Choice Watch 2i,,White,https://eldorado.am/en/smart-watch-honor-choice-infowear-watch-2i-kch-wb01-5504acgm-black,"19,900 AMD",In Stock,https://eldorado.am/media/catalog/product/cache/681e1428580345c5767d232a095c7350/s/m/smart-watch-honor-choice-infowear-watch-2i-kch-wb01-_5504acgm_-black_-smart-jamacuyc-smart-chasy-1-eldorado-armenia.png,no photo of this colour
redstore,Honor X9c Moonlight White,X9c,256 GB / 512 GB,Moonlight White,https://redstore.am/en/product/honor-x9c-8gb256gb-jade-cyan,"145,000 AMD",In Stock,https://admin.redstore.am/storage/uploads/2025/10/14/img-5481.jpg,no photo of this colour
redstore,Honor X9c Titanium Black,X9c,256 GB / 512 GB,Titanium Black,https://redstore.am/en/product/honor-x9c-8gb256gb-jade-cyan,"145,000 AMD",In Stock,https://admin.redstore.am/storage/uploads/2025/10/14/img-5481.jpg,no photo of this colour
redstore,HP OmniBook Ultra Flip 14 Gray,OmniBook Ultra Flip 14,512 GB,Gray,https://redstore.am/en/product/hp-omnibook-ultra-flip-14-fh0013dx,"759,000 AMD",In Stock,https://admin.redstore.am/storage/uploads/2025/11/14/img-8976.jpg,no photo of this colour
redstore,JBL PartyBox On-The-Go Black,PartyBox On-The-Go,,Black,https://redstore.am/en/product/jbl-partybox-on-the-go,"149,900 AMD",In Stock,https://admin.redstore.am/storage/uploads/2025/10/26/img-8351.jpg,no photo of this colour
planet3d,Lenovo Legion Pro 5 16IAX10 Eclipse Black,Legion Pro 5 16IAX10,1 TB,Eclipse Black,https://3dplanet.am/en/store/product/lenovo-legion-pro-5-16iax10-161tb-rtx5060,"799,000 AMD",In Stock,https://3dplanet.am/images/logo.png,no photo of this colour
zigzag,Nothing Phone (3) White,Phone (3),256 GB / 512 GB,White,https://www.zigzag.am/en/nothing-phone-3-16-512-black-6974434226173.html,"379,000 AMD",In Stock,https://www.zigzag.am/media/catalog/product/cache/6e22448b5f90615b7a8022ae7c490765/w/o/woki6_sq1_0000000004_black_slf.jpg,no photo of this colour
ucom,Samsung Galaxy A06 Black,Galaxy A06,64 GB / 128 GB,Black,https://shop.ucom.am/am/samsung-galaxy-a06-4gb.html,"47,000 AMD",In Stock,https://shop.ucom.am/media/catalog/product/cache/6517c62f5899ad6aa0ba23ceb3eeff97/1/s/1samsung_galaxy_a06_black.png?___store=am,no photo of this colour
ucom,Samsung Galaxy A06 Gold,Galaxy A06,64 GB / 128 GB,Gold,https://shop.ucom.am/am/samsung-galaxy-a06-4gb.html,"47,000 AMD",In Stock,https://shop.ucom.am/media/catalog/product/cache/6517c62f5899ad6aa0ba23ceb3eeff97/1/s/1samsung_galaxy_a06_black.png?___store=am,no photo of this colour
ucom,Samsung Galaxy A06 Light Blue,Galaxy A06,64 GB / 128 GB,Light Blue,https://shop.ucom.am/am/samsung-galaxy-a06-4gb.html,"47,000 AMD",In Stock,https://shop.ucom.am/media/catalog/product/cache/6517c62f5899ad6aa0ba23ceb3eeff97/1/s/1samsung_galaxy_a06_black.png?___store=am,no photo of this colour
ibolit,Sonos Era 300 Black,Era 300,,Black,https://ibolit.mobi/product/sonos-era-300-white/,"219,900 AMD",In Stock,https://ibolit.mobi/wp-content/uploads/2025/03/note_1843.jpg,no photo of this colour
ibolit,Xiaomi 15T Pro Black,15T Pro,256 GB / 512 GB,Black,https://ibolit.mobi/product/xiaomi-15t-pro-12gb-512gb-black/,"299,000 AMD",In Stock,https://ibolit.mobi/wp-content/uploads/2026/03/4.jpg,no photo of this colour
ibolit,Xiaomi 15T Pro Gray,15T Pro,256 GB / 512 GB,Gray,https://ibolit.mobi/product/xiaomi-15t-pro-12gb-512gb-black/,"299,000 AMD",In Stock,https://ibolit.mobi/wp-content/uploads/2026/03/4.jpg,no photo of this colour
ibolit,Xiaomi POCO C75 Gold,POCO C75,128 GB / 256 GB,Gold,https://ibolit.mobi/product/xiaomi-poco-c75-8gb-256gb-green/,"62,900 AMD",In Stock,https://ibolit.mobi/wp-content/uploads/2025/04/nibl-102.jpg,no photo of this colour
pixel,Xiaomi Redmi Buds 6 Lite White,Redmi Buds 6 Lite,,White,https://www.pixel.am/am/product/xiaomi-buds-6-lite-black-1088,"19,900 AMD",In Stock,https://cdn.storech.com/uploads/products/000/000/000/000/022/203/800_1784227661-buds-8-lite-blk-1.png,no photo of this colour
redstore,Xiaomi Redmi Buds 8 Lite Black,Redmi Buds 8 Lite,,Black,https://redstore.am/en/product/xiaomi-redmi-buds-8-lite-black,"14,900 AMD",In Stock,https://admin.redstore.am/storage/products/60223/image/ser5r-montaznaia-oblast-1.webp,no photo of this colour
planet3d,Xiaomi Redmi Note 13 Pro+ 5G Aurora Purple,Redmi Note 13 Pro+ 5G,256 GB / 512 GB,Aurora Purple,https://3dplanet.am/en/store/product/xiaomi-redmi-note-13-pro-plus,"99,900 AMD",In Stock,https://3dplanet.am/images/logo.png,no photo of this colour
planet3d,Xiaomi Redmi Note 13 Pro+ 5G Midnight Black,Redmi Note 13 Pro+ 5G,256 GB / 512 GB,Midnight Black,https://3dplanet.am/en/store/product/xiaomi-redmi-note-13-pro-plus,"99,900 AMD",In Stock,https://3dplanet.am/images/logo.png,no photo of this colour
planet3d,Xiaomi Redmi Note 13 Pro+ 5G Moonlight White,Redmi Note 13 Pro+ 5G,256 GB / 512 GB,Moonlight White,https://3dplanet.am/en/store/product/xiaomi-redmi-note-13-pro-plus,"99,900 AMD",In Stock,https://3dplanet.am/images/logo.png,no photo of this colour
eldorado,Yandex Station 2 Black,Station 2,,Black,https://eldorado.am/en/jandeks-yndx-00051-black,"119,900 AMD",In Stock,https://eldorado.am/media/catalog/product/cache/681e1428580345c5767d232a095c7350/_/y/_yndx-00051_black_3.jpg,no photo of this colour
eldorado,Yandex Station 2 Blue,Station 2,,Blue,https://eldorado.am/en/jandeks-yndx-00051-black,"119,900 AMD",In Stock,https://eldorado.am/media/catalog/product/cache/681e1428580345c5767d232a095c7350/_/y/_yndx-00051_black_3.jpg,no photo of this colour
eldorado,Yandex Station Max Blue,Station Max,,Blue,https://eldorado.am/en/jandeks-stancija-maks-blue-yndx-0008,"149,900 AMD",In Stock,https://eldorado.am/media/catalog/product/cache/681e1428580345c5767d232a095c7350/_/b/_blue_yndx-0008_.jpg,no photo of this colour
eldorado,Yandex Station Max Graphite,Station Max,,Graphite,https://eldorado.am/en/jandeks-stancija-maks-blue-yndx-0008,"149,900 AMD",In Stock,https://eldorado.am/media/catalog/product/cache/681e1428580345c5767d232a095c7350/_/b/_blue_yndx-0008_.jpg,no photo of this colour
ibolit,Amazon Kindle (11th gen) Black,Kindle (11th gen),16 GB,Black,https://ibolit.mobi/product/amazon-kindle-11th-gen-16gb-2022/,"84,000 AMD",In Stock,https://ibolit.mobi/wp-content/uploads/2025/03/note_545.jpg,no photo of this colour
yerevanmobile,Amazon Kindle Paperwhite Kids (11th gen) Black,Kindle Paperwhite Kids (11th gen),16 GB,Black,https://www.yerevanmobile.am/en/electronics.html,"75,000 AMD",In Stock,,no photo of this colour
allsell,Apple iMac 24 M4 Blue,iMac 24 M4,256 GB / 512 GB,Blue,https://allsell.am/en/apple-imac-24-m4-silver-mwuv3-16gb-i-512gb,"747,900 AMD",In Stock,https://allsell.am/media/catalog/product/cache/6517c62f5899ad6aa0ba23ceb3eeff97/b/g/bgghv.jpg,no photo of this colour
allsell,Apple iMac 24 M4 Green,iMac 24 M4,256 GB / 512 GB,Green,https://allsell.am/en/apple-imac-24-m4-silver-mwuv3-16gb-i-512gb,"747,900 AMD",In Stock,https://allsell.am/media/catalog/product/cache/6517c62f5899ad6aa0ba23ceb3eeff97/b/g/bgghv.jpg,no photo of this colour
allsell,Apple iMac 24 M4 Orange,iMac 24 M4,256 GB / 512 GB,Orange,https://allsell.am/en/apple-imac-24-m4-silver-mwuv3-16gb-i-512gb,"747,900 AMD",In Stock,https://allsell.am/media/catalog/product/cache/6517c62f5899ad6aa0ba23ceb3eeff97/b/g/bgghv.jpg,no photo of this colour
allsell,Apple iMac 24 M4 Pink,iMac 24 M4,256 GB / 512 GB,Pink,https://allsell.am/en/apple-imac-24-m4-silver-mwuv3-16gb-i-512gb,"747,900 AMD",In Stock,https://allsell.am/media/catalog/product/cache/6517c62f5899ad6aa0ba23ceb3eeff97/b/g/bgghv.jpg,no photo of this colour
allsell,Apple iMac 24 M4 Purple,iMac 24 M4,256 GB / 512 GB,Purple,https://allsell.am/en/apple-imac-24-m4-silver-mwuv3-16gb-i-512gb,"747,900 AMD",In Stock,https://allsell.am/media/catalog/product/cache/6517c62f5899ad6aa0ba23ceb3eeff97/b/g/bgghv.jpg,no photo of this colour
allsell,Apple iMac 24 M4 Yellow,iMac 24 M4,256 GB / 512 GB,Yellow,https://allsell.am/en/apple-imac-24-m4-silver-mwuv3-16gb-i-512gb,"747,900 AMD",In Stock,https://allsell.am/media/catalog/product/cache/6517c62f5899ad6aa0ba23ceb3eeff97/b/g/bgghv.jpg,no photo of this colour
pixel,ASUS VivoBook 15 X1505VA OLED Silver,VivoBook 15 X1505VA OLED,512 GB,Silver,https://www.pixel.am/am/product/asus-vivobook-x1505va-ma144-oled,"399,600 AMD",In Stock,https://cdn.storech.com/uploads/products/000/000/000/000/020/457/800_1713355917-macbookg.png,no photo of this colour
eldorado,ASUS Vivobook 15X M1503 OLED Quiet Blue,Vivobook 15X M1503 OLED,512 GB,Quiet Blue,https://eldorado.am/en/asus-vivobook-15x-oled-m1503-m1503ia-l1018-90nb0y61-m00590,"214,900 AMD",In Stock,https://eldorado.am/media/catalog/product/cache/681e1428580345c5767d232a095c7350/a/s/asus_vivobook_15x_1_.jpg,no photo of this colour
zigzag,ASUS Vivobook 16 OLED (Core Ultra 7) Matte Gray,Vivobook 16 OLED (Core Ultra 7),1 TB,Matte Gray,https://www.zigzag.am/en/asus-vivobook-16-oled-ultra-7-255h-16gb-1tb-matte-gray-90nb16i2-m00640.html,"458,000 AMD",In Stock,https://www.zigzag.am/media/catalog/product/cache/6e22448b5f90615b7a8022ae7c490765/4/2/42730352.jpg,no photo of this colour
pixel,ASUS VivoBook Pro 16 K6602VV OLED Black,VivoBook Pro 16 K6602VV OLED,1 TB,Black,https://www.pixel.am/am/product/asus-vivobook-pro-k6602vv-es94-oled,"672,000 AMD",In Stock,https://cdn.storech.com/uploads/products/000/000/000/000/020/456/800_1713354340-macbook3.png,no photo of this colour
eldorado,ASUS Vivobook S 15 M3502QA OLED Indie Black,Vivobook S 15 M3502QA OLED,1 TB,Indie Black,https://eldorado.am/en/asus-vivobook-s-15-oled-m3502qa-ma153-16-gb-1-tb-90nb0xx1-m006s0,"329,900 AMD",In Stock,https://eldorado.am/media/catalog/product/cache/681e1428580345c5767d232a095c7350/v/i/vivobook_s_15_oled.jpg,no photo of this colour
pixel,ASUS ZenBook 14 UM3402YA OLED Gray,ZenBook 14 UM3402YA OLED,512 GB,Gray,https://www.pixel.am/am/product/asus-zenbook-um3402ya-ws51t-oled-touch,"355,000 AMD",In Stock,https://cdn.storech.com/uploads/products/000/000/000/000/020/460/800_1713426848-macbook{.png,no photo of this colour
ibolit,Bang & Olufsen Beosound Balance Black Oak,Beosound Balance,,Black Oak,https://ibolit.mobi/product/beosound-balance-home-audio-system-by-bang-olufsen-natural-oak/,"1,469,000 AMD",In Stock,https://ibolit.mobi/wp-content/uploads/2025/03/ispace_227.jpg,no photo of this colour
mobilecentre,Dell Inspiron 16 Ice Blue,Inspiron 16,512 GB,Ice Blue,https://mobilecentre.am/product/dell-pc-notebook-inspiron-16-_-core-5-120u-_-8gb-ram-_-512gb-ssd-_-16-inch-wuxga-touch-_-win11-_ice-blue_/34336/,"289,900 AMD",In Stock,https://mobilecentre.am/img/prodpic/aa554d99136c69e07e52New_Project_-_2026-08-07T150258.558.png,no photo of this colour
ibolit,Dyson Airwrap HS05 Blue,Airwrap HS05,,Blue,https://ibolit.mobi/product/dyson-airwrap-multi-styler-complete-long-hs05-prussian-blue-rich-copper/,"258,000 AMD",In Stock,https://ibolit.mobi/wp-content/uploads/2025/04/nibl_60.jpg,no photo of this colour
ibolit,Dyson Airwrap HS05 Blue/Copper,Airwrap HS05,,Blue/Copper,https://ibolit.mobi/product/dyson-airwrap-multi-styler-complete-long-hs05-prussian-blue-rich-copper/,"258,000 AMD",In Stock,https://ibolit.mobi/wp-content/uploads/2025/04/nibl_60.jpg,no photo of this colour
ibolit,Dyson Airwrap HS05 Complete Long Blue,Airwrap HS05 Complete Long,,Blue,https://ibolit.mobi/product/dyson-airwrap-multi-styler-complete-long-hs05-blue-blush/,"256,000 AMD",In Stock,https://ibolit.mobi/wp-content/uploads/2025/04/nibl_54.jpg,no photo of this colour
ibolit,Dyson Airwrap HS05 Complete Long Blue/Copper,Airwrap HS05 Complete Long,,Blue/Copper,https://ibolit.mobi/product/dyson-airwrap-multi-styler-complete-long-hs05-blue-blush/,"256,000 AMD",In Stock,https://ibolit.mobi/wp-content/uploads/2025/04/nibl_54.jpg,no photo of this colour
ibolit,Dyson Airwrap HS05 Complete Long Fuchsia,Airwrap HS05 Complete Long,,Fuchsia,https://ibolit.mobi/product/dyson-airwrap-multi-styler-complete-long-hs05-blue-blush/,"256,000 AMD",In Stock,https://ibolit.mobi/wp-content/uploads/2025/04/nibl_54.jpg,no photo of this colour
ibolit,Dyson Airwrap HS05 Complete Long Gold,Airwrap HS05 Complete Long,,Gold,https://ibolit.mobi/product/dyson-airwrap-multi-styler-complete-long-hs05-blue-blush/,"256,000 AMD",In Stock,https://ibolit.mobi/wp-content/uploads/2025/04/nibl_54.jpg,no photo of this colour
ibolit,Dyson Airwrap HS05 Complete Long Strawberry,Airwrap HS05 Complete Long,,Strawberry,https://ibolit.mobi/product/dyson-airwrap-multi-styler-complete-long-hs05-blue-blush/,"256,000 AMD",In Stock,https://ibolit.mobi/wp-content/uploads/2025/04/nibl_54.jpg,no photo of this colour
ibolit,Dyson Airwrap HS05 Fuchsia,Airwrap HS05,,Fuchsia,https://ibolit.mobi/product/dyson-airwrap-multi-styler-complete-long-hs05-prussian-blue-rich-copper/,"258,000 AMD",In Stock,https://ibolit.mobi/wp-content/uploads/2025/04/nibl_60.jpg,no photo of this colour
ibolit,Dyson Airwrap HS05 Prussian Blue,Airwrap HS05,,Prussian Blue,https://ibolit.mobi/product/dyson-airwrap-multi-styler-complete-long-hs05-prussian-blue-rich-copper/,"258,000 AMD",In Stock,https://ibolit.mobi/wp-content/uploads/2025/04/nibl_60.jpg,no photo of this colour
ibolit,Dyson Airwrap HS05 Strawberry,Airwrap HS05,,Strawberry,https://ibolit.mobi/product/dyson-airwrap-multi-styler-complete-long-hs05-prussian-blue-rich-copper/,"258,000 AMD",In Stock,https://ibolit.mobi/wp-content/uploads/2025/04/nibl_60.jpg,no photo of this colour
pixel,Dyson Supersonic HD07 Iron Fuchsia,Supersonic HD07,,Iron Fuchsia,,"192,000 AMD",In Stock,,no photo of this colour
ibolit,Dyson Supersonic HD15 Black,Supersonic HD15,,Black,https://ibolit.mobi/product/dyson-supersonic-hair-dryer-hd15-nickel-copper/,"203,000 AMD",In Stock,https://ibolit.mobi/wp-content/uploads/2025/04/nibl_57.jpg,no photo of this colour
ibolit,Dyson Supersonic HD15 Nickel,Supersonic HD15,,Nickel,https://ibolit.mobi/product/dyson-supersonic-hair-dryer-hd15-nickel-copper/,"203,000 AMD",In Stock,https://ibolit.mobi/wp-content/uploads/2025/04/nibl_57.jpg,no photo of this colour
ibolit,Google Pixel 10 Pro Moonstone,Pixel 10 Pro,128 GB / 256 GB / 512 GB / 1 TB,Moonstone,https://ibolit.mobi/product/google-pixel-10-pro-16-128gb-jade/,"423,000 AMD",In Stock,https://ibolit.mobi/wp-content/uploads/2026/08/0.webp,no photo of this colour
ibolit,Google Pixel 10 Pro Obsidian,Pixel 10 Pro,128 GB / 256 GB / 512 GB / 1 TB,Obsidian,https://ibolit.mobi/product/google-pixel-10-pro-16-128gb-jade/,"423,000 AMD",In Stock,https://ibolit.mobi/wp-content/uploads/2026/08/0.webp,no photo of this colour
redstore,Google Pixel 9a Iris,Pixel 9a,128 GB / 256 GB,Iris,https://redstore.am/en/product/google-pixel-9a-8gb256gb-obsidian,"219,000 AMD",In Stock,https://admin.redstore.am/storage/uploads/2025/10/27/img-8623.jpg,no photo of this colour
redstore,Google Pixel 9a Peony,Pixel 9a,128 GB / 256 GB,Peony,https://redstore.am/en/product/google-pixel-9a-8gb256gb-obsidian,"219,000 AMD",In Stock,https://admin.redstore.am/storage/uploads/2025/10/27/img-8623.jpg,no photo of this colour
yerevanmobile,Honor Magic7 Pro Black,Magic7 Pro,256 GB / 512 GB,Black,https://www.yerevanmobile.am/en/electronics/phones.html,"324,900 AMD",In Stock,,no photo of this colour
yerevanmobile,Honor Magic7 Pro Breeze Blue,Magic7 Pro,256 GB / 512 GB,Breeze Blue,https://www.yerevanmobile.am/en/electronics/phones.html,"324,900 AMD",In Stock,,no photo of this colour
yerevanmobile,Honor Magic7 Pro Lunar Grey,Magic7 Pro,256 GB / 512 GB,Lunar Grey,https://www.yerevanmobile.am/en/electronics/phones.html,"324,900 AMD",In Stock,,no photo of this colour
eldorado,Honor MagicBook X16 Plus Space Gray,MagicBook X16 Plus,1 TB,Space Gray,https://eldorado.am/en/honor-magicbook-x16-plus-2025-5301ambc,"369,900 AMD",In Stock,https://eldorado.am/media/catalog/product/cache/681e1428580345c5767d232a095c7350/n/o/notebook-noutbook-noutbuk-5301-ambc-_honor-_magicbook-_x16-_plus_-2025-_16_-notebook-eldorado-yerevan.jpg,no photo of this colour
zigzag,Honor Watch 5 Green,Watch 5,,Green,,"64,900 AMD",In Stock,,no photo of this colour
allsell,Honor X8c Titanium Purple,X8c,256 GB,Titanium Purple,https://allsell.am/en/honor-x8c,"109,900 AMD",In Stock,https://allsell.am/media/catalog/product/cache/6517c62f5899ad6aa0ba23ceb3eeff97/f/r/frame_1_30__1_1_1_1.jpg,no photo of this colour
ibolit,Honor X9b 5G Emerald Green,X9b 5G,256 GB,Emerald Green,https://ibolit.mobi/product/honor-x9b-256gb/,"149,900 AMD",In Stock,https://ibolit.mobi/wp-content/uploads/2025/03/note_1027.jpg,no photo of this colour
ibolit,Honor X9b 5G Midnight Black,X9b 5G,256 GB,Midnight Black,https://ibolit.mobi/product/honor-x9b-256gb/,"149,900 AMD",In Stock,https://ibolit.mobi/wp-content/uploads/2025/03/note_1027.jpg,no photo of this colour
ibolit,Honor X9b 5G Sunrise Orange,X9b 5G,256 GB,Sunrise Orange,https://ibolit.mobi/product/honor-x9b-256gb/,"149,900 AMD",In Stock,https://ibolit.mobi/wp-content/uploads/2025/03/note_1027.jpg,no photo of this colour
vlv,HP Victus 15-fa2262ci Mica Silver,Victus 15-fa2262ci,512 GB,Mica Silver,https://vlv.am/en/Product/48132,"699,900 AMD",In Stock,https://vlv.am/public/uploads/images/01-08-2026/6a6e03e8d145a.webp,no photo of this colour
ibolit,JBL PartyBox 1000 Black,PartyBox 1000,,Black,https://ibolit.mobi/product/jbl-partybox-1000/,"429,900 AMD",In Stock,https://ibolit.mobi/wp-content/uploads/2025/03/red1776_1.jpg,no photo of this colour
mobilecentre,Lenovo IdeaPad 5 2-in-1 16IAL10 Gray,IdeaPad 5 2-in-1 16IAL10,512 GB,Gray,https://mobilecentre.am/product/lenovo-pc-notebook-ideapad-5-2-in-1-16ial10-_-ultra-7-255u-_-16gb-ram-_-512gb-ssd-_-16-inch-wuxga-touch-_-win11-_grey_/34345/,"499,900 AMD",In Stock,https://mobilecentre.am/img/prodpic/92d57f9adbc65f4cba43New_Project_-_2026-08-06T170956.548.png,no photo of this colour
redstore,Microsoft Surface Laptop 7 13.8 Platinum,Surface Laptop 7 13.8,512 GB,Platinum,https://redstore.am/en/product/microsoft-surface-laptop-7,"499,000 AMD",In Stock,https://admin.redstore.am/storage/products/59809/image/w3e4r5ty-montaznaia-oblast-1.jpg,no photo of this colour
zigzag,Nothing CMF Watch 3 Pro Dark,CMF Watch 3 Pro,,Dark,,"55,000 AMD",In Stock,,no photo of this colour
mobilecentre,Realme C75 Lightning Gold,C75,128 GB / 256 GB,Lightning Gold,https://mobilecentre.am/product/realme-c75/31557/,"75,000 AMD",In Stock,https://mobilecentre.am/img/prodpic/8e4e8c2fc16d35675cf5New_Project__23_.png,no photo of this colour
mobilecentre,Realme C75 Storm Black,C75,128 GB / 256 GB,Storm Black,https://mobilecentre.am/product/realme-c75/31557/,"75,000 AMD",In Stock,https://mobilecentre.am/img/prodpic/8e4e8c2fc16d35675cf5New_Project__23_.png,no photo of this colour
ucom,Samsung Galaxy A55 5G Awesome Iceblue,Galaxy A55 5G,128 GB / 256 GB,Awesome Iceblue,https://shop.ucom.am/am/samsung-galaxy-a55.html,"134,900 AMD",In Stock,https://shop.ucom.am/media/catalog/product/cache/6517c62f5899ad6aa0ba23ceb3eeff97/1/s/1samsung_galaxy_a55_128gb_blue_black.png?___store=am,no photo of this colour
ucom,Samsung Galaxy A55 5G Awesome Lemon,Galaxy A55 5G,128 GB / 256 GB,Awesome Lemon,https://shop.ucom.am/am/samsung-galaxy-a55.html,"134,900 AMD",In Stock,https://shop.ucom.am/media/catalog/product/cache/6517c62f5899ad6aa0ba23ceb3eeff97/1/s/1samsung_galaxy_a55_128gb_blue_black.png?___store=am,no photo of this colour
ucom,Samsung Galaxy A55 5G Awesome Lilac,Galaxy A55 5G,128 GB / 256 GB,Awesome Lilac,https://shop.ucom.am/am/samsung-galaxy-a55.html,"134,900 AMD",In Stock,https://shop.ucom.am/media/catalog/product/cache/6517c62f5899ad6aa0ba23ceb3eeff97/1/s/1samsung_galaxy_a55_128gb_blue_black.png?___store=am,no photo of this colour
ucom,Samsung Galaxy A55 5G Awesome Navy,Galaxy A55 5G,128 GB / 256 GB,Awesome Navy,https://shop.ucom.am/am/samsung-galaxy-a55.html,"134,900 AMD",In Stock,https://shop.ucom.am/media/catalog/product/cache/6517c62f5899ad6aa0ba23ceb3eeff97/1/s/1samsung_galaxy_a55_128gb_blue_black.png?___store=am,no photo of this colour
ibolit,Samsung Galaxy Tab S10 Ultra Moonstone Gray,Galaxy Tab S10 Ultra,256 GB,Moonstone Gray,https://ibolit.mobi/product/samsung-galaxy-tab-s10-ultra-12gb-256gbx920gray/,"479,000 AMD",In Stock,https://ibolit.mobi/wp-content/uploads/2025/09/78-1.jpg,no photo of this colour
ibolit,Samsung Galaxy Tab S10 Ultra Platinum Silver,Galaxy Tab S10 Ultra,256 GB,Platinum Silver,https://ibolit.mobi/product/samsung-galaxy-tab-s10-ultra-12gb-256gbx920gray/,"479,000 AMD",In Stock,https://ibolit.mobi/wp-content/uploads/2025/09/78-1.jpg,no photo of this colour
eldorado,Samsung Galaxy Watch 6 Classic Silver,Galaxy Watch 6 Classic,43mm,Silver,https://eldorado.am/en/samsung-galaxy-watch-6-classic-43mm-r950-silver,"148,900 AMD",In Stock,https://eldorado.am/media/catalog/product/cache/681e1428580345c5767d232a095c7350/s/a/samsung_galaxy_watch_6_classic.jpg,no photo of this colour
zigzag,Samsung Galaxy Watch 7 Ultra Gray,Galaxy Watch 7 Ultra,47mm,Gray,,"229,900 AMD",In Stock,,no photo of this colour
eldorado,Sonos Arc Black,Arc,,Black,https://eldorado.am/en/shopbrand/sonos,"429,900 AMD",In Stock,,no photo of this colour
eldorado,Sonos Arc White,Arc,,White,https://eldorado.am/en/shopbrand/sonos,"429,900 AMD",In Stock,,no photo of this colour
redstore,Xiaomi 15T Gray,15T,256 GB / 512 GB,Gray,https://redstore.am/en/product/xiaomi-15t-12gb512gb-rose-gold,"279,000 AMD",In Stock,https://admin.redstore.am/storage/uploads/2025/11/16/xcfvghjk-montaznaia-oblast-1.jpg,no photo of this colour
redstore,Xiaomi 15T Rose Gold,15T,256 GB / 512 GB,Rose Gold,https://redstore.am/en/product/xiaomi-15t-12gb512gb-rose-gold,"279,000 AMD",In Stock,https://admin.redstore.am/storage/uploads/2025/11/16/xcfvghjk-montaznaia-oblast-1.jpg,no photo of this colour
mobilecentre,Xiaomi Redmi 14C Dreamy Purple,Redmi 14C,128 GB / 256 GB,Dreamy Purple,https://mobilecentre.am/product/xiaomi-redmi-14c/31234/,"57,000 AMD",In Stock,https://mobilecentre.am/img/prodpic/43520f0d8055c5708c50New_Project__45_.png,no photo of this colour
eldorado,Xiaomi Redmi Buds 8 Active Black,Redmi Buds 8 Active,,Black,,"10,900 AMD",In Stock,,no photo of this colour
eldorado,Xiaomi Redmi Buds 8 Active White,Redmi Buds 8 Active,,White,,"10,900 AMD",In Stock,,no photo of this colour
ibolit,Xiaomi Redmi Note 13 Pro Forest Green,Redmi Note 13 Pro,256 GB,Forest Green,https://ibolit.mobi/product/xiaomi-redmi-note-13-pro-12gb-512gb-lavender-purple/,"84,900 AMD",In Stock,https://ibolit.mobi/wp-content/uploads/2025/04/nibl-138.jpg,no photo of this colour
ucom,Yandex Smart Lamp E14 White,Smart Lamp E14,,White,https://shop.ucom.am/en/yandex-smart-lamp-00017-e14.html,"5,900 AMD",In Stock,https://shop.ucom.am/media/catalog/product/cache/6517c62f5899ad6aa0ba23ceb3eeff97/1/y/1yandex_smart_lamp_00017_e14.png?___store=en,no photo of this colour
